,2330.TW,2317.TW,2454.TW,2308.TW,2382.TW,2303.TW,2412.TW,2881.TW,2882.TW,2886.TW,1301.TW,1303.TW,2002.TW,2912.TW,2207.TW,6505.TW
2021-01-04,0.01119446095195653,0.04104088612269363,0.00631306285627975,0.043396154759690164,0.0443896173169116,0.01756301842136687,0.004587103939316606,0.002162444165795252,0.0011892281709871,-0.001672188993639745,-0.017580091795456165,-0.005602193896575125,0.04208415771073293,0.013035418832727297,-0.006191916424704291,-0.008000045075486018
2021-01-05,0.012915040838159753,0.009615538871956986,-0.0062734581208367945,0.07775775005592322,-0.009445155397287075,0.012945048404205961,0.0,-0.016181305234360677,-0.013064130420149311,-0.013400334035436168,-0.006315996496095044,-0.0042254153324171595,-0.01923071861858927,-0.0036765754622243296,-0.020249109171956325,0.003024275269462695
2021-01-06,0.029143639881849204,0.019047656880699204,0.008838374921158687,0.060402669965543554,0.0,-0.015974438830790527,-0.004566158495693529,0.01315781064129129,0.00842360554241095,0.010186693387333134,0.028601670092203824,0.011315521084144464,0.007843151987501518,0.0,0.007949080715516033,0.005025089411379469
2021-01-07,0.02654867889905299,0.009345682667797117,0.04881098033809517,-0.018987193498408717,0.00834332246947711,0.03571421538046793,0.009174377150707569,0.0270562542280941,0.022672983980381645,0.008403434106716068,0.009268912753267466,0.016783139981282336,0.011673084755426055,0.007380085811923287,0.01734994384534727,0.03999996926671412
2021-01-08,0.006896623035262284,-0.004629488971910289,0.015513082132080802,0.009677287295787096,0.0035460973686136654,0.04493215403299855,0.009090805401278157,-0.001053686170940038,-0.005834335530366275,0.0016666974901535792,0.010204106378648437,0.023383862148962598,-0.003846161269273618,-0.007326019161849162,-0.009302275430446483,-0.01923079606682876
2021-01-11,0.011986222536429114,-0.032558352889705655,-0.005875478563209691,0.0031949539934472693,0.0,-0.0310001103937092,0.0,0.007383967460816709,-0.007042221488890443,-0.009983462965342582,-0.014141540420664733,-0.010752722665487657,-0.023166068049334188,-0.00922502422839322,-0.0031297576374318403,-0.009803935518013618
2021-01-12,0.02368885138436272,0.024038535238823933,0.04491730505527691,-0.004777113834030122,0.014134327999014262,0.03199186163612944,0.004504453589616819,0.011518235664702559,0.002364169885372469,0.0016807867294110768,0.004098464674917146,0.005434863815891644,0.009881532678855942,0.0018621835338965553,0.018838199527511756,0.009901004325989282
2021-01-13,-0.0214877938486967,0.08920195352705562,-0.026018130931425132,-0.02079993676941494,-0.005807434206991147,-0.0020000266885890072,0.004484337211832612,0.003105806342449613,0.00235836526738753,-0.0016779664257103866,-0.006122463827189062,0.002702553149105169,-0.009784843428757073,-0.009293678182727194,0.016949287796576673,0.0
2021-01-14,0.015202831718350795,-0.004310373414673441,-0.012775844830074545,-0.021241764119981354,-0.007009164718138727,-0.02304599515158101,-0.008928553042632847,-0.01754388713132682,-0.016470513141269905,-0.015125998227297877,-0.02977410611237319,-0.025606348813917656,-0.015810217883080457,-0.0018761586667938035,-0.02424251256360266,-0.028431304197027107
2021-01-15,0.00998329502329831,-0.012987019240414899,-0.0070588895134210405,-0.033389094782769524,-0.021176459163526618,0.018461576107265287,0.0,-0.013655581501295089,-0.014354116336265932,-0.005119464167259058,-0.014814947367912001,-0.011065042188588281,-0.026104467886950866,-0.0018796852545750475,-0.009316833694225646,-0.011099939947938786
2021-01-18,0.03294882436481861,0.008771907001280166,0.04146936380104549,0.015544184326566679,-0.00721153448674039,0.06747228287018148,0.0,0.006389768300983922,0.003640701214762343,-0.001715212668612076,0.0010742147805120617,0.0027971136373885486,0.0020619538013992855,-0.005649743180547118,0.0,0.012244880181124351
2021-01-19,0.031898150834950734,-0.004347774572458496,-0.007963684985576536,0.0017006569855158027,-0.016949204818801467,-0.016981261815855797,-0.018017980580600668,-0.0222222265056079,-0.01692869859706958,-0.013745788121274138,-0.017167424067445647,-0.03347271841639465,-0.034979395670152735,0.007575769457450532,-0.04545441367557845,-0.04032255149624264
2021-01-20,0.04018530769634543,0.0218340441670819,0.07110112113836475,0.015280042796399051,0.002463115700487961,0.036468527336769974,-0.0045871885753537844,0.0,0.0,0.0,-0.002183311770314722,0.0,0.006396503040094537,0.015037617392347213,0.008209952510481289,0.010504126512239198
2021-01-21,-0.035660986334260625,0.0384615567437967,-0.01820143601861801,-0.026755831854910483,0.012284942768562956,0.04629606488456339,0.0,0.0010821292608265143,-0.002460073191452694,-0.003484212603939718,-0.008752856246779683,-0.0014430905069630073,0.002118648163103698,-0.012962999510870432,-0.006514623047708223,-0.017671463522012543
2021-01-22,-0.024653665551370718,0.012345684663377376,-0.007633580622745106,0.015463707228729806,0.023058302856472812,0.012389546789576933,0.004608327844192184,0.024865022826638272,0.011097481015344579,0.008741160175706586,0.019867700672392852,0.01589612477772895,0.012685110342145034,0.003752452435385578,-0.0049179455983462406,0.014814853627074465
2021-01-25,-0.02527598048921731,-0.00813013521589101,-0.04285711583888585,-0.02199655222256036,-0.015421167118683798,-0.04195815628043731,-0.0045871885753537844,-0.01898738149779078,-0.012195067197815379,-0.005199317323453911,-0.014069396399241207,-0.01137983664692166,-0.010438527486300142,-0.0018693466849700746,-0.01482705868429035,-0.02294064774379101
2021-01-26,-0.0032417964246206354,0.008196776114032467,0.029850858338144715,-0.00519012352557735,0.013253066928396118,0.0,0.004608327844192184,0.006451604900292285,0.0,0.0,-0.0032929924450511017,-0.005755413994554259,-0.006329126106511929,0.009363429340066842,0.0016722935605471,0.0032017942147035683
2021-01-27,-0.022764187556017168,-0.03658538239578479,-0.031215223788041868,0.0,-0.015457779918481629,-0.06569329465598217,0.0,-0.012820497019191301,-0.009876617929674425,-0.005226318905909633,-0.018722512195102348,-0.020260523011380593,-0.0106157318162311,0.001855273689274517,-0.01502489739385926,-0.027659593984595054
2021-01-28,-0.016639049281755525,-0.05907173160802304,0.0069043535661204025,-0.01739148234046073,-0.025362427868419024,-0.023437612606787006,-0.009174207878633323,-0.014069126033429136,-0.0049873880752077104,-0.014010678810209232,-0.023568979009626623,-0.031019250760908057,-0.015021488637580682,-0.01111122816319321,-0.038983207066036196,-0.025164139231202642
2021-01-29,0.033840841630753626,0.013452921135546081,0.034285740136784204,0.008849559125159168,0.0223049491327576,0.01599991022929137,0.009259153275563481,0.00878156874958802,0.0,0.017761967150224267,0.012643603648204937,0.016768258536577818,0.010893367226812778,0.011236074753437464,0.015872994125226025,0.010100995583742778
2021-02-01,0.034369996442159545,0.030973411039602272,0.028729391458734987,0.0035088443814408343,0.025454531305671768,0.0354331488217523,0.0,0.02829147164886847,0.010024955700747684,0.001745233136934532,0.022701428370440757,0.03148437978520735,0.025861920644557168,0.00370360937059111,0.013888813068955841,0.015555596659746929
2021-02-02,-0.0031646430018058558,0.0,0.020408089697876663,-0.006992971958509897,0.01063835233372501,-0.011406804279545546,0.0,0.007407537336774128,0.0,0.0034842989066397045,0.004439624365229822,0.0,-0.0063024378556454375,-0.011070029074071841,-0.006849278190039221,0.003282177505278039
2021-02-03,-0.004761874201808514,-0.02145921176006782,-0.004210535278665883,0.010563477142357058,-0.011696018650507956,-0.001923005327900018,-0.009174207878633323,-0.010504293462534675,0.009925573673756904,0.0,0.0,0.0014534420041065754,-0.01902742440092997,0.003731315462006224,0.013793156232569936,-0.005452338032296722
2021-02-04,0.007974537708737683,-0.004385994154609607,0.004228338848558,-0.022648190066898,0.007100467692371604,0.01926778576826882,0.004629491218086645,-0.00424632199741104,-0.0024571698787596574,0.0,-0.007734724376396107,-0.005805534068042184,0.008620607442983097,-0.0037174445038498094,0.017006772548407545,0.007675363977189376
2021-02-05,0.04905095362045664,0.00440531584415127,0.03157905988112519,0.06773630061076052,0.04230327728884653,0.08884681877202039,0.0,0.042643913027633484,0.03325144466513286,0.02083337633485316,0.07126934923382788,0.021897796256284963,0.02564107562836493,0.0074626980968262036,0.0,0.04243736760181904
2021-02-17,-0.004525059337917581,-0.008771907001280277,-0.002040776543529854,0.021702769224600793,0.002254905283523234,0.010416717856769342,0.0,0.006135147956075393,0.0059593906448871525,-0.005102051132392482,-0.0031185108227148595,0.009999949191326518,0.01666669834614143,-0.01481483753378432,-0.010033452057329972,0.008350688830016884
2021-02-18,-0.012121540073909087,-0.026548684906788522,-0.014315000759784091,-0.019607910904328563,-0.007874011235061151,-0.017182098351287367,0.004608327844192184,-0.002032784825740097,-0.008293629543407843,-0.003418782140261145,-0.006256437394544956,-0.0070720434725281,0.008196736636133517,-0.0037594381870235116,-0.001689055029637787,0.0041408103527416085
2021-02-19,-0.0030670519188142897,0.00909096960820599,-0.013485437915871423,0.0033332882253800378,-0.010203960198593376,-0.006993099686841031,-0.0045871885753537844,-0.0030549553757884818,0.00477871861260204,-0.001715212668612076,0.018887576439015064,0.019942984427378407,-0.006097572282976804,0.0018868464149137676,0.005076176447410097,0.01237111623704168
2021-02-22,-0.013846164213075496,0.0045044507149611945,0.01472114937313762,0.006644655334431038,-0.006872964150369643,-0.01760569083190222,0.009216570662316403,0.01634335331226411,0.015457892590450717,0.015463862682731033,0.026776587111032812,0.030726324716216835,0.03476470446106372,-0.0018832929303996826,0.033669782671812865,0.04887985459587063
2021-02-23,-0.024960935627464598,-0.008968669511021043,-0.025906547699888316,-0.02970290341092885,-0.013840822315699053,-0.019713163595886818,0.0,0.005024986718540347,-0.001170898149558952,-0.008460225965893908,0.003009126212862423,0.0,-0.00988135236878751,0.0018868464149137676,-0.00488584678742654,-0.024271754534195944
2021-02-24,0.01599967568953442,0.05429867138068478,0.004255144627405061,0.0017006569855158027,0.017543849194052052,0.018281501693263813,0.009132569740113672,0.03400012131255825,0.02227428023643041,0.011945360033333907,0.0,0.016260087848595894,0.009979967948718027,0.009416193430694442,0.0114565653565315,0.01990035382352051
2021-02-25,-0.045669101829996395,-0.03862662890600288,-0.05084747771278009,-0.04753830349532495,-0.02298855085000373,-0.02692997829945909,-0.009049920708104398,-0.03481637808480764,-0.0378440309635506,-0.015177096618409602,-0.02500005941513206,-0.0306666891294487,-0.021739083397373404,-0.02238816146329259,-0.04368920212282312,-0.024390154520146368
2021-02-26,0.004950239628159325,0.0,0.0044642955756863945,0.026738031002316642,0.011764519701915388,-0.02767527279526727,0.0,0.00400811271556889,-0.0011918319384168763,0.015410990713452977,0.007179504679803328,0.015130772196770836,-0.004040411859910997,0.011450434917402053,0.0,-0.03000004097771458
2021-03-02,0.021346775223294534,0.031250043966180696,0.03333355005979732,0.0034720564664341147,-0.004651161137280702,-0.015180180296832102,0.0,0.017964109592593758,0.015512996943045199,0.0033726602915844506,0.028513214212643856,0.013550147186886186,0.016227212059703344,0.026415170476149052,0.03214872107231348,0.03092787860316326
2021-03-03,-0.033762156111742936,-0.008657986076279545,-0.035483872161680696,-0.02768164251880645,-0.004672716954460698,-0.054913340397516164,0.0,-0.007843146825822989,-0.004700217540890783,-0.005041943904617097,0.0049505976492965065,-0.018716668541484682,-0.0019960118006993044,0.0,-0.027868762685640425,-0.0020000539539909434
2021-03-04,0.0,0.004366760261688363,-0.015607755795587597,-0.02135226823384806,0.003521184669118771,-0.040774643409680844,0.004566326994844605,0.00395236404179089,0.004722413913602841,0.0033782734973974993,0.0,-0.006811899893468865,-0.002000003831949315,-0.005514664638405997,0.0050590565327748305,-0.008015992121986004
2021-03-05,-0.004991535390186597,-0.013043484919206039,-0.018119987135882143,-0.016363601176988873,-0.005848009325253978,-0.020191337812299648,0.0,0.025590722346468198,0.00822563685471489,0.006734048572849982,0.0,0.00823044686309049,0.006012035590065912,0.009242008121072898,-0.01510064979178094,0.03535345478270391
2021-03-08,-0.005016913857644134,0.013215865866327725,0.013840859642155978,-0.025878031205308405,0.0058824097121052965,0.00542284614886146,0.004545486567252288,0.03071021166572696,0.03263411107210379,0.023411308623329408,0.009852149760529283,0.0013605008181278855,0.023904428087839324,0.007326019161849162,0.01362860754107409,-0.009756028492840296
2021-03-09,0.0033613224584132517,0.004347855173373771,-0.01706475954362663,0.005692587336843191,0.002339060704733553,0.004315052486100868,0.0,0.005586528381178679,0.005643369614793725,0.0,0.01951215292532482,0.013586968789209175,0.0019455289178764712,0.014545477874074564,0.006722651876268859,0.0
2021-03-10,0.020100370922276012,0.012987019240414899,0.027777733511760827,0.062264274822230625,0.012835466473715806,0.045112950140015595,0.004524751636243218,0.025926043778526475,0.02693601119295508,0.004902132988792385,0.004784700713908796,0.028150177943265353,0.0019416626052966013,0.0,0.0016693781478394065,0.014778303578089735
2021-03-11,0.008210349231401404,0.0256410378291978,0.012387291462859773,0.001776114122134187,0.01958536166152136,0.009249553418781531,0.0,-0.009025240292406034,0.003278726365428364,-0.003252092506542237,0.0,0.006518757818515963,0.003875976530901104,0.003584267319017176,-0.004999849561830305,-0.014563085874009785
2021-03-12,-0.004886180806907947,0.008333311447946912,0.008898795370780865,-0.01595753303615155,0.004519771409094986,-0.019348218938513795,-0.004504370478550235,0.010928836044344914,0.01742900742476583,0.01141913766822844,-0.01904749136674133,-0.005181303806476745,-0.00965244028739265,-0.016071373003061162,-0.013400384206559868,-0.009852146312985477
2021-03-15,0.003273742629833043,0.016528959173728985,0.013230363041814686,0.016216305263111908,0.00674903785774994,0.0031153063305824347,0.0,-0.0018017083683002921,-0.005353139583275435,0.011290372968942197,-0.019417609277244008,0.006510575190788126,-0.00584796413696842,0.0072593428900893375,0.0,0.0
2021-03-16,-0.010647047559289469,0.024390179571948112,-0.011969441111458368,0.007092223463168068,-0.010055861341904171,-0.006211158023953667,0.0,-0.0162455202042896,-0.013993632934037659,0.0031899308952332284,0.0,-0.01164300115897865,0.005882363990626249,0.0,-0.008489105847429568,-0.022885678722671
2021-03-17,-0.0033115091944267983,0.02777781660339529,-0.005506643103773912,0.01408455610704551,0.03273147693402656,-0.019791613355835014,0.004524751636243218,-0.0018348785342718887,-0.007641833756639849,-0.0015899331744502199,-0.004950507146423644,0.0026177787586458834,-0.0077971965911196595,-0.00540530090693403,0.001712572924181588,0.0
2021-03-18,-0.01827203081450146,-0.0463320684404942,-0.019933454138103435,-0.017361229978165027,-0.02295069551949569,-0.021254051111009198,-0.009008907179233638,-0.012867648905347417,-0.018701943353470196,-0.01114638791323097,-0.03383092885072614,-0.02741512462114526,-0.013752570070235337,-0.010869614845699926,-0.01880356592140453,-0.024439883830397635
2021-03-19,0.003383669361065822,0.0526316302997516,-0.004519880365717044,0.014134446431085745,0.015659830558629517,0.04668834369821506,0.004545486567252288,0.003724314565112685,0.02242163961063648,0.006441182983649485,0.029866287454061835,0.02550335848712426,0.0019921265473807903,-0.005494398971929271,0.006968731835813147,0.005219258492623613
2021-03-22,0.0016863557175053057,0.003846108049098129,-0.0124857160076145,0.0034842729272634987,0.028634345165192032,0.006223939547142621,0.004524751636243218,0.011131824480348662,0.026315666466806498,0.003199900575763248,-0.004000100914316573,-0.006544538776441233,-0.001988165869371783,0.012891247792395921,-0.008650598867182557,-0.002076810518322314
2021-03-23,-0.030302961830232733,-0.019157073971507566,0.02758606500948768,-0.008680674216957174,0.003211880575825443,-0.027834904671764638,0.0,-0.0018348785342718887,-0.0064102272153266915,0.0015949259438283736,-0.00702803808993091,0.003952504832500647,-0.003984071347973184,0.0,0.010471211286722681,-0.007284097479836937
2021-03-24,-0.0017363595055284176,-0.01171875565741276,0.061521361973054356,-0.005253869512895082,-0.007470430249320703,0.031813462904072276,0.004504453589616819,0.016544151910336202,0.007526899307316093,0.006369387059493636,0.011122372531270575,0.003937005456142062,0.0,0.0072728044000014425,-0.005181382571791016,0.0020963135539566746
2021-03-25,0.026087194008121095,0.0,-0.006322503060145923,0.01408455610704551,0.010752571526751353,0.022610261897689332,0.0,0.0036165584996645794,0.01600851592703756,0.0,0.009999932358157437,0.010457673071088136,0.002000003831949426,0.0,0.02083334805132031,0.012552372993676508
2021-03-26,0.015254258880611271,0.015810308827529207,-0.0021209409012894476,0.0,0.04255316842336354,-0.00804020723383947,0.004484337211832612,0.007207271073145005,0.008403424629861211,0.006329231497826493,0.0049505976492965065,0.020698399660200817,0.019960118006993044,0.003610081321715475,-0.0017006080502661725,-0.002066171460481936
2021-03-29,-0.003338927715945794,0.007782080678143677,0.031881001201451875,0.015624787149825625,0.010204076327281264,0.02532941565804836,-0.004464317705818899,0.01610010330577394,0.0,0.0,-0.009852329874602828,0.0012675054543660469,0.009784664882994454,0.00719425578529953,0.0,0.0
2021-03-30,-0.01675034268911524,-0.04247103887841974,-0.0020596923497951947,-0.015384409033255109,-0.010101004902276167,-0.007905243367236525,0.0,0.0,-0.0010417122916196453,0.003144478469190304,0.004975136595694929,0.010126614971467163,0.003875976530901104,-0.028571408364749473,0.0017035050446587707,0.00207044936386791
2021-03-31,0.025553544663711625,-0.020161274950430852,-0.008255773753221729,0.02604143037212525,0.010204076327281264,0.005976175648332749,0.0,0.01760579000664575,0.0,0.0,-0.004950507146423644,-0.0025064202829334636,-0.003861011341555698,0.01286768319290088,-0.0068028096805623495,-0.001033085730240968
2021-04-01,0.01328915506043149,0.016460862025217793,0.03850130006494723,0.010152379201950001,0.0,0.01980194353057474,0.004484337211832612,-0.005190461719044914,0.001042798587726157,0.0031349323002149987,0.0,0.006281442782337443,0.042635741839912145,-0.0072595389225363904,0.006849404878375154,0.013443650166697019
2021-04-07,0.004918296105519193,-0.00809714502554515,0.022044179758659688,-0.005025172147775647,-0.0020200980455229445,0.048543846548856795,-0.008928553042632847,-0.010434875164807011,-0.007291885119782737,-0.0078124897199499665,0.0,0.0,0.04646831858563161,-0.0036564113379161656,0.0017007338767653923,0.0020407843260237257
2021-04-08,-0.0048942248584583625,-0.02040814782323208,-0.02058813107750357,0.0067341459657668246,-0.009109306103504244,-0.018518575721418795,0.009008990290300334,-0.00878721157024831,-0.008394404760343477,-0.006299173039483241,0.02487577393161211,0.027465846614621148,-0.007104728526089121,0.007339461299382677,-0.008489105847429568,-0.0020366280075080345
2021-04-09,-0.00819657342018787,0.004166617102703274,-0.03903909568919428,-0.026755831854910483,-0.005107353200027531,0.011320618678520189,-0.008928553042632847,0.02836872179324401,0.03280423692687062,0.0031695520767305307,0.0,0.03888203322266848,0.059033936856894176,-0.0072859860864731285,-0.005136831954193566,0.0020407843260237257
2021-04-12,0.0,0.016597544525551067,0.0010417808626235203,0.0034363793841620804,-0.01540040262121245,0.014925384394424812,0.009008990290300334,-0.00344809717650274,0.00409844120855718,0.006319075514541028,-0.009708849011383691,0.015204741354538642,0.02027030932002538,0.005504612490422334,0.001721097190385823,0.01832999980787342
2021-04-13,0.011570237116317106,-0.008163243996060165,0.004162070375703042,-0.0017124223936293426,0.0010427523135436711,-0.03124995354175375,0.008928553042632847,-0.012110832235507907,-0.009183680228315727,0.0015697322340879616,0.01960780096521364,-0.0034562187136348843,0.0910596990587571,-0.0018247382683547198,0.0017182036661198552,-0.008000045075486018
2021-04-14,0.011437788268067406,-0.00411525365076848,0.020725434343270344,0.013722059279099419,-0.0010416661137935268,0.007590042191518931,0.008849702740314491,0.05078800763949465,0.02574648358951892,0.0,0.03846163311469275,0.028901568986215542,0.0015173841902551555,-0.0018282714909443332,0.0034307033706515444,0.023185507988227938
2021-04-15,-0.0145395992340549,0.02066114151403098,-0.010152175170319744,0.003384280333029732,0.02085515253320902,0.01694938003341795,0.0,0.0,0.0010040602085938932,0.004702359627631436,0.009259196565229777,0.010112459041701438,0.06515149850015556,0.0036630425521981813,0.015384592035985856,0.0049260731564926274
2021-04-16,-0.011475400818304116,-0.01619429005109041,-0.012307717563525777,0.0050589532357487865,-0.0061288030217343525,0.011110976944308737,0.004385914867222063,0.029999963569803167,0.035105400258216735,0.012480420611782561,0.02293583559525958,0.013348259936105666,0.09957331506692157,0.003649607940466204,0.0033669222172025837,0.009803935518013729
2021-04-19,-0.0016585006673177638,0.004115177361840416,0.03634463042229763,0.03187922190648429,0.007194240836928545,-0.009157538659793851,0.004366762618133624,0.0,-0.0038759511622267206,0.0030817212574192343,-0.01793726237533788,0.0,0.009055584977711861,0.005454570568518946,0.01174477742479274,0.0
2021-04-20,-0.016611332346820995,-0.016393400275520387,-0.01001984654773802,-0.02113825810484249,-0.002040815265456297,-0.012938987859573259,-0.004347776908457668,-0.006472451529316747,-0.009727581536529084,-0.007680557476950511,-0.009132442199529467,-0.009879451601618516,-0.012820536814433736,-0.009041589318565801,-0.033167380177508754,-0.038834923291936274
2021-04-21,-0.0016887508696268316,-0.020833394483677603,-0.004048591106321053,-0.026577941299310903,-0.006134966128897634,0.026217199748403086,0.0,-0.004885839194896602,-0.003929445103877938,0.0015480163428565064,-0.004608221942765889,0.0,0.01038963008656002,0.001824803970233102,0.012007049353980559,0.02020196184260703
2021-04-22,0.01861211189659895,0.012765964160510901,0.051829088322090655,0.013651691156103096,0.004115224180223587,0.04014596890629485,-0.004366762618133513,0.003273152300657056,0.0039449465548027085,-0.0030911708189431675,-0.009259365839109246,-0.0022171207335186516,-0.02056564992266563,-0.0036428946699309517,0.0067796227593379665,0.01485146422648631
2021-04-23,0.01328915506043149,-0.012605048562322807,0.0338164781395891,0.0033670729828834123,0.012295179959933122,0.08421058979070972,0.0,0.045677009356162035,0.023575623735645257,0.010852606845241253,0.004672908772946238,0.0,0.04986892479176408,0.003656213871957359,0.023568891464696762,0.0
2021-04-26,0.0,0.00851069536434279,-0.0046727664141154035,0.013422866428226099,-0.014170134859854078,-0.021035633777507945,0.0,0.012480705067339892,0.015354922007357885,0.0,0.009302348519884873,0.019999985440791068,-0.022500041056596087,-0.0036428946699309517,0.0032893948275281026,0.004878097534465553
2021-04-27,-0.013114869525707062,-0.012658233788883089,0.014084434207487728,0.011589359835090018,0.002053387016161645,-0.008264489738628256,0.0,0.0030815038015472584,0.0018903506860132868,0.0,-0.02304153094839867,-0.0239651924787615,-0.023017829110516197,-0.0018282714909443332,0.0,0.0
2021-04-28,-0.0033220658076711373,-0.008546986202026208,0.09722212483697712,-0.009819946248644795,0.008196821443774427,-0.05499997851770655,0.0,-0.013824914019236356,-0.013207579418726523,0.0015338468595078592,0.0,-0.015625128941106126,0.02879574368026394,-0.007326019161849162,-0.009836073129447787,0.004854417213823625
2021-04-29,-0.020000062636163718,-0.030172533996638995,-0.06751054913602272,0.013223187098229339,-0.022358020372415188,-0.06525562390783302,-0.008772072506218032,0.07165115987427617,0.0057362974127244115,-0.00612561179687221,0.014150978784656099,-0.003401252622806994,-0.019084062947877567,0.0,-0.01986750383526703,-0.014492814589122105
2021-05-03,0.005102313920192003,-0.03555554859800447,-0.018099664501735502,-0.04893975568355735,-0.019750195681003224,0.03018860258868994,-0.004424728910041309,-0.020348840287840897,-0.017110371562020776,-0.010785871742263309,-0.004651174259942437,-0.011376521516450744,-0.059662773774280864,-0.00922502422839322,-0.008445837541650736,-0.009803935518013618
2021-05-04,-0.010152597833216093,0.01382497809586436,-0.07373256977345022,-0.02744417707494229,-0.0021211055295388137,-0.05128217946439151,-0.004444476152239418,0.03115727484131159,0.03675059936871272,-0.0015575070411895098,0.009345902973840747,0.012658255114978534,0.08275878211711629,-0.003724300020067406,-0.005110893256512261,0.029703012977967624
2021-05-05,0.0034188336181404377,0.022727171226743392,0.04975122077735694,-0.0017637047221474855,-0.011689470163483207,-0.009652346893151753,0.008928553042632847,0.0014388616167195778,0.014925304339503453,0.009360315458837087,0.046296236736968366,0.018181769837336326,0.04458600946980673,0.003738222281384873,0.010274234005898553,0.04326925010697957
2021-05-06,0.020442881461927298,0.04444449754154478,0.004739367032181807,0.037102695852934575,0.025806325070435454,0.05263168785040828,0.004424810550118563,0.01724126951198457,0.012867677669224697,0.007727888764708535,-0.07079647019900226,-0.011160672082567435,0.00487805746454506,0.009310917669482777,0.011864339828841608,-0.03225806959240318
2021-05-07,-0.016694414505659005,-0.03829781359552942,-0.07641511356295827,-0.020442998469172524,-0.009433957225506218,-0.027777863582128193,0.004405399133631915,0.08192094852982534,0.0562613495546338,0.012270015094578701,0.009523745683370777,0.004514528656629935,0.0922328409347084,0.003690142549774844,0.011725103812731508,0.023809597371182045
2021-05-10,-0.030560425822629522,-0.05309728778610057,-0.06945860351297262,-0.057391411143406845,-0.031746014629112196,-0.0666666859225018,0.004385914867222063,-0.023498744600864208,-0.027491366316469534,-0.01666667542333944,-0.033018778029781926,-0.03483119575831983,-0.06666659232549754,-0.009191173915653494,-0.03642376723910268,-0.03255822190400082
2021-05-11,-0.019264385351173807,-0.046729106356128036,-0.02524691632658671,-0.022140236499311183,-0.039344240385793317,-0.054081733388308795,-0.017467292184181415,-0.06417104659704775,-0.07597189385271741,-0.03389832319679542,-0.06634144479591653,-0.05937142141133267,-0.08690486806332232,-0.0333951936026925,-0.06872846445399428,-0.0605769994018337
2021-05-12,-0.02321413206277778,0.009804078370105884,-0.0168919989475933,-0.0018867025799503834,0.002275195603058444,0.025889987754315502,-0.013333346453800243,-0.020000003469542338,-0.022944448658836825,0.0015949259438283736,-0.014629084044164298,-0.022277326354797955,-0.04563236385510727,0.015355109982735815,-0.023985243756153407,-0.02763558141071143
2021-05-13,0.018281449520880066,0.014562932492574676,0.025200462932433165,0.007561398271497932,0.02497184294232091,-0.015772869321111216,0.022522517281284182,0.014577299987962755,0.007827753030467122,0.009554080589240455,0.012725375482423917,0.01772166505600481,-0.04781405372257752,0.02646503440245529,0.015122859730068772,0.017894771557761535
2021-05-14,-0.014362783417014247,-0.06028706198707812,0.02122916780643025,0.0,-0.02214849209667602,-0.06089738743343076,-0.008810554425983441,-0.05747124732149533,-0.05533979112221932,-0.018927406097050237,-0.02198958141404661,-0.031094696044136727,-0.09182213206453416,-0.016574726674820184,-0.035381762139349404,-0.013443561883096256
2021-05-17,0.04189436049490891,0.08961318380183214,0.08752734117264249,0.0300186744231834,0.019252537021845928,0.09897616456077052,0.008888870301560825,0.08841457855607415,0.09969167164947446,0.028938965908231973,0.04817989153385693,0.04364575174565344,0.09952603663586124,0.018726723831324454,0.04826263994401625,0.03773579165009311
2021-05-18,-0.008740984708263122,-0.01869162521702261,-0.05130792982288468,-0.0036429381255435045,-0.005555665638741325,0.0,-0.008810554425983441,-0.011204410808780985,0.014953384422659921,0.003124903004704249,0.006128717635861092,0.0061499805039366695,0.08620686377985387,0.0,-0.027624359452471103,-0.009090895764058082
2021-05-19,0.0,0.009523784301756155,-0.013785659585061394,0.027422244184049926,-0.012290497195660666,-0.03726715744627862,0.008888870301560825,-0.005665772080127862,-0.018416299252729917,0.0,-0.01725883209102108,-0.0036673650053377083,-0.07010577445033994,-0.012867683192900992,0.011363713591595381,-0.008154902862417934
2021-05-20,0.010581983653525029,0.033018912471667994,0.026881704510923976,0.02846973144733811,0.004525000069166785,0.0096774400433417,0.008810635706410164,0.025640905883649312,0.01688565851014423,0.012461136592017086,0.01342959491099771,0.01104282191310757,0.02987196856363683,-0.0018621835338965553,0.009363243339929106,0.00924964125637251
2021-05-21,-0.008726079118090313,0.0,-0.012565560326673886,-0.013840821259403224,-0.010135129319668978,0.03727376237879598,-0.013100529566047792,0.0,-0.005535208379846668,0.0030768276361492486,0.008155057629378293,-0.008495102622747885,-0.019337053126709525,-0.01305967128983554,-0.0074211090223151865,-0.007128241493815857
2021-05-24,0.02640832714415242,0.022830947025671344,0.009544051546474641,0.017544042353198952,0.0,0.06570846151610632,0.008849702740314491,-0.0013888169748531576,0.007421296678679079,0.003067617740867279,0.03640039949595342,0.031823762937464695,-0.02957745754914587,0.0,0.046728779388420794,0.020512848352161717
2021-05-25,0.003430562139311588,-0.004464232880976193,-0.0010503545579376716,0.0,-0.007963706311607033,-0.011560749374741941,-0.008772072506218032,-0.004172498749137055,0.0018415228703634323,0.0015290045018752085,-0.009756031873443649,-0.011862462319162215,0.011611118982702173,-0.01134213815485885,-0.007142752392290563,0.010050264621990879
2021-05-26,-0.005128135708949655,-0.017937172760070896,-0.01682442924644867,0.012069036100527564,0.0022935769095027148,-0.0136452086139629,-0.008849539460159872,0.0,0.0,0.013740485727077978,-0.004926209965819717,-0.014405641313452566,-0.0071736797437566,-0.00956036423464246,-0.021582747694175786,-0.032835940579938216
2021-05-27,0.013745594309056974,0.013698635934887404,0.027807589592594883,-0.006814565294966157,0.005720937727290876,0.03557299578615436,0.008928553042632847,0.0055865571216753285,0.02022058545253036,-0.0030120293167968937,0.0049505976492965065,0.01705240084068982,0.05635835740112771,0.011582995749368274,0.03676457137875522,0.016460999323713033
2021-05-28,0.011864398296902667,0.022522420585695535,0.03537965773776608,0.015437419093287774,0.020477803829330954,0.01145053521007755,0.004424810550118563,0.004166788241209085,0.007207261779063279,0.0,0.019704389578095283,0.010778322969704934,0.01094393362048196,0.009542120712674684,0.010638503016831224,0.012145730796881082
2021-05-31,0.0016751691637575394,0.00881063168830254,-0.018090446959175832,0.003378332821796448,0.0022295395299347653,-0.015094444350663094,0.0,0.00968179846578332,-0.0017889872082734737,-0.003021203876485745,-0.004830841077171799,0.007109000272024213,0.010825337039435778,0.007561380062121259,-0.008771945764906586,0.01999994194823773
2021-06-01,-0.005016766321913391,-0.021834125119962078,-0.01842374066241892,0.005050552041224066,-0.01668519821883996,-0.0038313719908086297,0.004405399133631915,0.0205480449003006,0.008960619839869288,0.0045454637570194745,0.029126014561010605,0.018823480962627093,0.05756376475927816,0.007504702218074311,0.01592911488876081,0.03921574207205469
2021-06-02,0.001680687054852248,-0.008928465761952276,0.022940476348575656,-0.005025172147775647,-0.00678721190921272,0.05769220114073881,0.0,-0.012080643244741895,-0.00888104021472269,-0.004524896006218859,0.0,0.003464309313732983,-0.017721551733795304,-0.007448801183311926,0.003484301470187745,0.0
2021-06-03,-0.0016778670853621058,0.009008901429922167,-0.004077393100010873,0.0,-0.007972892652457042,-0.036363480964252126,0.0,-0.009510871806954313,-0.014336852840987735,0.0,0.0,-0.010356832515284298,-0.01932993327009458,-0.011257019551662029,-0.013888877292899116,0.004716947321327547
2021-06-04,-0.005042173954775908,-0.013392864162667495,-0.004094086299238242,0.0,-0.0011478712259536117,-0.013207626885470392,0.0,0.0041153462996739165,-0.005454432395706754,0.0030303592094766962,0.004717079162092963,-0.00465101498258913,-0.019710884566812692,-0.005692693868357135,-0.014084560245821054,0.0
2021-06-07,-0.005067386226971005,0.0,-0.007194236969118251,0.0016837087907448645,-0.0034482738425370973,-0.001912071390699488,0.004385914867222063,0.006830495256526792,0.0018279678640398256,0.0,-0.02347423481719102,-0.007009450024907604,-0.0026809090789569057,0.003816834542843983,0.026785767368771696,0.00938976469316044
2021-06-08,-0.00509342329363538,-0.009049666719037841,0.0010351319508175028,-0.00840347601766378,-0.018454664830564016,-0.02873562884485592,-0.004366762618133513,-0.01085483102139162,-0.009123958058469439,-0.004531730984296267,-0.009615232494243897,-0.002352866300530665,-0.0295700081806618,0.00380232170999828,-0.012173910805716948,0.02325572530511133
2021-06-09,0.02218426692261688,0.00913231109078394,0.03205777716631886,0.0,0.0,0.015779104107392472,0.004385914867222063,0.012345705746784397,0.0073665375435769676,0.004552361059963372,0.02427172317360382,0.011792407796589188,0.0013851074475526026,0.0018939935073016834,0.01408449511731602,-0.00454549969996243
2021-06-10,0.005008279536883764,0.027149335690342502,-0.018035896237140414,0.005084792608715194,0.010575789385196765,0.005825124177710306,0.0,0.0,-0.00365646708834233,-0.006042332922539195,-0.0189573053193679,-0.008158575542010604,0.0,0.0,0.00868063661598395,-0.013698610913061682
2021-06-11,0.011628122156595921,-0.004405234178025186,0.009183626159873448,0.01854972531752508,0.012790693127521902,0.03667964028792414,0.0,-0.01084012244758259,-0.0036696192502261304,-0.004559279669949068,0.004830841077171799,-0.0035251523447179522,-0.008298960183427795,-0.009451929262682457,0.0034422580520077073,0.004629675740100758
2021-06-15,-0.006568091481415794,-0.013274342453394206,-0.004044584751383029,0.0033113263560475836,0.013777496669640676,-0.024208607299828544,0.004366762618133624,-0.005479500819804195,0.0,0.007633577971659866,0.0048077041393366216,0.0023584153364986093,-0.009762730602232317,0.0019085203381163929,0.015437372007739647,0.02764980765730929
2021-06-16,0.005808856701150278,0.013452921135546081,-0.00710641778289689,-0.011551110338982928,-0.007927630652643458,0.017175609889263477,-0.004347776908457668,-0.004132101118388687,-0.005524925460788865,-0.0030302841522811264,-0.009569313956141023,-0.001176433150265277,-0.0014084534190702547,-0.005714380159077326,-0.018580980065588837,-0.02690586564730779
2021-06-17,-0.004950374936834145,-0.013274342453394206,-0.013292657828534504,0.0,-0.006849195550774123,-0.02063789014627304,-0.008733686377365268,-0.0138312966268479,-0.007407373517697713,-0.004559279669949068,-0.014492788181939331,-0.03062417008920182,-0.012693895280511347,-0.003831320373275604,-0.00860593165058321,-0.036866331527497076
2021-06-18,-0.03316761073169572,-0.02690592540207759,-0.04870457006461304,-0.01836391670000359,0.0011491903484877053,-0.019156956786555046,0.0,-0.01823281023615253,-0.029850789434037073,-0.007633577971659866,-0.01960780096521364,-0.010935706891212593,-0.01999997262893416,0.009615381952320368,-0.00868063661598395,-0.009569390889484386
2021-06-21,-0.008576274077603196,0.0,-0.016339880309258925,0.006802511903786668,-0.010332830006250071,-0.003906301675717372,0.004405399133631915,0.010000001734771224,0.011538502026520403,0.0,0.019999956124210128,0.006142540467443336,0.05393582748727899,-0.005714380159077326,0.0052540417761690605,0.0241545810041075
2021-06-22,0.029411781709971052,0.02764987076218195,0.042081895342027886,0.0,0.009280856290660333,0.03921571153807646,0.004385914867222063,0.015558664593758209,0.02851707104668999,0.007692297726133557,0.014705917935601054,0.010989117733608778,-0.020746864142155874,0.007662847669717587,0.05923344723178681,0.03773582018450439
2021-06-23,-0.008403306598313676,0.013452921135546081,-0.012752327321683854,-0.020270112185037492,-0.002298966361203747,0.0,-0.004366762618133513,0.0013927700267772902,-0.005545350725301046,-0.004580237539176468,-0.004830841077171799,0.002415268630388878,0.011299456141830477,-0.0038023217099981688,-0.0049341226631595125,-0.00454549969996243
2021-06-24,0.0016951759811292266,0.0,-0.002152903381305138,0.017241261671534502,0.005760600763963231,-0.0018868174651927028,0.004385914867222063,0.013908160270904135,0.009293818539626963,0.009202549310008301,0.009708582774813346,0.0,-0.001396714338150029,0.0,0.023140489399491315,-0.0045661776497890605
2021-06-25,-0.001692307222572742,-0.013274342453394206,0.00863010066826253,0.006779569285026321,0.004581781549723329,-0.005671152825777681,-0.004366762618133513,0.0041153462996739165,0.0,-0.004559279669949068,-0.009615232494243897,0.0036144556575425923,0.04755247476869373,-0.0038167658317141973,-0.016155058826918256,-0.0045871232695393616
2021-06-28,0.008474520593131585,0.0,0.0,0.008417739890309583,-0.009122001541714053,0.007604664314553533,0.0,-0.00819687632662891,-0.011049761709153061,-0.006106832125267747,0.009708582774813346,0.0,0.008010574221084976,0.007662847669717587,0.003283993152956688,-0.004608340617342499
2021-06-29,0.0,0.004484251624524926,0.02887694943729069,0.011686097743449642,0.00690436660114524,0.001886626723435203,0.0,0.01790641269343185,0.0037242874419209926,0.009216532001612654,-0.009615232494243897,-0.0012003296608841252,0.04900665981000252,0.0,0.004909835491388792,-0.013888869127258396
2021-06-30,-0.0033613001744955406,0.0,-0.007276410757251606,-0.01815179307194592,0.008000112736696208,-0.0188323589077104,-0.0043860767150712965,-0.006765795579112721,0.0,-0.00608824218877535,0.009708582774813346,0.008413530224632204,-0.012626172155030368,-0.007604574970128453,0.0016287762602817946,-0.004694802186728686
2021-07-01,-0.008431760600842164,-0.004464232880976193,0.002094199982446865,0.005041948002847185,0.007936503351618995,0.009596960453176706,0.004405399133631915,-0.006812131551706124,0.0,-0.0030627679675421238,0.009615408278673243,0.007151253273730118,-0.003836382632557478,-0.0019156256994433685,-0.02113821597903509,0.03773582018450439
2021-07-02,0.005102371362069702,0.049327349786673524,0.0,0.016722295073699822,0.014623049092811202,0.034220508934779126,0.004385914867222063,0.01371746008398933,0.00556601744625751,0.006144354667741769,0.02380949479114247,0.023668659370767564,0.02439034959657249,-0.0038387429422982455,0.02823929401642067,0.05000003104372408
2021-07-05,0.0016916287165029686,-0.004273532712572692,0.002173808462971216,-0.0016447146931736212,-0.007760528643717901,-0.018382320147120268,-0.004366762618133513,-0.0027063839604601903,-0.0018450992522897058,0.0030534160626338736,-0.01395352277982742,-0.006936302979185682,-0.0050125404977989785,0.0019267678375871622,0.004846559481825663,-0.008658020496987828
2021-07-06,0.0033783341363815556,-0.012875542968667664,-0.005422957485771929,0.0,0.0,0.0037452736827010558,0.0,0.004070592527015027,-0.0018484203943547328,-0.0015220228472322406,-0.009433899622562913,0.0081487494347805,-0.041561789258661275,0.005769256867259598,-0.00482318363544465,-0.02183405397248228
2021-07-07,-0.010100878267286784,0.004347855173373771,0.0032716059963355804,-0.0065896969440819575,0.012290611056653855,-0.009328388822342215,0.0,0.010810742509738569,0.007407373517697824,0.0,-0.014285662052627934,-0.012701999148783338,0.018396821599332203,0.0,-0.027463737459511695,-0.026785751036295657
2021-07-08,-0.006802745057834292,-0.012987019240414899,-0.00108703911101804,-0.0215589190295018,-0.0011038646172022437,-0.016949094459552838,0.004385914867222063,-0.008021299652176017,-0.011029450723398337,0.0030487613788621193,0.0,0.009356864957634325,-0.018064492356173245,-0.0038241319253573547,0.010256521812069153,0.009174324860401928
2021-07-09,0.015411042186533441,0.008771907001280166,0.01741029256961002,0.015254377826145582,0.008839887626848508,0.019157150451578397,-0.008733686377365268,0.02560636798489635,0.03531609625945786,-0.003039494684855648,-0.004830841077171799,-0.0034764597958893972,-0.003942128957047819,-0.005758252626990257,0.010152271913444588,-0.027272687762532888
2021-07-12,0.023608681735806103,0.013043484919206039,-0.009625603723683818,0.025041621749197773,0.005476559819467486,0.013157879734892797,0.008810635706410164,0.0013141519750416997,0.00718129544405377,0.004573179825722251,0.0,0.010465219036076778,-0.03693926253515645,0.0096526470563294,0.018425358160124583,-0.0046729434269783265
2021-07-13,0.009884879002223679,-0.00429179461413276,0.004319625098851532,0.05211733515162842,-0.02069737598714083,0.001855406053997255,0.0,0.024934364693499855,0.016042793678074707,0.0,0.004854291387406784,0.003452133899541243,-0.016438385954619883,-0.0038241319253573547,0.0,-0.004694802186728686
2021-07-14,0.001631027018246023,0.030172374184488593,0.022580581459601623,-0.007740043863980417,-0.0055615060308498165,0.02037017120027218,0.0,0.01792573962003763,0.01929824203565289,-0.0030349574873672625,0.004830841077171799,0.008027589896212772,0.030640534373653994,-0.0019193714711490673,-0.008223832802385811,-0.004717027859288958
2021-07-15,-0.04071635266643048,0.0,0.006309192994115698,-0.003120082625987175,0.0223712353644685,-0.025408321818928048,0.004366762618133624,0.04276729261939516,0.02925984592831643,0.004566219341542999,0.0048077041393366216,0.012514141724435879,-0.017567602222925305,0.009615381952320368,0.0033169650130806527,-0.03317536196983051
2021-07-16,-0.011884675304634107,-0.025104614843087236,-0.03970749706050003,-0.03599378600454384,-0.007658639056572825,-0.020484162733227285,0.0,0.00120621006658439,-0.0016720712021560669,0.0030303592094766962,-0.019138715383958727,-0.012359473521152742,0.006877592902095664,0.005714242998591468,-0.02314044902026824,0.0
2021-07-19,-0.0017181329514749377,-0.017167337582800313,0.0010882220509489393,-0.008264421616757556,0.003307605639119915,-0.0038023321572767665,0.0,-0.01807223098676536,-0.03015093644242839,-0.009063461968592645,-0.009756031873443649,-0.021615529303782632,-0.015027290052311626,-0.011363688281468387,-0.01353652475468603,-0.019607787339710026
2021-07-20,0.006884590113245492,-0.017467364858273715,-0.008695683450326341,0.019999988831314264,-0.007692191401072912,-0.030534374708501066,0.0,0.0036810142285614855,0.006908515320542374,0.0030487613788621193,-0.01477835972634911,-0.00465101498258913,-0.026352276904601735,0.009578611317938579,0.012007053767185694,0.005000049514738425
2021-07-21,0.010256731897831939,0.018433244270271265,0.007675387075677165,-0.009803916201131413,-0.0033223697388994333,0.05690837846290053,0.008695714257408005,0.02811731086676028,0.030874727584486505,0.004559354955280481,0.019999956124210128,0.025700879398578236,0.002849073386692602,0.001897519076133447,0.03050831430102674,0.0
2021-07-22,-0.010152599407641572,0.0,0.015234028502794095,0.0033002913478845652,-0.0066665496639664035,0.013461401229176051,-0.00862075067287238,0.010701568613776136,0.00332785260370394,0.0015128122517258369,-0.004901883029612697,0.00227793832350609,0.031249929126176745,0.0037878506334325657,-0.006579018941463288,0.005905241757886204
2021-07-23,-0.008547067133788389,-0.004524861985277795,-0.010718130052898567,-0.016447286483193047,-0.03919260699058502,0.018975273899955347,0.0,-0.04268297386969244,-0.02768179015931027,-0.003021203876485745,-0.020689793673925427,-0.020454637309061052,-0.01377400584305688,0.003773624896563188,-0.021522997891665563,-0.0268656605502674
2021-07-26,0.0,0.013636369546801141,0.016251424291847005,-0.023411431952450545,-0.006180449918246511,-0.011173150744275051,0.004347937348950337,-0.02675154853724948,-0.02135218849810827,0.001515254661933696,0.003018116145606431,-0.0023202203802190624,-0.016759807502921054,0.007518808696173496,-0.0016920047680508699,0.0051124497706191985
2021-07-27,-0.0017239424389204894,-0.008968640425531582,-0.051172801348594366,0.0,-0.01741293888684159,-0.024482126937327875,0.004328954883836333,-0.01047118291422866,-0.0218182205003572,-0.0015129621389993186,0.003009126212862423,0.02033502195998227,0.0028408496305327713,0.005597040365823203,0.0,0.002034612763961885
2021-07-28,0.0069082553356920595,0.004524942886066086,0.04831465520126055,-0.0017123660991215095,-0.007594973002488792,0.054054079596507654,0.004310295807748554,0.002645439104616898,0.018587394283979153,0.0030303592094766962,0.019999956124210128,0.011723470224836774,0.028328602196560526,0.01669753000240881,0.0016948725004026777,0.005076203800858714
2021-07-29,-0.005145787373791344,-0.009009039482228531,-0.024651672521630252,-0.015437270163090044,-0.014030445164988192,0.058608059264912526,-0.012875549055504587,-0.01055406870905129,-0.009124019093170177,0.0,0.0020080164727789285,0.008110977699898214,0.001377350316045911,0.02372251731490871,-0.0016920047680508699,-0.01717175328068199
2021-07-30,0.01724149851285328,0.027272739093602505,0.02637363076916932,0.0,0.009055534985846547,-0.0051902955930129835,0.013043491165865673,0.019999989066179058,0.027624271123688038,-0.003021203876485745,0.022044095524801577,0.02068973883492431,0.024759334447544523,0.0071302009687492784,0.02542363587044072,0.024665844434055062
2021-08-02,0.006779457888045126,-0.013274341883960705,0.004282714989582104,0.0017421981092777816,-0.0076924056582095,0.03304354726010961,0.0042919552683235995,-0.0013071582149174477,-0.007168554523329207,0.0030303592094766962,-0.009804020228464938,-0.004504374354768803,-0.009395807866861228,0.019469137531698433,0.0033057020359474887,-0.01805404329616489
2021-08-03,0.0033671844489566727,0.004484280125156781,0.01279300190031929,-0.003478336267686677,-0.015503826944614052,0.01851837810734347,0.0042734554141119485,-0.0013088691139319097,-0.0036100311442820443,0.001510527107810633,0.004950501174394217,-0.001131214617380083,-0.002710217399057968,0.0017360980886043098,-0.004942393230767839,-0.00408576473655009
2021-08-04,0.0,0.0,0.011579044898166746,0.0017452386607728076,0.002624789441542319,0.04793398353763756,0.004255192191054524,0.0,0.0,0.0,-0.004926114439078311,-0.005662684642344207,-0.02173904958923567,-0.0017330892756255434,-0.021522997891665563,-0.005128267175799728
2021-08-05,-0.008388982534643152,0.004464261127708147,-0.026014479566649484,-0.0069687924371113485,0.00916221034987763,-0.020504822960941693,-0.0042371622513305285,-0.003931830260576197,-0.0018115974030966653,0.001508323574596071,0.01485150352318243,0.006833878453998299,-0.004166864663383452,-0.019097329006777408,-0.011844519986635271,-0.0020617932517895676
2021-08-06,0.006767871878151199,-0.004444420075928046,-0.016025797111568485,-0.012280500037385678,0.005188050653081255,-0.0032205234365546564,0.0,0.0013156036917674196,0.0018148852444925812,0.0,-0.009756109454847062,-0.001131214617380083,0.04463062541689666,-0.008849492105299728,0.015411066204410462,-0.0010330703503110827
2021-08-09,-0.006722375700692118,-0.03125006734584268,0.0010857691131023195,-0.012433542856265412,-0.005161273703672142,-0.033925740124919,0.004255192191054524,-0.001313875152765931,-0.005434792209289996,-0.004518006672674879,-0.019704369818249634,-0.014722753385483123,-0.017356568976608422,0.0,-0.00843173407687181,-0.002068365141969619
2021-08-10,-0.001692307222572742,0.0046084346556460876,-0.01301509796585254,0.007194341284754824,-0.009079026400226509,0.0016723176015029928,0.0,0.042105175540222195,0.02003646546044946,0.0,0.010050262976618596,0.009195451101981611,0.006793491735127333,0.014285672035385444,0.003401519832172628,0.00932653888287338
2021-08-11,-0.006779797716173763,0.0,-0.006593362238383249,-0.012500151824311967,-0.005235647477416339,0.0033388060668801955,0.0,-0.005050457986881196,0.0,-0.024467823361745245,0.0,0.0,0.025641199281260185,0.0017605503231574726,-0.013559467438243766,-0.005133532400941276
2021-08-12,-0.008532254275137041,0.0,0.006637123195834205,-0.009041486137367438,-0.030263247957369566,-0.04159721240232683,-0.0042371622513305285,-0.008883258447019426,-0.01785717395131181,0.011400736797256616,-0.006965164408520574,-0.015945232808129428,-0.0065791392881002775,-0.010544800675140631,-0.006872803414474493,-0.004128017230959791
2021-08-13,0.005163385069561377,-0.013761473156868487,-0.009890225173211253,0.01824820553055373,-0.006784303983909057,-0.008680613248916003,0.0,-0.02048658901994005,-0.012727210866492311,0.0,-0.0050100257754548405,-0.005787001082423471,-0.0026488910608506444,0.015985863674321754,-0.003460307252545758,-0.01036264508652951
2021-08-16,0.0,0.0,0.0,0.0,0.0,0.0,0.0,0.0,0.0,0.0,0.0,0.0,0.0,0.0,0.0,0.0
2021-08-17,-0.017123520078185295,-0.004651220034673775,0.012208759971206629,-0.04301078690833138,0.027322449510484903,0.017513080797571856,0.0,0.0196079091953818,0.0018415382620942111,0.012882445341078963,0.0020140830308807978,0.01164137079021077,-0.017264369233856103,0.010489431918114356,-0.022569441302258575,-0.011518287105909852
2021-08-18,-0.026132066442601798,-0.03738313852940445,-0.02631570353935342,0.0074906115589497,-0.003989412788303115,-0.04475037880884791,-0.0085106984358162,-0.01282058021338972,-0.011029431534788414,-0.004769521377806063,-0.028140664570006302,-0.033371694852541656,-0.0459459132899358,-0.008650454907284666,-0.04262866520621478,-0.03495769178452213
2021-08-19,-0.012522434292026263,0.014563025902958326,-0.016891963335565086,-0.022304945232542672,0.009345893193434929,0.003603592478446771,-0.004291796893590494,-0.006493503035770898,-0.0018587394283978709,0.0047923787306123344,-0.009307201333152548,-0.02499995396694954,-0.005665733362384406,-0.0017451876485151674,-0.011131712301267083,0.0021955096345487313
2021-08-20,0.025362347354393133,0.028708233433647257,0.04352805557148054,0.02661610691159977,0.003968241121588889,0.05206464757827334,-0.004310295807748665,0.032679797614053374,0.026070810841612557,-0.012718598688657212,0.022964518147521318,0.020756891626401153,0.015669481233793192,0.006993017557228365,0.030018680994202906,0.01642936640369652
2021-08-23,0.010600448441453914,0.013953493787063787,-0.002195374929101601,-0.007407382588105915,0.010540150465731424,-0.0034130422741897037,0.0,0.01772146398912633,0.012704196711447402,0.00966170108041764,0.011224539517455945,0.015550253293997285,0.009817755262724548,0.010416651039658609,-0.0018214479440562537,0.023706816923913854
2021-08-24,0.022727503753215528,-0.004587294409115539,0.002200205204446304,0.03544765716403231,0.003911455548112119,0.027397261422280605,-0.010738121232941378,0.0049750779839776715,0.003584235654174206,0.0031899241668915668,0.0040362954960277975,0.0035335473201494327,0.0,-0.0034364622570979275,0.031021905591140486,-0.004210488136466628
2021-08-25,0.015384469503533449,-0.00921645735103127,-0.025246902492698564,-0.0036036219869298725,-0.009090941385811568,0.020000102804800468,0.0,0.006188260746705865,0.0,0.0,-0.0060301039625769715,-0.007042210655708536,0.009722113984017122,-0.025862124620709914,-0.026548705223643165,0.0084565826137033
2021-08-26,0.0084175673259681,0.004651136876195006,0.009008947741600437,0.009041728495849943,0.006553058515372134,0.008169909153106003,0.0,0.02706019580875041,0.030357029881662223,0.01748804507516799,0.016177921487664504,0.02009476210156902,0.015130892631302961,0.00707965740924954,0.02363629328457595,0.009433988281130068
2021-08-27,0.010016897894652876,0.009259290682527732,0.017857114828923493,0.0017920335569752144,0.009114553717667562,0.017828145805236062,0.009090915696905677,0.015568909657224683,0.031195978770423904,0.014062415011937501,0.019900431675889063,0.015063635883467263,0.016259944495093714,0.003514975743066806,0.03019539231674795,0.022845288634569583
2021-08-30,0.014875779804169875,0.018348603537792885,-0.0120615039644133,-0.03220028111523032,0.011612865833262154,0.004777055540549524,0.009009095509086462,0.0023584338739182087,0.0016805971141646836,0.010785905424583131,0.0,0.022830907951828072,0.02553787648069128,0.0,0.005172408236285175,-0.007106599159718785
2021-08-31,-0.0016283711009845714,0.0,0.02885691043175509,0.005545097385877273,-0.0051019633662001684,0.01584789017024435,-0.013392825990005908,-0.009411814645825523,-0.00671134351291458,-0.0076219770876901904,-0.024390186556987548,-0.012276710916616973,-0.010485109110731528,-0.026269695982211294,-0.0017152229256436335,-0.011247406850998565
2021-09-01,-0.009788124575139778,0.004504479472931422,0.006472537829350644,-0.012867498060467164,-0.01153848543835545,-0.0015600576366718855,0.004524769043558141,-0.017814648352608486,-0.008445882084414102,-0.013824946564750529,-0.011999996072686314,-0.011299468135142043,-0.019867544508613832,0.001798483000667206,-0.020618472010327404,-0.00517069344164045
2021-09-02,0.021416907527418205,0.00896856025031334,-0.015005435274131118,0.013035228842313229,0.0038909757471454753,0.09375001912291592,0.0,0.025393014447389284,0.015332064876857787,0.014018755104981295,0.01720647956156318,0.005714354638530317,0.012162305707316134,0.0,0.0298245046429797,0.01559252898163832
2021-09-03,0.01774186193990146,-0.013333260227784138,-0.025027126785925558,0.005514765209966077,-0.0077518514708875275,-0.0014286369678767619,0.0,0.0014150326950881364,-0.00671134351291458,-0.0015360890722985188,-0.0119402945307584,-0.005681886325053176,0.037383069720163586,0.0035907670938613023,-0.00511084917749649,-0.011259006045161613
2021-09-06,-0.012678121248594798,-0.02252263897375406,0.00781244734404396,-0.007312529153181813,0.0013021415883240905,-0.02432038455536978,0.0,0.011658110249146647,0.0,-0.0015385248405253016,0.012084588071616498,0.0022857002631955226,-0.009008882032463195,-0.005545356749180219,-0.010273838951677439,-0.0031055401314276088
2021-09-07,-0.006420674546292804,-0.00921645735103127,0.009966802366205174,-0.0036831980698536215,-0.009102825521584923,-0.03519065077903594,0.0,-0.008963034335525921,-0.011824423163956599,0.0015408955466003071,0.0,-0.003420731627611806,-0.023376719089015507,0.016728708083830313,0.0017300603347425447,-0.006230517240361277
2021-09-08,0.0,-0.004651220034673775,-0.0120615039644133,-0.0036968761022238006,-0.002624600508092434,0.0258359362509073,-0.0045043877294000945,0.0,0.003418968408792189,-0.0061538816565909205,-0.013930328817041149,-0.004576735029163004,0.01994674169118449,-0.007312600634018174,-0.0207254275260087,0.003134745642013659
2021-09-09,0.0048467324774263965,0.009345826405888324,0.02663726109503317,-0.001855327935397888,-0.014473826117331279,0.010370338029402904,0.0,0.002584027681843626,0.008517822609792391,0.004643935042739633,0.0010089387724037113,0.010344973995600082,0.019556827242440677,0.011049606758672281,0.017636813229800374,0.0062499878442745516
2021-09-10,-0.011254136760218358,-0.013888894637047788,0.002162058032409986,-0.020446106378120943,0.004005391950171244,-0.02052779587656739,0.004524769043558141,0.04896916271506879,0.011824266292475905,-0.004622468598829421,0.013104963425717875,0.006825896174461166,0.024296611994814477,0.0036430760387873296,0.025996377878179766,0.007246465304409755
2021-09-13,-0.003251989228498786,0.00938970328208577,0.021574917869564114,0.0,0.0066489149550237325,-0.011976156735234222,0.0,-0.007371013478701283,-0.0016694520583306893,0.006191986408165873,0.014925390366713476,0.001129936532952458,-0.004993816485492575,0.009074377567743541,0.018580980558991822,0.007194244604316502
2021-09-14,-0.009788124575139778,0.009302190593911241,-0.012671510381560447,-0.020872875409153835,0.0026420629454682043,-0.006060587629556524,0.0,0.00742574877299651,-0.0050166537187351645,-0.0046154293845690475,0.0,0.003385880962645027,-0.015056412432095656,0.0,0.008292025029824401,-0.0071428571428571175
2021-09-15,-0.007033306442369547,-0.00921645735103127,0.001069600001981863,0.00775197724704868,0.001317582034956466,0.009146313478659573,0.004504467741971663,-0.00859960294730644,0.0033613503088598673,0.0,0.009803845214492402,0.017997846292591824,-0.019108159084313625,-0.0035970844288284454,0.0,0.0020555233795505057
2021-09-16,0.0,0.009302190593911241,0.004273298425154781,-0.015384628271560397,0.024999981056937015,-0.009063416628983134,-0.004484268499170718,-0.023543901862710048,-0.013400357938145646,-0.006182416161811699,-0.00970866298534434,-0.006629793596326761,-0.018181912215045504,0.003610070155973366,0.0016448729864790845,-0.018461587742505725
2021-09-17,-0.023333648981568755,-0.013824809614625178,-0.030850948204205086,-0.0234374872184534,0.006418402677779156,-0.015243930423779473,0.0,-0.02157366709092523,-0.035653712091481715,-0.0015552007122232592,-0.01960786544295734,-0.028921047225120566,-0.03968258623963328,-0.001798667557101119,-0.042693102760288926,-0.030302955057353587
2021-09-22,0.003412903023645164,-0.004672871429406866,0.004390840666233187,0.0059999966493942125,0.014030628796739553,0.009287897542581858,0.0,0.003890985012200421,0.012324047576498742,0.009345812245724394,0.024999939751438438,0.01832749326173655,-0.004132155420954464,0.009009103468228252,0.01543737629655273,0.018318912300635537
2021-09-23,0.01700692625851352,0.00938970328208577,0.005464443820608178,0.033797220142989026,-0.013836494084393136,0.027607429216205848,0.004504467741971663,0.0012921514355801467,0.005217400152254914,0.0,0.03414647017209482,0.026996769438887736,-0.004149426160036995,-0.0017856955074929681,0.01689195507720509,0.005290979631425774
2021-09-24,0.006689277997208309,0.0,0.042391288220925416,-0.007692346353142754,-0.002550951077808228,-0.010447802198605083,-0.004484268499170718,0.002580555618538316,0.015570960524951216,-0.0015432006651485697,0.05188668084170822,0.008762367530340542,-0.0013888423608924283,0.0017888899201867758,-0.0016610879065849238,0.016842041881720338
2021-09-27,-0.013289215718778946,-0.009302356910868781,-0.002085491702803588,-0.021317710159608372,-0.008951438902672249,-0.01508291059785094,0.0,-0.0025739134916159534,0.005110661924338622,0.0015455858142050527,0.02242155158673964,0.007600387008541265,-0.005563284525017087,-0.0017856955074929681,0.0016638517105396211,0.03209104992436029
2021-09-28,-0.023569009615724945,-0.014084512953472683,-0.04597713370700984,-0.01584172881155088,-0.010322609328758281,-0.035222093742259486,0.004504467741971663,-0.010322634725437263,-0.016949181888741394,-0.01080240465604021,-0.004386048359042882,-0.021551689062562662,-0.015384605647446148,0.0017888899201867758,-0.031561506232976044,0.023069320154480488
2021-09-29,0.0,0.0,-0.008762354666374095,0.014084545023446804,0.010430277003455668,0.01587304547523294,-0.00896845734456786,0.0,-0.001724140967738208,0.0,0.0,0.007709203207650672,0.031249915631803793,0.0,0.0034306924951275075,-0.02745098104474475
2021-09-30,-0.010344854087487754,-0.01904759877656048,-0.022099302065721638,-0.015873029591167542,-0.006451530208176126,-0.021875009561458048,0.0,-0.016949120771519444,-0.017271187639552488,0.0,-0.030836885924660717,-0.03606564973226645,-0.012396777926067082,-0.014285750731019453,-0.023931819836782275,-0.024193500090772257
2021-10-01,-0.0034846000243866637,0.0,0.007909551286077843,-0.03225809284461234,0.003896153350202658,-0.028753984116009712,0.004524769043558141,-0.013262563315434628,-0.005272417198617041,0.0015599794014136137,0.009090838275338076,-0.011337902631914698,-0.023709805013582996,0.0,0.0,0.006198334427220731
2021-10-04,0.0,-0.014563112694575997,-0.02802681142377217,0.020833439494025052,-0.0025874376110794906,0.0049341149117358984,-0.0045043877294000945,-0.008064522478108294,-0.0035334932433662702,-0.0015575496560334967,0.03603607950189058,0.019495399203481645,0.017142864900599353,0.010869577568030087,0.0017513326698523901,0.015400335799154119
2021-10-05,-0.0017480435265048166,0.014778331197239147,0.0046134834782025624,-0.0020407923238583425,0.005188050653081255,-0.019639796188330116,0.004524769043558141,0.012195059477034365,0.012411286646293318,0.006240211955274688,0.026086986892784658,0.012373685633633613,-0.015449365627973943,0.008960541917608866,0.003496541731938363,0.026289243897300807
2021-10-06,0.01576192155671552,0.038834909324457545,0.04592429961558464,0.016359793912408938,0.007742034398336317,0.04340562305187623,0.004504467741971663,0.0107094900850766,0.0,0.004651134898854714,0.0,0.007777627936702558,-0.015691858444750406,0.01243344816592895,0.02961685959568272,0.0049260844844309926
2021-10-07,-0.008620807328770241,0.009345826405888324,-0.001097687464550856,0.008048330703860573,0.00512143759341277,-0.022400088228055726,0.0,-0.0026489148885689984,0.0,-0.00462960199544582,0.0,0.006615274827769246,-0.037681140220110376,0.007017592336290734,-0.0101522719134447,-0.0049019371280010215
2021-10-08,0.0,-0.027777789274095577,-0.02527482797059022,-0.013972092998370877,-0.020381979793103966,-0.042553065339500984,0.0,-0.006640158550854425,-0.012259135007677502,0.006201513198472952,-0.004237368584956158,-0.02957285339235438,0.006023962132641669,-0.010453033377515242,0.006837557467405997,0.0049260844844309926
2021-10-12,-0.0069565018178334714,0.004761878409528686,-0.028184799527183335,-0.002024200056404135,0.006501804271278777,-0.035897408432185474,0.0,-0.004010698518186473,-0.003546270081143388,0.0015408955466003071,-0.01702114535664645,0.003385880962645027,-0.029939998468968443,0.0,0.0,0.009803874256002043
2021-10-13,0.00350267512705682,0.009478705514363917,-0.025522062248810595,-0.04462483343820112,0.019379969685025866,0.005319132315076303,-0.00896845734456786,-0.001342235348270715,0.007117533870562687,-0.0061538816565909205,-0.01298710431661343,-0.007873968202829262,0.010802385613244425,0.0052816960811650215,-0.003395622420409361,-0.019417382931364302
2021-10-14,0.047120600001509416,0.028169025906945366,0.02023805818955071,0.019108270739485844,-0.0063372364462136455,0.04232799710243662,0.004524769043558141,0.009408490272122316,0.03003538989843113,0.006191986408165873,0.004385970063315314,0.011337902631914698,0.013740550310141986,0.01576183900021544,0.018739249564072802,0.019801883689730237
2021-10-15,-0.016666781246236884,-0.018264820425118677,0.011668726775510452,0.03958343033221179,0.006377653142147333,-0.011844378173873404,0.0,0.0,0.006861155133548902,0.013846143016700285,0.004366817333219863,-0.007847485605922189,0.013554170371625984,-0.006896479216149665,0.0,0.019417547725665507
2021-10-18,0.01694927103892585,-0.004651220034673775,0.03575542726700309,0.038076174911014116,0.006337114800857968,0.020548050849816146,0.004504467741971663,-0.003994606451709903,-0.00511089923586483,-0.006069837814128287,-0.008695662297594886,0.00451964332619359,-0.00594360594360599,0.0,0.010033434361395699,-0.004761881668283174
2021-10-19,-0.0033336001928484515,0.004672954976481458,0.0033406426492550434,-0.017374571568805286,-0.012594538212554962,-0.01510070614635639,-0.004484268499170718,-0.006684473800753876,-0.0017122523883078555,0.004580197309781209,-0.004386048359042882,0.00224980754387083,0.002989639452066095,-0.0052083991849354305,0.009933764586455895,-0.004784665680074074
2021-10-20,-0.0033441939812741683,0.004651136876195006,0.013318538731618368,-0.005893840566330022,-0.006377469510396083,-0.011925089190059635,-0.0045043877294000945,0.006729456677608603,0.006861155133548902,0.0015197476874744265,0.0,0.00224475727202611,0.010432177593316716,-0.017452066625367246,0.003278724463270599,-0.004807750372689434
2021-10-21,0.006711388418967568,-0.004629603954519945,0.014238950920393734,-0.03557316676188749,0.005134833028447527,0.00517248248098201,0.00904961846172636,-0.009358320271992016,-0.006814400474749571,0.00303495469578019,-0.030836885924660717,-0.010078324821212847,-0.01769918828716799,0.02131434994417014,-0.009803911202900806,-0.019323660009789023
2021-10-22,-0.011666602723874209,0.004651136876195006,0.012958964633605463,-0.006147537466191011,-0.005108601214203645,0.018867949877814816,-0.004484268499170718,0.00944672575714911,0.0017151892251550116,0.0015128501275754047,0.013636297984428003,-0.0022626350785628357,0.0,-0.01391301965964109,0.00660061347087515,0.01970442155256036
2021-10-25,0.010117843487845057,0.009259290682527732,0.008528726729643665,0.008247463988761305,0.01668800713121632,0.006733903229326321,-0.0045043877294000945,0.00935824908332128,0.011986323289630008,0.010573954085240755,-0.013452850900804614,0.006802782841270449,0.013513536468983789,0.0,0.021311709011259117,0.0
2021-10-26,0.0,-0.0091743427759442,-0.004228388786501447,0.0,-0.007575672654740462,0.035117114215739376,0.0,-0.0066224282787145095,-0.006768044603002621,-0.002989518705115324,0.009090838275338076,-0.010135072829410618,0.004444496588389191,-0.005291011469071627,-0.01284122931066678,0.0048309765017662265
2021-10-27,-0.006677887555498141,0.0046295211810318815,-0.006369296420505766,0.03271986190297804,0.003816781309310846,-0.033925740124919,-0.004525010167388155,-0.006666719205801419,-0.01022156116020334,0.0014992413626548906,-0.027027059626417937,-0.02161554490050821,-0.0058997071805345636,0.0,0.009756203631027693,-0.019230838281036
2021-10-28,-0.00840325328776037,-0.013824809614625178,-0.024572835874848487,-0.029703017595057557,-0.011406867464222259,-0.030100325139211792,0.004545578958391472,-0.012080546986456886,0.0,0.0,-0.004629552723404595,-0.010465157858633223,-0.002967460858750104,-0.0035459387003740073,-0.0144929096686085,-0.019607831716966007
2021-10-29,0.0,-0.004672871429406866,0.009857637673531094,0.05102035513410552,0.006410112458750117,-0.006896446363917508,0.004524769043558141,-0.006793532227984733,-0.008605947031399386,-0.002993994005656808,-0.0046511681972949415,-0.0023501619411469,-0.005952383758277335,0.0017792165606520527,-0.0032680095603788706,0.015000012306013666
2021-11-01,0.003389538471808562,0.00938970328208577,0.006507728432214366,-0.02135923340742618,0.008917291915743863,0.024305394132188907,-0.0045043877294000945,-0.006839854299892645,-0.0034721480456662013,0.0,-0.00467290265350595,0.0011778491067164776,-0.005987891302182913,0.0017761803556481937,0.0049182045583204825,0.009852252583698373
2021-11-02,0.0,0.0,0.004310226480556789,-0.019841303609027916,-0.0012625616155456099,0.00338998633086085,0.0,0.0013773626823534446,0.003484245863130564,0.0030029849245198914,0.009389682378714959,-0.0035292831922223433,0.00903604542823544,-0.01063824857787743,-0.003262677945725656,-0.004878107749588079
2021-11-03,-0.008445389351677712,0.004651136876195006,-0.004291728160193298,0.026315889427834582,0.007585370837386085,-0.010135185980575945,0.004524769043558141,-0.0027510828177006452,0.005208423604802448,0.0014969970028284596,-0.01395342156199808,0.0047224133365773024,-0.007462706729113755,0.008960541917608866,0.0,-0.0049019371280010215
2021-11-04,0.02214635049737179,0.009259290682527732,0.012930857730701462,0.03353050799079771,0.0037641029673696202,0.030716712144657876,0.0,0.0,0.010362632386909265,0.007473796762788476,0.009433888386326306,-0.0023501619411469,-0.0045113313054776505,0.008881025562502032,-0.003273240187722126,0.0049260844844309926
2021-11-05,0.0033333784259383936,-0.013761473156868487,0.042553350650082145,-0.009541937019737157,0.018749878152695798,0.03476818588766717,0.004504467741971663,0.01517247650170983,0.003418968408792189,-0.002967341398576573,0.028037415921035924,0.009422792853732043,0.03927511550408802,0.01056345350963328,-0.0049262793533786375,0.0
2021-11-08,0.01494981510829363,0.004651136876195006,-0.0020408025445877165,0.02504806892460465,-0.004907842089842185,0.009599970674197378,0.0,-0.006793532227984733,-0.003407318893137945,0.002976172719095338,-0.022727298545449637,0.0011669602469130957,0.002906944812512746,0.012195053842006143,0.036303789334661385,-0.0049019371280010215
2021-11-09,0.0016367927312117558,0.009259290682527732,-0.020450013127906397,-0.0037593546934463484,0.02096170612521875,0.0,0.004484427806718205,-0.0013679417222880463,0.0017094842043960945,0.008902164164663606,-0.0046511681972949415,-0.006993070024228221,-0.011594272665539584,-0.0017211523312173904,-0.004777121472626988,0.009852252583698373
2021-11-10,-0.009803947147283498,-0.013761473156868487,-0.0041752512287808186,-0.022641434286875706,-0.0036231766462345716,-0.014263031328814346,0.004464248897279699,0.0,0.0,-0.005882386808570228,-0.014018624542640579,0.0011738085634844797,0.007331265341482318,-0.001724179882084842,-0.001600017301215173,-0.004878107749588079
2021-11-11,-0.003300265538480396,0.013953493787063787,0.030398290673888217,0.007721981498965302,0.006060586318536121,0.0064308484276225375,0.0,0.004109592538411366,0.005119462849425549,0.002958562127641562,0.018957282217908267,0.00820627983012101,-0.002911110926671845,0.001727157812838831,0.016025699373738433,0.004902020332963053
2021-11-12,0.006622276562465501,-0.0091743427759442,0.0427263127279387,-0.003831436807096189,0.03614457692004369,0.012779591941749269,0.004444407953972052,0.009549755024959472,0.013582366511040611,0.0014749870005508203,-0.0046511681972949415,-0.0011626777685642686,-0.017518189923572458,0.0,0.014195509724137967,0.004877942151429782
2021-11-15,0.0032898476712441838,0.0,0.009756112915257908,-0.015384628271560397,0.03023257189519768,-0.006309205993965783,0.008849563782015624,0.0,0.005025056447981235,0.007363656276009767,-0.00467290265350595,0.0,-0.014858745893228664,0.0017241198040374162,0.010886475933622464,-0.009708691465682207
2021-11-16,0.0,-0.009259290682527843,-0.0048308854395962,0.021484450538940436,-0.0011286645035826215,0.009523858367467497,0.004386006941044185,0.028378403563777077,0.036666654542243604,0.0,-0.0046947573798464814,-0.0034925171543663813,-0.003016762766057113,0.005163456993652282,-0.01076923689533793,-0.0049019371280010215
2021-11-17,0.004917881167692206,0.0,0.053398019263779295,-0.005736198180051,-0.0022597712031814376,-0.007861687987603116,0.004366853889574029,0.0039421847424245815,0.012861684725645528,0.01462000321911372,0.009433888386326306,0.00467286838909331,-0.003025617313152651,0.0,0.01710727140379653,-0.009852252583698484
2021-11-18,0.008156501329461996,-0.004672871429406866,0.0046082640111355655,0.0038461731765713214,-0.015855094908613143,0.03169570275781575,-0.01739139232232012,-0.020942379913983178,-0.01904750673568867,-0.0014409134738935236,-0.0327102351566646,-0.011627941421352928,-0.010622210111896346,0.0051369923293269615,0.006116164582707473,-0.016915459689264334
2021-11-19,-0.004854220516028018,0.0,-0.009174326548678446,-0.0076628094263448965,-0.0046030871399064255,-0.006144374759033622,-0.0044247425927983475,-0.0053475505651348065,-0.011326880415651552,-0.014430063146585792,0.009661846580714784,0.005882424090493998,0.0,-0.017035656505659413,0.010638414112203787,-0.018218588008963144
2021-11-22,-0.004878115270990024,-0.0046948096713868015,-0.023148070486024408,-0.01544415704844515,0.012716722086212995,-0.02318385564381098,0.008888894853677609,-0.0013441109368188542,-0.004910068212322205,-0.001464189108507652,0.0047846088945022736,0.0011695834246265857,0.015337325589247941,-0.017331141322553534,-0.030075296898118054,-0.010309316234462962
2021-11-23,-0.014705866366281128,-0.004717039212011942,-0.014218070425563556,0.003921654421515486,-0.006849183741600373,-0.0015823510383965456,0.0,0.0013459200026144647,0.00493429594197714,0.007331473018682644,0.009523905864839532,0.009345843066704385,0.021148081275558006,0.007054722929097146,-0.007751911197679373,0.02916666887679864
2021-11-24,0.0,-0.004739310389707874,-0.004807660184014684,0.011718809050745183,0.011494214832269867,-0.001584781258757162,0.0,-0.0013441109368188542,0.008183244362776732,0.004366785842385923,-0.009434056795990964,-0.0011572949121251286,0.0,-0.0035026512305993407,-0.010937282168511642,-0.004048546479815007
2021-11-25,-0.011608451372742912,-0.014285720367031796,-0.028985552423419603,-0.027027096955140384,-0.015909147920927014,-0.00793648388470658,-0.004405328398772945,-0.0013459200026144647,-0.022727163083914648,-0.01739133644807167,-0.014285646280281283,-0.026651364380625875,-0.022189342774623144,-0.01581718004036048,-0.018957434790692673,-0.014227642802331575
2021-11-26,-0.005033513407316392,0.0,0.024875702976518754,0.005952444266927426,0.0,-0.0015999167849020113,-0.0044247425927983475,-0.009433994084179997,-0.014950268615041673,0.0,-0.004831009529125074,-0.015476203241658215,-0.004538494431902906,-0.008928664208540438,-0.0144929096686085,0.0020618807456682653
2021-11-29,0.005058977840101786,0.0,-0.019417505359527687,0.00986188301522506,-0.00808311489797664,0.0208331895028655,-0.004444407953972163,-0.005442205751297058,0.01180440574512609,0.008849504573844147,-0.004854374821377405,-0.0024183647862675572,-0.010638422251403878,-0.030630562529492922,-0.009803911202900806,-0.018518568643134947
2021-11-30,0.006711388418967568,0.01932365105195899,0.05445540742939481,0.0078124739256448805,0.023282923368286967,0.05180541280312889,0.008928497794559398,0.013679927132463687,-0.0016666696332808817,-0.001461910672216904,0.0146342512624007,0.0121212475452519,0.01689707255046491,0.027881007424632953,0.011551281196455765,0.014675142304693356
2021-12-01,0.024999894660717725,-0.004739310389707874,0.014084490631597113,0.013565992649446024,0.0,-0.004477671266067018,0.008849563782015624,-0.0053980674087961145,-0.006677730714189201,0.0029283091547489537,-0.0048076976717021935,0.0035927920569580607,0.02416933339886662,0.0036165986984377785,0.01794449412834087,0.0020660530259764
2021-12-02,-0.01138237714463497,0.0,-0.018518471708471318,0.0,-0.0011375435109300946,0.023988080602722173,-0.004385929034067981,0.0027136823446203273,0.006722622577454596,-0.0029197591971622527,0.0,-0.0023867286465523163,0.005899640434970266,-0.009008977899685355,-0.01923086229229176,0.0
2021-12-03,-0.013157530468432044,0.014285720367031907,0.023584903451598915,-0.0019120874150552192,-0.005694850836469478,-0.014641314983911635,0.004405250148597162,0.002706338202421943,0.0016694520583306893,0.013177080416171938,0.004830923290357392,0.007177098583321051,-0.005865038814825585,0.005454551790049056,0.01143803346132577,0.0
2021-12-06,0.01166638095696415,-0.0046948096713868015,-0.01843320853507835,0.007662681050649711,0.006872829565502503,-0.01188703649188394,0.0,0.016194417809900052,0.011666687432965839,0.014450917682555353,-0.0048076976717021935,0.005938313761368885,0.013274157605900783,0.0,-0.0064621053436068054,0.007216495115960342
2021-12-07,-0.008236907628721757,-0.009433994088773656,0.028169058940300973,-0.007604410875532541,0.005688263505654101,0.0,0.0,0.009296179541616212,0.0,0.0028491201975691105,0.009661846580714784,-0.0011807376065250397,-0.007277909059039467,-0.005424961058993705,0.016260222479881126,0.0
2021-12-08,0.009966359213751552,0.00952384195750322,-0.009132434235194054,0.030651301893227068,0.0067873082091969295,-0.03759401595863132,0.004386006941044185,0.0,0.0,0.0028408247671625197,0.0047846088945022736,0.002364159246876163,0.007331265341482318,0.007272841311791289,0.00159990226653961,-0.0020470209352084767
2021-12-09,-0.004933950823096556,-0.009433994088773656,-0.009216528022270909,0.007434919465263201,0.0033708834522816478,-0.007812476096355048,-0.004366853889573918,-0.0013158838765584546,-0.003294898713152028,0.009914954544209431,-0.009523735851257209,-0.004717059070046825,-0.004366732261187667,-0.005415168131551518,-0.017571847006163654,-0.008205140436092884
2021-12-10,-0.006611770369833514,-0.004761963547974424,0.0,-0.003689993786542556,-0.006719010064059283,-0.011023665147016248,-0.004385929034067981,-0.0026350951030097436,0.0033057909595304302,-0.004207482423892017,-0.009615481167562168,-0.013033203071731725,0.011695911849363583,-0.009074504047837273,-0.006504018848853543,-0.010341299117967329
2021-12-13,-0.003327611671481656,0.0,-0.004651208247554717,-0.003703722318179836,0.0067644605425223325,-0.006369329434109838,0.004405250148597162,-0.010567947330491712,-0.008237170285417372,-0.0028170172502943736,0.004854461478787986,-0.0036015277712698746,-0.014450840969533973,-0.001831482662372541,0.008183159304553156,-0.0010449447748061003
2021-12-14,0.0016695829574586707,0.00478474834518039,-0.009345808843761794,-0.005576142889759161,-0.0055990854880775265,0.004807598767597732,0.0,-0.00400541477477645,-0.006644606680473397,-0.005649550766841371,-0.014492769871072175,0.009638715342197512,0.00439881228816863,-0.009174279665183693,-0.0064934610199758325,-0.009414162888765287
2021-12-15,0.012976025444648265,-0.014285720367031796,0.02830185292451648,-0.005607598496999766,0.014639482504680279,0.004784674425707847,0.004386006941044185,0.004021522640979658,0.008361218945832638,0.011363634079471607,-0.004902053867725686,-0.013126518984009072,0.002919610235931236,0.011111058771511972,-0.00490177938409686,0.004223826320090218
2021-12-16,0.0033056749371846994,0.0,-0.013761375979735258,0.01127825302428409,-0.013318492398814663,-0.0111110774385893,0.004366853889574029,-0.008010687362305036,0.0033167554597444138,0.008426914930293794,0.014778343317234821,0.01934713832151047,0.032023340003449086,0.007325994468664554,0.004925925182604596,0.00841221054273622
2021-12-17,-0.01482701650424778,-0.004830891169905538,-0.018604679081175357,-0.018587329802616903,-0.012373305280495406,-0.0016051315175317216,0.0,-0.0026918400052289293,-0.009917372878591624,0.002785498484662474,-0.00970866298534434,-0.005931268901494646,0.00423136167010818,-0.010908976870026788,-0.0196078224058015,-0.009384801093120565
2021-12-20,-0.0016722406174842774,0.014563025902958326,0.03317528855730845,0.007575668637791688,0.01708422456575609,0.011254142158836133,0.004347712928923997,0.00944672575714911,0.006677808233322757,-0.0069445336152323955,0.014705899082217977,0.007159860224971171,0.00280902179292708,0.012867639169844791,0.0016667447544482794,0.0
2021-12-21,0.005025346930530583,-0.009569325598737244,-0.004587125326578456,-0.0018796773467231187,0.007838612204942308,0.012718404710107434,0.0,-0.0053475505651348065,0.0,-0.002797186189025136,-0.004831009529125074,0.004739415171367556,-0.0014005766461417934,-0.012704166538869077,-0.0033278230494871996,0.0
2021-12-22,0.009999775938263955,0.0048308047975687,0.00921660426753923,0.016949207086373708,0.0033334293115270253,0.003139861718817638,0.0,0.005376300604470696,0.0033167554597444138,-0.004207482423892017,0.014563211121542796,0.007075320376987104,-0.004207623036986852,0.003676367678274728,-0.0016695272301457953,0.01263155374525371
2021-12-23,-0.0033003296723351783,0.0,0.022830972264540117,0.0018518921832169077,0.0022148321263961712,0.006259761245283935,0.0,0.0053475505651348065,0.009917372878591513,0.0,-0.004784694308017756,0.005854978457595639,0.0014085310491578351,0.005494511806291902,0.02006686872279162,0.006237082169838981
2021-12-24,0.0033112579150851307,0.004807752229705642,0.022321427911941027,0.01848431857755961,0.009944824739591462,0.0,0.004329045938960663,0.0,0.0032732521471146026,0.0028169508143420785,0.0048076976717021935,0.0,-0.008438790098510007,-0.0018214745489584239,0.008196811158176498,0.0030991233762873716
2021-12-27,0.014851811372826873,0.009569411144549012,0.026200988205061337,0.007259381680117638,0.036104911499508896,0.006220744260085009,0.0,0.009308542370975559,0.016313243360019047,0.0,0.0047846088945022736,0.0011640311617180377,0.004255304672188931,-0.0036496603317587306,0.0,-0.0010298786293759798
2021-12-28,0.0016259078766347468,-0.004739310389707874,0.008510721585727854,0.0018018411791040911,-0.0010560641341059718,0.004636846792852589,0.004310309515856092,0.009222692546630773,0.011235900622081019,0.0,0.004761995435815347,0.0,-0.0042372737812700345,0.0018316103007209872,0.008130052787358233,-0.005154701864170774
2021-12-29,-0.0016232685914460143,-0.009523927095948848,0.004219310604621107,-0.010791361270395483,0.0010571805846046889,0.0,0.0,-0.003916452262472614,-0.007936375151048614,-0.0014045520710468384,-0.014218025116362054,-0.0069768071704739976,0.00283684838500875,0.0,-0.009677524843201502,-0.0062175166941413895
2021-12-30,0.026016033590251064,-0.009615246588126514,-0.03361356630397172,0.025454613242008373,-0.010559729193534872,-0.024615383920170486,-0.008583697203724983,-0.013106124040172307,-0.014400098900614777,-0.005625911421732632,0.01442309301510658,0.010538897301204164,-0.009901042065715071,0.0,0.003257364843597843,-0.001042765510063881
2022-01-03,0.039619852936083166,0.0048543419676527755,0.013043679680996512,0.053191457761755156,-0.0021344649405068417,-0.006309205993965783,0.0,0.0,0.006493593620817917,0.005657741373547243,-0.0047394263093617495,-0.0011589520745431958,-0.01571427666358638,0.0018280705303843625,0.0032467888676857015,0.0031314734252205767
2022-01-04,-0.009146842534791366,0.05314014835830805,0.008583632472830338,-0.021885547145447548,0.0,0.0015872967769412494,0.0,0.005311971265556936,-0.0016129060041130128,0.0,0.004761995435815347,-0.0011600857055402702,0.011611101306551852,0.0036495967455028033,0.003236281345440517,0.001040595408150935
2022-01-05,-0.00923066828636454,-0.0183486855518884,-0.034042534316903406,0.0017212079158723803,-0.0021389279759091995,-0.006339125035028537,0.0,0.0026420571749332655,0.0016155116725893315,0.012658217770757485,0.009478598807000305,0.0,-0.0014348019227994335,-0.0018181628116711313,0.001613036769584797,0.01143456242322527
2022-01-06,-0.015527538974126953,-0.004672871429406866,-0.03083701403785566,-0.027491431488116835,-0.0032154234988543973,-0.0015948914752359489,0.0,-0.0026350951030097436,0.0,0.0055555875842467906,-0.009389598569204072,0.00464573226975884,0.0,-0.010928847293750765,-0.011272378851218567,0.0
2022-01-07,0.014195264296795518,-0.018779406564171763,-0.0045454989851010374,0.0017667045454814456,-0.005376429533127003,-0.007987274289471102,0.008658014982722007,0.009247059427645699,0.0016128311106320403,-0.0013813374032902725,0.0,0.004624354428446553,0.0028735320165562683,0.009208005632227012,0.009772094530793307,0.005138721224765996
2022-01-10,0.012441884333383113,0.0,-0.013698689127272679,0.012345830758823118,-0.004324310414847821,0.0,0.0,0.04581167386749585,0.03864726280395936,0.023513261064566082,0.004739341705453981,0.0023014817555588873,-0.010028641963270468,0.0,0.006451683228801075,0.006134957080379255
2022-01-11,0.013824575388477589,0.0,0.004629675375812159,-0.01742163085527071,-0.0021714414340245902,-0.0032205234365546564,0.004291886719439697,0.0012514542707693366,0.0031008529883387315,0.0,0.028301833568643797,0.014925490064993774,0.008683170374899296,-0.007299193491005607,-0.0048076291588020625,0.010162638965542703
2022-01-12,0.00151545253863139,0.009569411144549012,0.013824944523942895,-0.017730584933752458,0.0032643024981584556,0.0226171337210479,0.004273545147775115,0.019999972044209224,0.04173121310267347,0.022972897601652775,-0.004587079334846034,0.003393540930239025,0.018651256326561727,0.0,0.006441177410414056,0.011066361798335977
2022-01-13,0.016641246964388623,-0.018957326293779775,-0.03181826727904047,-0.019855545340441205,0.003253785595339176,-0.00947872100103242,0.0,-0.014705894828407007,0.004450908148952326,-0.010567906176379371,-0.013824981842140316,-0.011273990348009355,-0.008450612659060441,-0.011029487357606005,-0.004799936868970067,-0.019900486168833997
2022-01-14,0.01636914455523253,0.0,0.046948431567168214,0.007366396139707243,-0.006486361862064083,0.025518419759008815,-0.004255359676079262,-0.01865673248121924,-0.017725290102515445,-0.010680968583649086,-0.009345721889134628,-0.002280487751741167,-0.005681884653730429,-0.007434995763514918,-0.019292811893696915,-0.012182716799093996
2022-01-17,-0.030746602785412525,0.0,-0.008968549312664664,0.0018282547967416463,0.016322034678932118,-0.0077760254935779205,0.004273545147775115,0.006337186167590714,0.006015048514064425,0.005398078016868313,0.004716902090746933,-0.0011428501315977613,-0.011428576600399643,0.007490689004529427,-0.0016391265048064652,0.007194244604316502
2022-01-18,-0.012084788594229234,0.0,-0.004524930916213754,0.0036495921921595453,0.0,-0.015674085343933775,-0.004255359676079262,-0.007556681313305891,-0.011958098659051064,-0.006711369027475156,-0.0046947573798464814,0.0,-0.015895944685055285,0.009293777088471789,-0.0032842255878939852,0.0020407544686158463
2022-01-19,-0.004586952975377923,-0.004830891169905538,-0.009090997970202075,-0.009090802757633853,-0.006423961745191664,0.011146540881238565,-0.004273545147775004,-0.006345160428195995,-0.004538585882910118,-0.0013514706533840348,0.014150874681905679,0.0,0.002936892105497746,-0.011049799273947891,-0.004942393230767839,-0.0010183423481506804
2022-01-20,-0.015360978414976967,-0.009708770726923222,-0.01834857720183536,0.0,0.0010775826405253763,-0.011023665147016248,0.004291886719439697,-0.02043426667556192,-0.0212765627126974,-0.002706343880691575,-0.02325584098647482,-0.011441577324128316,-0.008784876083276272,0.0,0.004966941810348846,-0.01427106643128262
2022-01-21,0.018720743027530462,0.009803955079002336,0.01869154037339782,-0.0018350866426607437,0.011840649767136613,-0.0031847036936997197,0.0,-0.002607610445770847,-0.0015527256156825375,0.00135690802895172,0.004761995435815347,0.00694429599454871,-0.011816778273026185,-0.0037242907463168606,0.013179596836119689,0.01344362741763816
2022-01-24,-0.018376717226641026,0.0,-0.004587125326578456,-0.011029284051828903,-0.010638263113377233,-0.0175718313916865,0.0,-0.01307186084895684,-0.020217907402893975,0.0,-0.009478683410908073,-0.017241274732206713,0.0,-0.007476751533012527,-0.027642343144248627,-0.02448983303311625
2022-01-25,-0.007800309594804378,-0.009708770726923222,-0.009216528022270909,-0.0037174285931728113,-0.001075265266155756,-0.06829263011830944,0.004273545147775115,0.0013245985015766237,0.004761987240978538,0.0013549414938065496,0.0047846088945022736,0.010526357234470929,0.005979143617146576,-0.001883285020248926,0.0066890363933065355,0.005230100357666245
2022-01-26,-0.0015725348080298795,0.009803955079002336,0.023255810374208208,0.01119396080841617,0.008611278335389105,-0.04886572138322465,0.008510568179481925,0.019841144343369033,0.03791468533766662,0.0284168660627222,0.01904764171609674,0.035879617319745094,0.01783054886503166,-0.013207409103648815,0.011628033350025602,0.017689945311999855
2022-02-07,-0.011023516605984551,0.024271796629881548,-0.0045454989851010374,-0.007380049392381238,0.005336162351267104,0.016513711033995238,-0.004219449761206584,-0.003891054077218792,0.004566288789407347,0.024999911557136212,-0.014018624542640579,-0.010055905221568406,0.007299355907318672,0.013384179436989774,0.0,0.0020450146195201135
2022-02-08,0.007961676306222465,0.009478705514363917,0.03196348204869759,0.0018587765755040397,0.01592361847178858,0.010830380736532641,0.004237328957866104,0.00390625352090801,0.0,-0.0038509471872003598,0.0,0.006771967304457949,0.01304343377728534,-0.007547156662162435,0.026272506076980173,0.009183611611472964
2022-02-09,0.025276563272071062,0.0,0.026548640173030824,0.0,-0.0073144007906917885,-0.0035715050630925615,0.008438824573929082,0.003890985012200421,-0.003030378501472142,-0.0025774862776801744,0.009478598807000305,-0.006726416233647559,0.020028588037241946,0.005703494848001034,0.00159990226653961,-0.0040444528541191405
2022-02-10,0.0015405256093377062,-0.0046948096713868015,-0.008620774496165828,-0.014842374829703409,-0.012631536833950574,-0.007168437398559435,0.0,-0.0012918074489345344,-0.0030395190401465433,0.002584146880804994,-0.0046947573798464814,0.0022573224348192422,0.0014025410123288395,-0.0018904051154168267,-0.0015973466679851667,0.0020303091973765675
2022-02-11,-0.01999979826793663,-0.01886807251279743,-0.039130247749633584,-0.035781505160311644,-0.012793338418744193,-0.043321169482826605,0.004184066211954107,-0.01552401373565604,-0.021341430396732197,-0.009020685295387021,-0.009434056795990964,-0.004504374354768803,-0.005602306584567285,-0.011363649112636875,0.009599988772615697,0.002026453354942337
2022-02-14,-0.006279434198027345,0.0,-0.004524930916213754,-0.009765576046676605,-0.002159820274097557,0.009433932636908615,0.0,0.006570354552422497,0.0015577074296069249,-0.00910267610089932,-0.009523735851257209,-0.011312352017603722,-0.01267595085725104,0.015325643387512855,-0.015847804200406435,-0.010111175041801701
2022-02-15,0.020537227275014613,0.014423170732021706,0.02727269308838376,0.019723832117345408,0.010822579846013092,0.01121491837976718,0.008333339500969261,0.015665809049890234,0.007775990467679517,0.002624717895907347,0.024038402534352965,0.01601831235329132,0.011412143313228373,0.0018868384748842448,0.020933971303388255,0.007150066616577355
2022-02-16,-0.0015481923301432499,0.004739395124656154,0.0,0.009671196054762188,-0.0021414233421002127,0.005545269445656809,0.004132344537960186,0.005141278207577038,-0.0015432841878614267,0.0052354466123423204,-0.009389598569204072,-0.0011261192032678835,0.0028209716072913338,-0.013182732653848395,0.017350004439675937,0.009127900611263895
2022-02-17,-0.01240299810051848,-0.004717039212011942,-0.00884964433627744,0.0019157504974718353,0.01180264040955925,-0.012867697678306977,0.004115192345422125,-0.005114980668931679,-0.0015455260591051845,-0.0078123920375130496,0.004739341705453981,0.0045095551096785425,0.0028129088169464023,0.0019085100195779248,-0.015503822395358857,-0.010050287689047921
2022-02-18,-0.007849396711676504,0.004739395124656154,0.008928659799906091,-0.005736198180051,0.004241767732988011,0.001862191790712453,0.0122950536236055,-0.002570810212798702,0.0,-0.002624717895907347,-0.009434056795990964,0.0,0.022440402320710984,-0.0019048745474180562,0.012598448911297577,-0.0050761176393752105
2022-02-21,-0.007910973258445808,-0.014151033300785598,-0.017699142254654077,-0.011538519529714186,0.0010560641341059718,-0.018587395774557036,0.0,-0.014175247828039361,-0.013931912578801109,-0.010526438613173705,-0.009523735851257209,-0.010101050327472327,-0.008230425085508308,0.0,-0.021772840052821096,-0.019387816959955617
2022-02-22,-0.003190213804740827,0.00478474834518039,0.00900894858087442,0.007782205922893359,-0.0052743452248070755,0.015151655632086314,0.01619427113338756,0.0,0.0,0.011968202716588827,0.009615309519246606,0.004535222945948325,-0.00276628410669133,0.0019085100195779248,-0.0031796844022066173,0.012487056584527867
2022-02-23,-0.03359989403973507,-0.023809562324535016,-0.053571367898571864,-0.02123552997653544,-0.0254506063979284,-0.03358216793531699,-0.00796799187469066,-0.007843074745350842,-0.010989103108757226,-0.009198367822770503,-0.009523735851257209,-0.01693002095072893,-0.022191347468951905,-0.0095238417616067,-0.017544048750299468,-0.004111046759101011
2022-02-24,0.0,0.0048781091928269404,0.023584903451598915,-0.02761341783379978,0.010881356452621338,0.005791488276680523,0.0,-0.01054024009813559,-0.011111057879935826,-0.002652691474959168,0.009615309519246606,0.006888591299479163,0.02127652336094421,0.005769304093776073,0.022727405358403896,0.009287951185486865
2022-02-25,0.0,0.014563025902958326,0.013824944523942895,0.040567882114141085,0.009687907668367579,0.0383877884320214,0.0,0.014647197574902737,0.004815492456381909,0.01595766634756135,0.02857137756735395,0.02622592037526905,0.054166611932982445,0.0057360102758219345,0.0142856409217611,0.022494900480178437
2022-03-01,-0.004966886872627585,0.0,-0.018181920734848478,-0.005848015474704482,-0.006396771531522183,-0.009242115742761237,-0.008032204720921254,-0.007873952470193402,-0.009584680888562014,-0.0026178467865978217,0.00462980065989127,0.0055554196427360925,0.009222651027439133,0.0038023078167477298,-0.006259736711884734,0.004999975812317814
2022-03-02,0.001664223902301476,0.0,0.0,0.003921654421515486,0.004291831792241352,0.011193995089554987,-0.008097243437889534,0.0,0.0016128311106320403,0.0,0.00460821759454455,0.007734759195714425,0.007832990722205668,0.0,0.0015748202668011135,0.009950285307831042
2022-03-03,-0.011628011868600518,0.00478474834518039,-0.05092589294611993,-0.005859371804613378,-0.0074785061650096685,-0.014760192595959287,0.004081744512040464,-0.015873028171251136,-0.014492704858263483,-0.002624717895907347,-0.009174404331509178,-0.005482422776950102,-0.005181290657802928,0.005681824556318382,-0.022012478368822697,-0.009852252583698484
2022-03-04,-0.03193276244662613,-0.023809562324535016,-0.051707374238344705,-0.02946959779499858,-0.021528557435504303,-0.03370785486793193,-0.01626024537488724,-0.036290351151487266,-0.029411816031385096,-0.009210532930629678,-0.018518376184609497,-0.025358168977152706,0.015624828752654585,-0.016949171450399203,-0.045016098727301834,0.0
2022-03-07,-0.022569666608144745,-0.009756043955660543,-0.009259282900697885,-0.04655870390424266,-0.01430148891837335,-0.03682159363756321,0.008264542275993492,-0.015341763578341161,-0.01515154239315164,-0.007968142214685114,-0.01886794518231738,-0.02036206895664472,-0.041025430378186956,0.0,-0.03198663448181205,-0.012935311787400705
2022-03-08,0.008880993626740219,0.0,0.0031154160002975217,0.02547769431931446,-0.005580339210069507,0.04225338794322564,0.00409825414344378,0.0155808005365341,0.00854710352479815,0.0013387432004368094,0.01442309301510658,0.016166286607905977,0.014705690178637543,0.015325643387512855,0.0,0.008064528548087146
2022-03-09,0.033450933512390035,0.014778331197239147,0.030020500832099728,0.05383029409787632,0.039281686725677556,0.01930496092226819,0.004081744512040464,0.029288726855754232,0.022033857753739117,0.022727198200797938,-0.0047394263093617495,0.018181705393015335,0.009222651027439133,0.00943412662863019,0.038260973183414704,-0.01999998811833159
2022-03-10,-0.020443148873557693,0.0048543419676527755,-0.03216075906501681,0.0294695319677738,-0.006479460822292671,-0.005681708606972591,-0.004065151601799322,-0.014905208983689966,0.0,-0.007843213664340487,0.014285731287072556,0.002232230801068491,0.003916495361102834,-0.016822576969442893,-0.025125718311858947,-0.02346941249826795
2022-03-11,-0.005217390703439073,-0.009661868712147914,-0.019729879877029344,-0.017175563366957247,0.0,0.0,0.004081744512040464,0.0,0.014925399568849418,0.014492792352445383,0.0,0.01559010409242001,0.009102720258890029,-0.011406790958725876,-0.0017181699701666053,-0.005224723874030501
2022-03-14,-0.02447540586354302,-0.014634153148487594,-0.042372858333547314,-0.023300958240717318,-0.010869634388818716,-0.03999997016096668,0.016260100961963397,0.0,0.0016339139070391528,0.0025974484224149386,-0.0046947573798464814,-0.004385838459522451,-0.0025772333154846505,0.005769304093776073,-0.010327072321061559,-0.01680674965827278
2022-03-15,0.0049527629536036955,0.004950556393256145,0.0033185615979169913,-0.009940374539100238,0.010989081689047442,0.007936483267995786,0.008000076735255934,0.005502019145368298,0.011419346100728811,0.023315983663701356,0.0,0.007709203207650672,-0.003876014315539189,-0.005736210153057364,-0.013913069790541854,0.013888968226960952
2022-03-16,0.043010520301485666,0.024630405204977057,0.0672546878890612,0.04618473652397115,0.004347812025879527,0.03543305796656204,-0.003968362216545174,0.023255883409611044,0.017741816258281196,0.013924028034465241,0.009433888386326306,0.004371657183722011,0.0077820751316020065,0.0038461133823450844,0.02292768601617201,0.011591110694566087
2022-03-17,-0.0017180107263291555,0.019230922961727348,0.0010330508766447366,-0.017274462911077038,0.0010822475973510937,0.0038021766211695507,0.00796820417896904,-0.006684473800753876,0.003169651526716999,0.009987574567318136,-0.009345721889134628,-0.006528893971878613,0.005148065712969219,-0.011494265917328716,-0.018965414226518207,-0.0031249497194989484
2022-03-18,0.00860597106374783,-0.014151033300785598,0.009287948427397108,0.019531282976390285,-0.005405388018559831,0.01325772185736973,0.0,0.0,0.0047393448366317426,0.0037083763874343756,0.014150874681905679,0.008762367530340542,0.01792571427511902,0.0058140276923996925,0.022847031112873895,-0.0010449447748061003
2022-03-21,-0.005119749071907043,-0.00478474834518039,-0.0030674639050243258,0.0038313726192487074,-0.00652161371469917,0.0,0.0,0.0,0.0,0.013546716187698538,0.0,0.003257407505096843,0.0012578763849846464,0.003853523927318081,0.005154756978116071,0.005230100357666245
2022-03-22,0.012006916320189465,0.014423170732021706,0.0020511832803320473,0.00954200096259572,0.014223041945404136,0.005607367685841691,0.0,0.021534290035440495,0.01886795758914883,0.029161659322051836,0.0,0.001082145795661793,0.005025070776805807,-0.0019193656422313854,0.0034187172835595803,0.001040595408150935
2022-03-23,0.0016949389179756746,0.009478705514363917,-0.0051177577073096,0.0075614747478969235,-0.009708706702653114,-0.011152291874644393,0.003952466493269968,-0.005270120049067795,-0.007715990995251665,-0.0023612608865821727,-0.0046511681972949415,-0.0010809760220042985,0.0,0.017307711250940327,0.003407191957812028,-0.008316021338305779
2022-03-24,0.011844496727361875,-0.0046948096713868015,-0.0010287146454343032,0.005628514521260675,-0.0032679632644001533,0.0018796013470998574,0.007874091737406719,-0.0066224282787145095,-0.012441772506115667,-0.0011835364618768551,-0.00467290265350595,0.0,0.0,-0.007561422851459998,-0.010186867261228083,0.008385757476417455
2022-03-25,-0.023411583526410484,0.0,-0.007209099497705096,-0.011194085831014,0.0032786778632130087,0.005628592611206962,0.0,0.0013332160432650841,-0.003149611826722243,0.004739420192561239,-0.009389598569204072,-0.002164685456945148,0.0,-0.01142858356515386,0.0,-0.011434474201745592
2022-03-28,0.00856165079153004,-0.004717039212011942,-0.05394189090965262,0.0037735407716572578,-0.005446500889262018,0.0018655745149331882,-0.007812574806673522,0.0013315827534365887,0.00789883470566588,-0.00943401683907652,0.0,0.003253874868212936,-0.014999950221153857,0.0057802858909770105,0.005145915420770919,-0.004206060650411181
2022-03-29,0.018675758982764412,0.0,0.0032895423123220358,0.007518898330837631,-0.01862008189366937,0.014897625488954125,0.0,0.01196809555839251,0.009404478606643396,0.005952457830158853,0.009478598807000305,0.01081084217966466,-0.011421338745375542,0.00574719971205262,0.02047766872222434,0.004223826320090218
2022-03-30,-0.005000069742872815,0.004739395124656154,-0.010929158874364409,0.0018656497161861907,-0.01450877482766233,-0.009174283907775194,0.0,0.0052561996748514694,0.001552653513262614,0.015384522634339426,0.0,-0.003208633475756506,0.0,0.0019046754316116576,0.0,-0.008412210542736331
2022-03-31,-0.013400302096795436,-0.014151033300785598,-0.005524825516430409,0.0,-0.02038519966504382,-0.020370307582152747,0.0,0.00784314435205613,0.007752024484881659,0.004662086933995946,0.004694841189357479,0.0032189619448097506,0.006418444371894205,0.0,-0.008361115148787013,0.0021209165426629983
2022-04-01,-0.018675758982764523,0.00478474834518039,-0.01999995955611733,-0.01862200506858669,0.005780439178453278,-0.03402654305044173,0.0,0.0051881641896498465,0.007692321430166071,0.02204174010684823,0.0,0.0010694147479397564,0.003826575670196286,0.005703494848001034,0.0,0.010581959262851548
2022-04-06,-0.020760966760220878,-0.01904759877656048,-0.03628121891029068,-0.009487618621459082,-0.011494325152020646,-0.021526352794137726,0.0,-0.01935478551596337,-0.010686970949709163,0.001135066973234622,-0.00467290265350595,-0.005341847628984597,-0.01397717728824266,-0.007561422851459998,-0.030354157807139237,-0.019895352445668646
2022-04-07,0.001766692296550909,0.0,-0.011764628022471912,0.0,-0.0011627869343326935,0.0,0.007874091737406719,0.003947301306509221,0.003086353403695119,0.005668900284685696,0.0,0.0032222240030084226,0.01030928316011237,0.0057142254106414825,0.013913007271692424,0.008547113168642095
2022-04-08,-0.015873002959284843,-0.009708770726923222,-0.004761872872018347,-0.04022992600489128,-0.0034925334778406203,-0.036000083027105556,0.015625010841546993,0.0026211410610492702,-0.003076857135203226,0.006764546721552689,-0.009389598569204072,-0.013918448075797563,0.005102100893594974,0.007575810071642097,-0.01543737629655273,-0.011652503992397034
2022-04-11,-0.0017924937523124962,0.0,0.007176985199150332,-0.007984072250028729,0.0011683327555207512,-0.018672142276477288,-0.011538435262144597,-0.009150219066223264,0.0015432125305188116,-0.004479467154482997,-0.0047394263093617495,-0.008686255368340778,-0.0012690504002177416,-0.0037594898495804108,0.008710833689580921,-0.0053590306771168494
2022-04-12,0.028725722002921117,0.019607734872967075,0.045130634562382754,0.028169022630275542,0.02333725906898687,0.025370003584143763,0.0,0.007915503334884333,0.007704173475549636,0.01124863319784164,0.004761995435815347,-0.009857551362278172,0.0038119888065739627,0.01509437907011657,0.02590683097271551,0.012930916223634403
2022-04-13,0.0,0.0,-0.02159085898947599,-0.009784621610699817,-0.023945408220832576,-0.005154673514801367,0.011673124857621175,-0.010471120259181066,-0.010703453152823061,-0.04115680463220517,0.0,-0.0077435158031571305,0.0,-0.007434995763514918,-0.005050498937466452,-0.006382966237009513
2022-04-14,-0.019197242602345788,-0.009615246588126514,-0.03368192318135621,-0.013834027690039608,0.0035047740184321885,-0.0248704908189461,-0.003846190632997515,-0.00661387913026712,-0.010819113022343507,-0.005800429122313044,-0.0047394263093617495,-0.010033383754335046,0.0012658375768508368,0.003745409755579354,-0.021996670247510064,-0.009635909899949002
2022-04-15,-0.0017792667929296124,-0.004854428759270446,0.0012021140502971317,-0.008016072163584798,-0.008148872340068891,-0.018065883926149495,0.0038610409324655315,-0.015978638519739463,-0.018750032648877424,-0.022170447659164094,-0.004761825422233024,-0.011261294490981011,-0.026548639151399156,0.00932838998614649,-0.008650550451126726,-0.007567659218711054
2022-04-18,0.007129752904303066,-0.004878021977830271,0.006002360425257924,0.0,-0.0023475225576877756,0.009740388753015639,-0.003846190632997515,-0.005412748460494998,-0.0015923595136086988,-0.009546594995999635,0.009569388616035512,0.002277994026418373,0.002597315280834289,-0.012939122808757753,0.01047119236369487,0.004357351648780483
2022-04-19,0.008849565779470714,0.009803955079002336,0.021479668132044383,0.014141451609671618,0.009411846802102719,0.02143615861351167,0.011583054215192679,0.019047683905643042,0.019138789997636074,0.0060242881037757545,0.009478598807000305,0.007954496109444209,-0.007772111842253349,0.02247193650695878,0.022452437834365346,0.005422967335352746
2022-04-20,-0.008771937937677832,0.0,0.014018694749993621,0.007968167377569113,-0.01398619077598251,0.008394619980323537,0.0,-0.00400541477477645,0.0,-0.01796418821984369,0.004694841189357479,-0.0045094525358656545,-0.01305474822631103,-0.005494384167943456,-0.0118241499492715,-0.0032361938083486086
2022-04-21,-0.012389088840197626,0.0048543419676527755,-0.01612901996044014,-0.027667989162579065,-0.0011820293421000994,-0.008324736976965785,0.003816762582343536,0.01742631259279781,0.004694843868537468,0.013414668941235108,0.0,-0.007927573030054091,-0.005291007508009704,0.0,0.006837557467405997,-0.004329056814507792
2022-04-22,-0.0197132387910387,-0.028985519764106793,-0.019906383869918165,-0.038617907910514004,-0.015384566456268067,-0.04512068428445437,0.0,-0.014492742438746875,-0.006230612737312291,0.0,-0.009345721889134628,-0.019406375620885985,-0.026595876239152938,0.0018416011264454912,-0.027164735231962944,-0.020652148644843993
2022-04-25,-0.001828299255819843,0.004975096940605717,-0.004778842037877484,0.06553904974983449,0.008413549721086433,0.005494542146951442,0.0038022502956862603,0.004010627329515737,0.003134874722551695,0.009627011076494885,-0.004716986295579373,0.004656654233387458,-0.013661117054239447,0.011029295196214983,0.01396163164296893,-0.004439471404212747
2022-04-26,-0.03663012482930139,-0.00990102427624262,-0.030012100059467417,-0.027777718684201202,-0.010727134828182994,-0.029508157076939212,0.0,-0.02529943417659586,-0.031249981861734777,-0.008343327575540349,-0.009478683410908073,-0.01390521094076902,-0.013850390684348235,-0.0018181628116711313,-0.02237527180128951,-0.006689044218293083
2022-04-27,0.009505899444470778,0.015000096993982082,0.02475261767253123,0.006122445351280925,-0.0012048153761223812,0.09234226759520281,-0.003787847949699552,0.002732145431785682,0.0016128311106320403,-0.014423103634740975,0.0,0.004700430795310906,0.01264047095160925,-0.0018214745489584239,0.017605698874943565,0.0011223481393813906
2022-04-28,0.013182918666459598,0.004926081040995456,0.00241544252673509,0.014198751943589105,0.010856418364876719,-0.014433045466465289,-0.0038022502956862603,0.013624013585346262,0.00644131016450622,0.014634173840653464,0.009569388616035512,0.014035107508350908,0.0013869160659385482,-0.0018247347864954744,0.0034601206694848674,0.02690577669084493
2022-04-29,-0.01301139056293088,0.004901933718241658,-0.01204821078373719,-0.029999983246971507,-0.0023866271911489045,-0.011506292005764807,-0.0267175414671319,-0.009408633414927148,-0.0032000797623948918,-0.018028851196354112,0.004739341705453981,-0.0023068957324685613,-0.0027700530656800115,0.020109603966677936,-0.00344818951766257,-0.015283844413132242
2022-05-03,0.0056495474858035966,0.014634065933490925,0.010975535568344075,-0.006185563449244702,0.019138924070687624,0.022222309713216815,-0.02745103338687016,0.012211606676385323,0.00963091037992081,0.0,0.004716902090746933,0.001156167494085869,0.0013889052129700818,-0.005376412575969547,0.0,0.0
2022-05-04,0.014981298135650745,0.004807752229705642,0.014475374210946024,0.0,0.00352100221042706,0.016562993600825138,0.008064521905173816,-0.0013404361674647092,-0.009539040733505977,-0.02447977264402934,-0.0046947573798464814,0.0057736362666935825,0.008321747455244166,0.001801908591625656,0.010380486397161937,0.018846954912884017
2022-05-05,-0.025830193921141498,-0.00478474834518039,-0.008323466367606724,-0.029045719013901516,0.0011694745805976847,-0.0112015459704774,0.012000044051720948,-0.0429530321267344,-0.017656457853466034,-0.012547034883314878,-0.004716986295579373,-0.005740492749566006,-0.015130603022448064,-0.01079144130051557,-0.02397243451646469,-0.007616883829292598
2022-05-06,-0.015151413981161599,0.0,-0.025179983851545296,-0.017093960797767815,-0.008177432296125886,-0.013388167934967221,-0.011857750523089572,-0.049088450383950155,-0.04084959274307021,-0.03430752888564059,-0.018957366821816146,-0.02193992287459956,-0.022346440392459033,-0.02909092176191619,-0.029824630777488648,-0.008771943701659235
2022-05-09,-0.0038462703387994734,0.0,0.008610232661881545,-0.015217431365937784,-0.015312194769019238,0.020876760579214393,-0.003999896265302172,-0.010324362608679638,-0.011925141502930336,0.005263250339170522,0.0,-0.0035419979837659765,-0.011428576600399643,-0.0056179188734249985,0.0018083378951319062,-0.003318530691151511
2022-05-10,0.005791395642577024,-0.009615246588126514,0.010975535568344075,-0.013245026254918413,-0.0071770104216702935,-0.005112408515348221,0.004015959687457604,-0.013412827690433837,-0.031034617477838644,0.003926554089149992,-0.014492769871072175,0.0,-0.011560698933717806,-0.0037664387965506974,0.023465633811681874,0.0011097972053306648
2022-05-11,-0.03071003472777356,-0.009708770726923222,-0.010856380972833257,-0.02237132792903851,-0.010843338385100987,-0.01747183245491668,-0.008000005684092981,-0.04380665612462675,-0.03736637118304742,-0.03520199905328847,-0.014705899082217977,-0.027251125186641745,-0.029239647303242244,-0.013232572327641412,-0.026454997941371072,-0.016629726981288173
2022-05-12,0.011881092251954994,0.019607734872967075,0.02804879266788385,0.011441666721615507,0.0,0.02196640849738274,0.0,0.0031596164010336825,0.003696864016995649,-0.0013514706533840348,0.019900431675889063,-0.0012181300573259612,0.004517988637693371,0.015325643387512855,0.009058004402238806,0.020293180057433524
2022-05-13,0.017612706419708246,0.004807752229705642,-0.02135236485296288,0.009049819033183581,-0.06942747550364292,0.012282561344410414,0.0,-0.017322904108224346,-0.020257861534109578,-0.0013531081114807053,0.0,-0.009756148979076729,-0.004497668223762297,-0.0037735454581854233,0.0035907032049782295,0.00883988677247638
2022-05-16,0.019230591323590618,0.00478474834518039,0.019394009646567012,0.008968504083118445,-0.013089087287068035,0.013144600305192045,-0.004032225140508716,-0.012820495315868818,-0.011278215176363515,-0.0121951765131032,0.00487805472742342,0.0012316316901344049,-0.00602416659118743,-0.009469597602487112,0.02683353554004242,0.009857545477218288
2022-05-17,0.015094737267469682,0.019047598776560593,0.016646736002491336,0.026666727225764575,0.00397870327992722,0.015968210930707327,0.012145721328573389,0.034090851134547906,0.02851716061453846,0.02880673640424014,0.014563211121542796,0.014760168662062423,0.0166667249476824,0.03059267664467158,0.00522660041817824,0.017353605931776706
2022-05-18,-0.0297402425441623,0.004672954976481458,-0.01169592510490014,-0.038961016356177214,-0.007925935261248296,-0.0019647264848361434,-0.003999896265302172,-0.032966978768978805,-0.025878048118969765,-0.024000105156591234,-0.01435416833756853,-0.01333336127153828,-0.017883761920771346,0.03153987956725923,-0.027729623415337246,-0.011727130593395807
2022-05-19,0.015325759980588938,-0.004651220034673775,0.0011835219749944947,0.020270182568761452,-0.00798925759976954,-0.001968497866617458,0.0,0.003246727145341133,0.0037949849913458955,0.01366124919475098,0.014563211121542796,0.008599567506738959,0.012139541169416068,-0.023381236801415017,0.03208545835407883,0.018338767272731316
2022-05-20,-0.0037735133530512055,0.009345826405888324,-0.0035460753646622267,-0.006622513127459206,0.013422902660991776,-0.007889618531165099,-0.008032204720921254,-0.021035559388114078,-0.0113421759166078,0.002695274369941991,0.0047846088945022736,0.001217908417941338,0.005997071888535599,-0.03499093477653048,-0.0017270723952961253,0.0021186697817687783
2022-05-23,-0.015151413981161599,0.0,-0.015421108779144155,-0.02222211136267127,-0.006622620949021996,-0.0258448524410958,0.004048549804814172,-0.006611605017528666,-0.005736059578239305,0.0,0.0,-0.010948838456180443,0.0,0.007633641086669751,-0.013840793649707694,-0.007399666785776415
2022-05-24,0.007692287220796734,0.013888894637047677,0.015662644117854674,0.01136350223557736,0.009333174308150838,0.007142785066749591,0.008064521905173816,-0.009983369615392479,-0.01153839284917002,0.010752688172043001,0.004761995435815347,0.008610033105267867,0.008941712355720721,0.01704547366895537,0.012280708061111367,0.011714642543967813
2022-05-25,-0.01908404482625492,-0.004566184696378595,-0.01186241401464716,0.006741494355170241,0.013210061152184593,0.0010132177599793124,0.02000004973581393,0.003361228119978188,0.0019454382927479585,-0.007978613634729959,-0.0047394263093617495,-0.0036586252139347852,0.00590848940276012,0.003724420523849581,0.008665417757966587,-0.0115789987130277
2022-05-26,0.031128324851216638,0.009174260761848574,0.021608696153047058,0.03348220345733188,0.006519009157158084,0.016194282233946034,-0.0156863545482111,0.02680081523799327,0.02135926181721781,0.01742616878154979,0.014285731287072556,0.007344119809779892,0.010279122369241778,0.0,0.0257732907553474,0.011714642543967813
2022-05-27,0.03207567169352088,0.004545429426094705,0.031727260867595586,0.0302376628951726,0.024611380041348996,0.015936304322492267,0.011952164732268011,0.03099507415179703,0.026615928296078506,0.013175339221342286,0.0,0.019441170003390518,0.002906944812512746,-0.0037106006864969787,0.02680065781237695,0.01368419811333399
2022-05-30,0.0237657820469952,0.022624471727965556,0.030751596929711633,0.012578539040386527,0.006321091807078849,0.00784311316341002,0.0,0.014240602982338757,0.031481538329644954,0.00780229380077091,-0.014084523568072549,0.016686426632870344,0.004347876843866727,0.026070813889414568,0.0326265448841061,0.005192171141857216
2022-05-31,-0.019642720344048126,0.013274341883960705,0.0,0.0,0.0037688319514765922,-0.003891038724664342,-0.015747973678060134,-0.007800373441663622,-0.017953269430090235,-0.014193402863452165,0.014285731287072556,-0.008206386492452977,-0.014430116857179764,-0.032667911019989226,-0.020537344069144425,-0.00826456280248844
2022-06-01,-0.016393669900807928,-0.0043668660951088345,-0.007734664312917916,-0.02070383119938579,-0.01001248317078307,-0.009765595120443726,0.0,0.0015722725437625762,-0.003656398225764468,-0.007853540359793576,0.004694841189357479,-0.0011819183061078098,-0.011713035597141097,-0.013133266148869005,-0.006451683228800964,-0.0020832703445736733
2022-06-02,0.0,0.013157900927657451,0.007794955678424698,0.01057062938469766,0.006321091807078849,0.025641139529384516,0.008000076735255934,0.004709663931121488,0.005504597004762468,-0.002638444436036669,0.014018791378395346,0.0011833168900019508,0.02666677840369136,0.017110418298244445,0.006493577735371181,0.009394597455328002
2022-06-06,-0.009258962646919944,-0.01731599955789931,-0.01657447654929123,-0.025104522442227495,0.005025169556442055,-0.0057693064461799,-0.003968362216545174,-0.009375090741915892,0.0,-0.002645486634458738,-0.013824981842140316,-0.003545970008097088,0.0028859058299033347,-0.0037384083321734263,-0.02580650099043469,-0.014477853871279756
2022-06-07,0.01682235404439214,0.004405262055635184,0.04494389124322673,0.006437837055861317,0.00249987177914468,0.013539514839417288,0.00796820417896904,0.006309181913639383,0.0,0.0,0.00467290265350595,0.0023724643895599584,0.0,0.0,0.01490082543104676,0.008394556909562034
2022-06-08,-0.005514782372635585,0.013157900927657451,-0.006451658240463676,0.0021322426218626234,0.004987694865208336,-0.011450347447350406,-0.003952536701925968,-0.006269625704538928,0.0,-0.014588958565075472,0.004651085167408198,0.0035502736864456708,-0.007194198697350496,-0.005628589332183576,0.0,0.009365270360075284
2022-06-09,-0.02033275715551397,-0.012987019018071977,0.00649355242145333,0.008510609478720621,-0.0024815003842699745,-0.011582976553360824,-0.007936583458571622,-0.007886414400177122,0.0,-0.0013458235031736931,-0.004629552723404595,-0.0011792379447034262,0.0,-0.0037735454581854233,-0.004894134205163492,-0.010309316234462962
2022-06-10,-0.026414904314660426,-0.021929782601433523,-0.04623669132557118,-0.03797466206950373,-0.01368160762993198,-0.023437428289065032,0.0,-0.01748806339101283,-0.018248207653350446,-0.016172536210716792,-0.009302336394589883,-0.01652903747649559,-0.014492857228117328,-0.0037879050358210486,-0.05245888423184342,-0.007291667219199605
2022-06-13,-0.0058140336788676805,0.0,-0.007891717753389815,0.0021929566743181805,0.007566240535996416,-0.008000170753858726,-0.003999896265302172,0.0032363061855840147,-0.0074349577135917055,0.010958902870382037,0.0,-0.004801891397346658,0.0,0.0019011870312533041,0.006920365727677069,0.01678911381912407
2022-06-14,-0.007797250672379463,0.004484280125156781,0.004545518213800115,-0.015317326920503804,0.0012516204577930345,0.0010082095796788426,0.004015959687457604,-0.0032258662945411354,0.003745412146203053,-0.01897013964353389,0.0,0.006031326019209526,-0.005882355681440132,0.009487698529589306,-0.005154633444307888,0.0
2022-06-15,0.003456707743998866,-0.004464261127708258,-0.012443448653286282,0.011111204597150426,-0.002499991751874764,-0.011077656293306704,-0.008000005684092981,0.0016181530927921184,0.001865588243753269,-0.0013813374032902725,0.0,-0.0023980668844876263,-0.007396336019802274,-0.005639103777128618,0.0,-0.011351872216793901
2022-06-16,-0.013779522860450366,-0.017937200675845033,-0.048110020994239,-0.00219792358189308,0.015037363837717699,-0.02953143004362946,0.008064521905173816,-0.017770583840963527,-0.013035405420806279,-0.0235130653403699,0.0,-0.0024039407875801055,-0.01192244050531488,-0.013232572327641412,-0.018998293043773096,0.0020876194202026355
2022-06-17,-0.005988134016460478,-0.004566184696378595,0.01083035222312767,-0.030836866229936533,-0.02592572756219147,0.008394619980323537,0.0,-0.00986834153848637,-0.022641375868128977,-0.019830109525505235,0.009389682378714959,-0.010843198501301998,-0.03016598952521654,-0.005747066205276097,0.005281621057422914,-0.01562492540804783
2022-06-20,0.014056419014004007,0.02752286429964146,0.03333330707107396,0.05681804422875336,0.021546311968272835,0.0260144337280781,0.012000044051720948,0.04983374686907105,0.04633203560283339,0.02890190352917399,0.009302419424476627,0.019488307802138616,-0.009331298357192597,0.013487400884854894,0.02802113384719518,0.03528119050184997
2022-06-21,-0.0207922974695377,-0.022321385455836174,-0.07027641007527885,-0.02580643859632814,-0.014888406907475837,-0.04751621114335258,-0.007905213821163715,-0.02373411362403366,-0.022140345009446172,-0.005618142034856111,-0.00460846438842466,-0.002389363013712731,-0.026687626778162166,0.007604549387736803,-0.011925110611563317,-0.019169476794444362
2022-06-22,-0.01820007544374891,-0.013698635728739972,-0.061306609211485896,0.03311256563729592,0.007556710839599967,-0.0476190227968476,0.011952164732268011,-0.009724481090735426,0.0,-0.0014123543798941762,0.0,-0.0023953036662758276,-0.06451608429675226,0.016981217545000815,0.041379265890281625,0.014115208102827737
2022-06-23,0.002059770121149551,0.018518498591567623,-0.027576187085093462,0.021367415200138185,0.004999923517384541,-0.00952386165042829,0.015748113542562336,0.013093271288952213,0.0075471836968776795,0.022630765340604597,0.009259353383295865,0.016806838337233065,0.0,0.014842338097997843,0.024834590017502878,0.017130598574985
2022-06-24,0.024665962738986025,0.009090940120706437,0.011940234813462514,-0.01046005996744026,0.004975227718406083,0.031250089796250435,-0.0038759372367638267,0.0,0.0018727495505947989,0.001383248135678139,0.004587161222118441,0.0,0.01551726693865585,-0.005484466401137644,0.016155147209305776,0.002105260450204982
2022-06-27,-0.0020060549133783523,0.009008958945862622,-0.039822937647190804,-0.002114210881732803,0.0012375008611904548,-0.02447556382093663,0.003891018580569172,-0.00484653068612062,0.0056073995768000096,0.004143686453479178,0.0,0.0011806301886205794,-0.008488986652140484,-0.00919120743777313,-0.007949211005516599,0.008403264995859194
2022-06-28,-0.013065402501941104,-0.008928522255416516,0.015361074359809823,-0.013015186691564318,-0.009888719869194373,-0.022700120261827328,0.011627880558316095,-0.01298699502475087,-0.018587307975499123,-0.017881726344873172,0.0,-0.0023585831806399726,-0.0034246976055399836,0.011131672763510903,-0.0016024662402487344,-0.003124869012258724
2022-06-29,-0.030549728791848252,-0.018017998428091264,-0.015128681557440071,-0.02637370303934361,-0.0037452463236519185,-0.04278739407608445,-0.030915354721230748,-0.016447411059072548,-0.03598482383412949,-0.011204545820899026,-0.009132348999765894,-0.018912628705687662,-0.022336798750630327,0.0,-0.027287496881208018,-0.01985372587398726
2022-06-30,-0.04726891262533495,-0.027522946313737084,-0.05990777391444446,0.0,-0.006265763710011418,-0.02809701421112476,0.016393412689795772,-0.02508363363140076,-0.023575679370322677,-0.001416488890106371,-0.00460846438842466,-0.003614326421732428,0.008787370122862015,0.0018348431457821945,0.003300366056130155,-0.008528773538536094
2022-07-01,-0.0297685430846667,-0.007936621722162918,-0.0016340088252828622,-0.011286573826090662,-0.0012610300033519817,0.002628226083629004,0.020161323198466752,-0.006861008631656285,-0.01515157885275975,0.01418437960592911,-0.004629552723404595,-0.0012091823931338341,-0.0017421807438807724,0.009157604769385541,0.016447310851431585,0.0204301244792926
2022-07-04,0.013636316578299335,0.025000063757456337,0.006546609573325091,0.006849278734458508,0.0037878666235169334,0.019659150919043578,0.003952494212339452,0.04145062757635176,0.02747258376655415,-0.005594306406677907,-0.05337360393548374,-0.02421314600387592,0.019197275628938693,0.0036296624910316932,0.003236281345440517,-0.01685991587938418
2022-07-05,-0.02354233705004294,-0.019512227082855382,-0.016260136739891684,-0.04535148233637121,-0.056603652857617925,-0.04498708485231351,0.007874069399643524,-0.034825727861783284,-0.03850262501530355,-0.009845228888634816,-0.0744681709515419,-0.08344725019189958,-0.006849317722221193,-0.0036165356871008525,-0.011290213725632547,-0.03215430013072307
2022-07-06,0.05051636156438977,0.029850753843612354,0.05123973581968455,0.04988128371385114,0.03333322242521253,0.07267826388169984,-0.003906242940358462,0.01718208373708574,0.0022246484945909195,-0.0014205128868277628,-0.027586097749264682,-0.029850764650659833,0.0017241581094651348,0.0036296624910316932,0.008156460291163903,-0.0088594363149479
2022-07-07,0.020765087993822595,-0.014492757194284334,0.02358480688589193,0.029411732041660477,-0.016774201458348403,-0.003764006430365119,-0.023529369073987172,-0.005067482025945869,-0.0055494197680605595,-0.002844933033362862,0.0047281293925725,0.0,0.010326987251444653,-0.0036165356871008525,-0.006688950759847878,-0.001117180543929952
2022-07-08,-0.010706624441421786,-0.00980389623886857,-0.021505434755598074,0.00879121037194519,0.023622097328814817,-0.027707929622706517,-0.004016125612467891,-0.011884589531981793,0.005580387681775267,-0.021398007844541045,-0.001176591094534274,-0.021538475209886276,-0.008517910284600583,0.0036296624910316932,0.0,-0.019015770637927032
2022-07-11,-0.027056242126802355,-0.004950524216721819,-0.03610658906625064,0.006535913229035684,-0.0153846267429808,-0.04792732459771576,-0.012096821557113002,-0.04123714735835393,-0.027747003026842965,-0.024781397439148534,0.0058893998959339555,-0.047169841920617794,-0.006872932928021713,0.0036165986984377785,0.0016834985287248472,-0.05587226828690173
2022-07-12,0.04671848504265852,0.019900530758076407,0.03257323481684038,0.03679658003272812,0.031249960946375,0.035373996471445235,0.012244946489776254,0.05197133899129169,0.03881278201320093,0.0418534733941649,0.003512757677453626,0.0231023259598111,0.005190451073255664,0.009009103468228252,0.013445469922055864,0.01690809255918979
2022-07-13,0.009564365029762767,0.024390221651176658,0.018927342588425544,0.0,0.013888965470815196,0.01971100085674271,-0.008064501641353639,-0.006814346058544141,-0.010988976587105848,-0.008608270111274074,0.015169211255659842,0.011290296820973156,0.006884684130620489,0.016071384014820778,0.006633486160258384,0.0023753908961408055
2022-07-14,0.03684219495322294,0.0,0.0030960170621627814,0.02296441083716383,-0.007471955514887996,0.003865985642080627,0.0,-0.01715270425196569,-0.018888838690796717,-0.018813337549237863,-0.004597603984375365,-0.001594864532257989,-0.010256452703254149,0.008787437919234087,-0.016474432480786616,-0.027251198899297058
2022-07-15,0.006091282197535408,0.0,0.0200618244410673,0.0,0.012546949679072217,0.026957681484998997,0.0,0.04013980824179453,0.02378251228926409,0.007374656716446992,0.01616622414767499,0.004792368380900802,0.05872191938594051,0.0034843444591716732,-0.011725153371373476,0.025578481397842356
2022-07-18,-0.00908186923132126,-0.009523865811569276,0.0015127087914346138,0.004081633743446833,0.004956732507468864,-0.002500157179337159,-0.012195099864907522,-0.016778655107676288,-0.005530908167901694,0.0,0.006818224831181663,0.012718543285709316,-0.013050576502214861,-0.017361169295780243,0.015254086996346228,0.00593838049884754
2022-07-19,0.008146656639026473,-0.004807639255074214,0.013595179555072168,0.012195258225099703,0.0,0.021303333375199296,-0.012345726894116171,-0.008532400413453156,-0.0011123722606009023,0.0,-0.009029432968062134,-0.006279439121404495,0.008264485064214622,0.005300297557648381,-0.01836401978480251,-0.02479340432568722
2022-07-20,0.012121303604202271,0.019323703637448064,0.06706414863298771,0.004015999071603327,0.03205907995621682,0.050306643671681917,-0.004166659229348668,0.0051636072553356005,0.0033407368982472097,0.008784720277448033,0.011389656615314436,0.02685629109586829,0.0,0.0017575120796422539,0.0017007953688199517,0.008474614714485629
2022-07-21,0.003991958520471295,0.00473936437063549,-0.015363177512933701,-0.00800000157080949,-0.008363175059521999,-0.008177441214772041,-0.008368185837449915,0.0,-0.0011099031163039896,0.013062468409593464,-0.010135151759875338,-0.004615482756683664,0.009836032494086266,0.04385967700760096,0.0016979075754788298,-0.008403399144444434
2022-07-22,-0.006958150761605442,0.014150946044275248,-0.024113427187877123,0.010080548189270733,0.0,-0.045936470387169304,0.012658204967713083,0.01369851897232488,0.012222212310496916,-0.012894040414013319,0.027303736979159332,0.013910397572296507,0.01623381012103242,0.0,0.01355917533951878,0.01573852792029351
2022-07-25,-0.009009141407835708,0.004651110929580815,-0.010174391422504203,-0.005987862412808687,-0.006024076880611684,-0.0469135844513654,0.0,0.0,0.0010978145672269068,0.004354110495959906,0.0,0.001524359851567736,-0.012411385200777336,0.001680654552226546,0.003344591328493518,-0.004767574204147862
2022-07-26,0.01414160914463003,0.0,-0.005873683487116921,0.02008019249774251,0.010909171710562715,0.022020802685360996,0.012500049086298759,-0.007181256522905688,-0.007675517581788416,0.015896063982061337,-0.0011074418558786325,0.003044205027045388,-0.00897661508105585,-0.02181208485313657,-0.0016667791380241548,0.005987967289867724
2022-07-27,-0.001992133566171117,0.004629578247594024,0.007385456571056936,0.031496071107991463,0.011990482739175912,-0.016476540633874603,0.0,0.018083090567205362,0.012154685908477791,0.01280233284508725,0.009977752567860376,0.010622130458959989,-0.009057998444921167,-0.022298460771580597,0.006677783142314153,0.0011905231756375034
2022-07-28,0.01596816114147459,0.004608400721667794,0.001466240232374183,-0.015267054481085118,0.0023694327257823833,0.0347937522847126,0.0,-0.0035524512937302744,-0.006550272870704199,-0.005618142034856111,0.009879271052267047,0.010510610597191272,0.012797114062164106,-0.007017531204242644,0.0016582561670619445,0.004756236349283904
2022-07-29,-0.009823297944333897,0.0,0.016105469375272685,0.0019378896105626264,0.00512825341692591,0.0037359963118688277,0.0041152187924422545,0.008912790488427191,-0.0010987363867491773,0.004237396257843917,0.005434802090898527,0.017830496986603883,0.03249099917227927,-0.0017668274166254827,-0.004966763081680647,0.0
2022-08-01,-0.023809376734680088,-0.00917436558997553,-0.015850194552318286,0.0,0.0038265382425262118,-0.029776610677492155,0.0040982829446623015,0.0,-0.013201428579840191,0.004219450151927706,-0.009729746592863964,-0.011678840206241436,-0.008741356188952332,0.007079633464779134,-0.009983457175894217,-0.01065092191219763
2022-08-02,0.018292550522190476,0.004629578247594024,0.00439239072370623,0.02127656880925355,-0.0025413760693495657,0.0051149409541799695,-0.008163181091270788,0.0,0.0022297050452850797,-0.0028011034233447196,0.0010917249695565623,0.0,-0.010582043301800015,0.003629786960679837,0.003361455173699124,0.0035885609188663903
2022-08-03,-0.0019960446721535297,-0.004608244021313435,-0.0029153815442528597,-0.01136363918088834,-0.002547625663608555,0.017811892072493674,-0.008230508101673917,-0.010600688259585933,-0.0022247445212016936,0.0014043533230532201,-0.008724005513362165,-0.005908301752671874,-0.007130074382954654,-0.01627478360726864,-0.0100502313462012,-0.01668650971451735
2022-08-04,0.032000130561146145,0.0,0.04824554648878299,0.0057472219159024895,0.010217095623448413,0.053749931180162136,0.012448181754901144,0.01785714125953608,0.020066864203956314,0.005610130930179258,0.0010999505580069346,0.004457501636236039,0.016158038903057337,0.02573520563725684,0.02538065986890481,0.007272717578750587
2022-08-05,-0.0077520162647601865,0.0,-0.011157436752032734,0.007618924138945493,0.00758534972776026,-0.026097277989016177,0.0040982829446623015,0.01929818239030756,0.008743273851345545,0.00418414115701915,0.0,-0.005917164097028582,-0.012367528583283383,0.00179218643721768,-0.008250808979938462,-0.0036101525370315635
2022-08-08,-0.003906385763963072,0.009259313920999102,-0.021156681123385424,0.0018905143504328592,0.010037623462046952,0.0,0.0,-0.0034423924420514673,-0.0010835416707586365,0.024999980346030348,-0.001098741996135244,-0.002976069876030718,0.0017889142456783969,0.008944418350831373,-0.003327780472985209,-0.0024154558480583566
2022-08-09,-0.01960775620050481,0.009174287599211128,-0.03746404693324634,0.026415097601657056,0.012422311088940319,-0.018270431960812794,0.0,0.005181425161893571,0.0065076466228879415,0.008129968539586585,0.004400437150301695,0.010447675258165257,0.0,-0.007092123902710634,-0.0033388915711570766,-0.00847451609906591
2022-08-10,0.027999991348357733,0.027272732893218965,0.0029940524450846606,0.001838205436978102,-0.0024539564224852484,0.03473958827695478,0.020408197522195026,0.029209543008739347,0.01724139855705853,0.026003219574240344,0.014238605918460268,0.01772527091600251,0.016071404909385967,0.003571511207240974,0.02512569489803118,0.00976789719435156
2022-08-11,0.005836555904741303,-0.00442487995543972,0.020895579377428142,-0.020183519291502527,-0.0049200951213310695,0.015587407031565803,0.0,0.001669557856983861,0.0010592546095820055,-0.002793294881140662,0.012959135011772593,0.010159628724619285,0.010544847955906489,-0.0017795505570619152,-0.0016340972610142668,0.010882744434522529
2022-08-12,0.011605376381436994,-0.004444395411548618,0.03216373432718256,0.0262172332844417,-0.03831880677572774,0.027154636345950722,-0.00399992432927565,0.0016665245748077595,0.0010582251288089317,-0.0028011192331560686,0.007462659672886174,0.014367767033202528,0.013913014992148476,-0.003564904674633107,-0.004909974129325589,0.011961707336536564
2022-08-15,0.003824099805439518,-0.008928548386974322,0.0,-0.005474423676750995,0.007711983140849421,-0.010344739388707391,-0.008032182407347932,-0.0016637518913944493,-0.004228334632967123,0.005617975084372562,-0.0010582222006624287,-0.002832688022940122,-0.005145813432740343,-0.0017889802510753228,0.0049342009282320465,-0.002364063234767899
2022-08-16,0.003809781462376094,0.013513440032803192,-0.004249295558643618,0.0,-0.007652963614476982,-0.004645839382881434,-0.0040485756933388295,0.008333290886695766,0.007430983478557307,-0.001396647440570331,-0.002118686442354467,0.005681821511686946,0.006896573055254596,-0.012544760819274137,0.0016367719055019325,0.00829387671274251
2022-08-17,-0.013282787906706894,-0.004444395411548618,-0.001422440698457983,0.0,0.015424080022730102,-0.00816811326433231,-0.004065102945132515,-0.008264421061976224,-0.004214968007724251,0.008391542877212999,0.0,-0.002825035226985295,0.0,0.0072594509978178845,0.0,0.0058753852066295575
2022-08-18,-0.0019231120698837145,-0.008928548386974322,-0.012820523813678486,0.0,0.010126676993548855,0.011764798788232333,-0.008163181091270788,0.0,0.005291034291737828,-0.006934748842173266,0.001061592402607836,0.005665726683942163,0.0,0.0,-0.011437998769112667,0.0011682704335276295
2022-08-19,-0.013487533461998269,-0.009008985550378434,-0.023088006950560125,-0.009174343326927348,-0.008771983324304955,-0.02441853863416521,0.0041152187924422545,-0.016666665274973624,-0.012631502423997354,0.0013967092336613085,0.0010604666193017032,-0.0028167292051212156,-0.0051370020813023,-0.003603565591082991,-0.009917335984886422,-0.007001157877588149
2022-08-22,-0.015625031003188572,0.0,-0.0014771802273241263,-0.014814878110461671,-0.010113762346442123,-0.0274135586050136,0.0040982829446623015,-0.013559354849228433,-0.011727068294589138,-0.01813121627640546,-0.00847465842971784,-0.009887098823203044,-0.008605878551534496,-0.003616598240057667,-0.0016694457855785938,-0.005875480925003229
2022-08-23,-0.001984163494811897,-0.00454548124278964,-0.013313510510663318,0.0037594609347866292,0.0012770663187320341,0.002450909135163659,-0.004081555575061402,0.0017181527107972272,0.0,-0.002840845173278206,0.0,0.0,0.008680582591069852,-0.0018149546086815294,-0.013377783625684092,0.005910206228964432
2022-08-24,0.009940410829225144,0.0,0.004497642037554872,0.003745257757495457,0.0076530764850522015,0.012225033970293175,0.0,0.0,0.004314906000814744,0.012820570189815639,0.0032051925758131983,0.00998582970836126,0.003442351420613887,-0.005454457220891884,0.027118468594138356,0.015276078111935876
2022-08-25,0.007874031494706779,0.009132396340085336,0.011940234813462514,0.0,0.0,-0.0024156107623943823,0.0,0.003430497387316933,0.004296460304592076,0.008438814364378988,-0.007454800519417937,-0.00847475603345893,0.0034305422884934877,-0.00548443317787517,0.001650161795987648,0.0
2022-08-26,-0.026367191812943558,-0.022624414546931648,-0.03687304520101742,-0.02052230148992451,-0.008860702352694316,-0.032687595805860226,0.008196706344897997,-0.015384504707948277,-0.02459884289185077,-0.009762896156782941,-0.02038614469337008,-0.021367390761594995,-0.015384662562705431,0.0036763693374795015,-0.023064205473101285,-0.03125000883857876
2022-08-29,-0.005014972933543249,0.004629578247594024,0.006125541275185498,0.005714193104209286,0.0038314249856330473,0.011264098680492385,-0.004065102945132515,-0.0052084982344634545,-0.02521930084040036,-0.0014085746326452098,0.0,-0.00145575513333851,0.006944466072855926,-0.005494416529253754,0.010118023665269371,-0.005973757043856942
2022-08-30,0.018145163022030175,0.004608400721667794,0.01522079044717417,-0.00378781774742043,0.008905794406790957,0.01732679886949917,-0.012244876548628159,0.001745314533028841,0.0022496725802425566,0.012693930367035478,-0.0021907145274743245,0.0014578774459141908,-0.001724072968087964,-0.012891362350368918,0.025041570640239597,0.007211627893315642
2022-08-31,-0.02871297492445224,-0.013761470394198838,-0.02848585589157826,-0.017110300460852934,-0.015132326817729913,-0.01581507263820947,0.0,-0.005226559300499978,0.0,-0.02089129555746083,-0.012074614339717682,-0.013100414914235414,-0.013817037987929104,0.0018656203160796192,-0.0390876504081511,-0.0059665309709051595
2022-09-01,-0.011213154087849508,0.0,-0.04320993603439238,-0.013539686486278457,-0.0025608998341680733,0.0012359443159006833,0.0,-0.008756436349674157,-0.011223405234514483,-0.0042674234400407185,-0.013333234394915072,-0.01179941720980604,0.0,0.011173254565415736,-0.015254499699198565,-0.01560627078823329
2022-09-02,0.0020619614134287367,0.004651110929580815,0.017742054200616586,0.001960881067580633,0.01668801874590642,-0.017283904368314063,0.008264518988312375,0.0,0.0,0.008571487984602166,0.0056305573353925276,0.0014924458629672621,0.015761870885940832,0.02394103048871732,0.010327063079149434,-0.0024390212405343004
2022-09-05,0.006172818277956127,0.004629578247594024,-0.0031696146272808257,0.007827661820007492,0.0037878864058653594,0.0037688504613335727,-0.0040983531724489985,0.0053002556122137,0.004540300346722814,0.0014163672164351215,0.005599216322068834,0.010432290368694641,0.006896573055254596,0.0035970840987957775,0.027257307034716405,0.007334953829792212
2022-09-06,-0.03374231648701609,-0.023041376806921532,-0.015898166087134236,-0.001941652811939809,-0.002515691207892412,-0.018773497800820493,-0.008230508101673917,-0.014059789546052803,-0.024858736781462665,-0.011315349719495882,-0.016703843549516262,-0.014749271512257467,-0.015410936429660294,-0.0053763778979032395,-0.03482580234135668,-0.021844730976114834
2022-09-07,0.00529106804293944,0.009433937296833284,0.006461939612672607,0.04280150092776558,0.006305257062754865,0.0025509465067103942,0.004149370217635395,0.007130143084223883,0.0,0.0014305511441814467,0.0,0.005987904122381815,0.017391286466932998,0.01981988434251325,0.025773143502295426,0.00992564733789858
2022-09-08,0.024210522176248084,0.014018615110285682,0.006420511433150589,0.007462749444160144,0.012531388907524699,0.021628575676851503,0.0,0.01415923945862585,0.0208574473842289,0.01571434196718413,0.012457499948878015,0.022321537111572365,0.015384662562705431,0.01413430447867392,0.013400308461601673,0.013513545968391716
2022-09-12,0.013360816825555677,0.013824967114471898,-0.0015947378570894122,-0.0037037043770616895,-0.0012377720453641272,0.014943985247475089,0.0,0.0069809083872063304,-0.00908050270487648,-0.014064752834935579,0.010067131115254924,0.0014556350215289005,0.0033669448968129956,0.0017420535633561052,0.0016528893308143111,0.004848478385833577
2022-09-13,-0.026369185076464352,-0.022727251650429214,-0.01757199922786068,-0.0037175336248349566,-0.018587397281904283,-0.01472395074476085,-0.012396672270190479,-0.017331109209918427,-0.01832762543926625,-0.008559134244369604,-0.02436326430288227,-0.017441990861982837,-0.01677857514071479,-0.02086952143446663,-0.016501617959877035,-0.018094114391811078
2022-09-14,-0.0015715919210931295,0.004651110929580815,0.001626038143168529,0.009328391014344461,0.005050552451310697,0.006226698689710375,-0.004184092918724902,0.0017637834405113129,0.005834236485927624,-0.005755456412550819,0.0,0.01183445026036134,0.006825959938013382,-0.0071047205798419055,-0.008389245097509379,0.004913998521377305
2022-09-15,-0.00944391559222213,-0.004629578247594135,-0.025974069598054816,-0.022181211212172758,-0.0012563209306891698,-0.011138632030139095,-0.008403418217094671,-0.005281769339805287,-0.006960514786862659,-0.001447241382997566,-0.018161169854105097,0.0,-0.005084692470432861,-0.03220037689492494,0.02538065986890481,0.009779938439722802
2022-09-16,-0.010593197230447493,-0.004651190008588824,0.006666693837651838,0.017013330043904373,0.002515802516737553,0.0,0.0,0.005309814555524817,-0.0011682508076350517,-0.0014492106832110219,-0.011560734412791485,-0.014619891859547707,-0.001703652176570536,0.005545321093226807,-0.024752426939815497,-0.01573842930487368
2022-09-19,0.020342644317699277,0.014018615110285682,0.0016556514139030032,0.007434945594665399,-0.005018867245781822,0.00500622771920245,0.0,0.00176050157403429,0.007017501346665123,0.0,0.007017588184168533,-0.0029674832953957564,-0.02389065105511623,0.02022046554856738,0.015228513636939889,-0.004920042545653591
2022-09-20,-0.01154246472883147,-0.013824810414117539,0.0,-0.014760150275066719,-0.008827181344544965,-0.01369869131344792,-0.004237208143292981,-0.007029894773026402,-0.011614365408989302,-0.005805512629886045,0.001161463430516152,0.0014882498255726073,-0.008741356188952332,0.012612753160347268,-0.0033334423261952573,-0.00370842782032732
2022-09-21,-0.013800441739765912,0.0,-0.023140557949055007,0.011235957121903617,0.005088993208633763,-0.021464490345048604,-0.012766007092671727,0.010973528073826566,-0.02115155978640182,-0.01751824025471027,-0.003480347994627264,-0.013372995350367844,0.0035273477672665976,-0.017793704345317907,-0.02341132493584852,-0.01612896216635873
2022-09-22,-0.02045220028858774,-0.004672924669120726,-0.018612517703843978,-0.01296299562082337,-0.021518880574637356,-0.011613040243843131,-0.008620600513476573,-0.011029401768146041,0.010804359674267072,0.007429417086265655,0.008149077966506546,0.01054208202096607,-0.02108962425712002,-0.01449266148740791,-0.008561745623557937,0.0012610837883708648
2022-09-23,-0.018681300030628623,-0.023474237239349716,-0.018965319069387587,-0.022514014734566157,-0.010349384155205699,-0.03785905296578562,0.013043379464051208,-0.016728609204154088,-0.014251796815237805,-0.016224181379433267,-0.006928449782091728,-0.013412795431888558,-0.026929918441588097,0.02022046554856738,-0.020725348756789108,0.002518785738452989
2022-09-26,0.003359725214628684,-0.004807639255074214,-0.001757624837448013,0.005758064075430003,0.006536037681002194,0.012211690512159867,-0.004291837918290242,-0.018903604129519747,-0.013253000519423686,-0.026986560548639682,-0.009302416101038324,0.0,-0.011070219234918688,0.012612753160347268,-0.005291117602122419,-0.001256331030383806
2022-09-27,-0.022321519810217905,-0.028985514388568667,-0.040492972322797915,-0.03816788601338761,0.009090734617273277,-0.02949050377207052,0.004310337186869351,-0.034682049039265195,-0.028083137479273157,-0.015408314190537897,-0.004694736638377384,-0.016616356752860995,-0.0055969563146073265,0.008896672050128895,-0.02659563379623242,0.00754716091849561
2022-09-28,-0.006849477609514265,0.00995030767254046,-0.0036697051382499346,0.0019841598360934576,0.0064350955515568575,0.009668354706413806,-0.004291837918290242,0.003991980419438379,0.008793953227178797,-0.004694833730350956,0.010613128435402075,0.009216596579126435,0.013133248439839207,0.008818397779606135,0.05100184803813135,0.019975109544039693
2022-09-29,-0.029884947610781643,0.004926053501316252,0.014732955184365792,0.001980101137054824,-0.015345185481578594,-0.02188763328938914,-0.017241348747477625,-0.007952215749314484,-0.004981218567708834,-0.02044031260647916,0.010501865245175601,0.01826485337313577,-0.011111144667915962,-0.01223777977010665,-0.008665614597481053,0.01468796389360505
2022-09-30,-0.011848391365372413,-0.00980389623886857,-0.005444514498016972,-0.003952505518173499,-0.03636374292837197,-0.011188936104871372,-0.02192986016163967,-0.02004018785440953,-0.023779723979693634,-0.01605128764891195,-0.0011547574980692588,0.011958154968314316,-0.009363324476089785,0.00530970808758946,-0.019230672164069262,-0.018094114391811078
2022-10-03,0.028776960990767098,0.01485148848191109,0.04562035903132977,0.025793623352596384,0.02695419172010083,0.06647816854216448,0.004484373848583134,0.011247417622499256,0.014102552041627803,0.001631320663856961,0.015028821293681771,0.001477197324163626,0.02835547494081392,-0.0017605744667276158,0.017825090558704737,-0.0036855489256369944
2022-10-04,0.03729609129489497,0.04390244873403204,0.04537516933715957,0.04255320091676129,0.0,0.015915023290278052,-0.004464354016182059,0.023255874541362465,0.030341374017542444,0.004885919314488341,-0.0011388811469345006,0.00737460532957579,0.014705851492147648,-0.022927596181415932,-0.0017510057942251578,-0.0024659877098354155
2022-10-05,0.01348310081810511,0.004672924669120615,-0.020033344209403392,0.0333953047781399,-0.002624638387865086,0.016971388601224158,-0.008968517173655766,0.0019763142164208602,0.0012269157543269849,0.016207521326506935,-0.018244002963263783,-0.0102489990154766,0.00724632489449073,-0.0018051262735681028,0.02982437746828248,-0.00370842782032732
2022-10-06,-0.028824726212712037,0.0,-0.03577509424887959,-0.012567414191547277,-0.0157895043249745,-0.023106643148839257,0.0,0.0,-0.007352896836324674,-0.011164269595369869,-0.01161444278674617,-0.008875624079238587,-0.008992833452005855,-0.005424988887095639,-0.01533210928190798,-0.007444159706579301
2022-10-07,-0.08333348831628185,-0.032558250981113535,-0.022968238865057944,-0.038181914247848225,-0.02406415941923712,-0.06964506109720936,-0.013574712909263154,-0.023668710890836997,-0.022222300379192705,-0.030645219530150314,-0.007050476419677154,-0.013432936462362655,-0.007259476696411582,-0.025454460901941922,-0.0397924288790511,-0.01249998472693592
2022-10-11,-0.009962553588491296,-0.009615278510148428,-0.00723330196632499,0.028355550073173807,0.010958885179357836,0.036723069554181365,0.00917429534052916,0.0020202323990217153,-0.0012625460265770494,0.0066556452105068775,-0.043786979939114845,-0.015128603900286697,0.005484402918614739,0.03171636376593301,0.0,-0.011392442521983126
2022-10-12,-0.006289416955711391,0.004854314844277896,-0.009107521921981498,-0.01470600443546699,-0.017615071112272562,-0.008174400404185045,-0.009090892805026729,-0.02923392488628196,-0.05309734996184545,-0.016528991497574697,-0.02351491361868463,-0.0199691975226447,-0.021818101488175423,0.014466453978236649,-0.019819843986629837,-0.03329061307944825
2022-10-13,0.04303793187218474,0.014492757194284334,0.07536776439675896,-0.007462688389685779,0.0,0.06318681301331486,0.0,0.006230623443867822,0.005340575197560149,-0.01176470150826936,0.012674421022679239,0.006269531862580946,0.0,-0.01782518499984065,0.01838238162146766,0.03178804002991109
2022-10-14,-0.036407532226349515,0.0,-0.011965843406264942,0.009398590823436193,-0.016551816142819087,-0.02454774544537841,0.0,0.0051599374788198205,0.0,-0.005102038896820038,0.008760816099428803,0.004672932632343141,0.00557607351483691,-0.012704131105408245,0.014440405105402565,0.014120702824987452
2022-10-17,0.025188693600594503,-0.014285717755507688,0.017300944595580736,0.014897581413064076,-0.008415225856560071,0.013245013755252444,-0.00458722627384367,0.036961049804764556,0.013280168482743937,0.01538476082792739,0.0037221589933813526,0.03565897066220125,0.005545454785246706,0.007352862729939069,0.010676259888724005,0.005063387983663681
2022-10-18,-0.02825544406673064,-0.0048308643079570945,-0.01870747962000119,-0.016513854016207086,-0.0014143466062878085,-0.0013072717955208146,-0.009216494884436655,-0.0019803220671316124,0.003931710655060261,-0.023569160249508503,-0.008652728526273301,-0.010479141034573036,0.009191129077226634,-0.010948973875439028,0.015845038400327915,-0.01889181634695225
2022-10-19,0.005056928237194835,-0.004854397378194597,-0.012131749106574108,-0.009328268905395842,-0.008498537587479982,0.03403145157801002,-0.004651233964982682,-0.008928516484416393,-0.011749276637294859,0.006896549093706517,0.0074813439299421525,0.022692874641345284,0.041894406667457806,0.003690184845426714,-0.043327650986165644,-0.006418425236618175
2022-10-20,-0.02012601949836479,0.009756072073165978,-0.005263097103055836,0.0056496875699108,-0.017142890010766187,-0.011392424069420204,0.009345858001763796,-0.00600600055557865,-0.03434619824700713,0.01712343270498229,0.012376281066722505,0.0,-0.01923089808104439,-0.0073529867849191355,0.009058142939226022,0.020671808519091117
2022-10-21,-0.006418514124771568,-0.0048308643079570945,0.03703700508996488,0.005618009202521312,0.007267477473983819,0.008962961733282038,-0.00462962118230581,0.0030210972264548275,0.012311945932023338,-0.0033670760960687884,0.0024450365697159526,0.013313649734890243,-0.0017824640883560283,-0.0018518634235102915,0.016157893477970475,0.020253139497488526
2022-10-24,-0.04134340187036756,0.004854314844277896,-0.04251700495290389,-0.03351961912016754,-0.007215042316475073,0.0012689986602874015,0.02790700528803991,0.0030120935022348583,0.013513587607975497,0.011824244285854046,0.0036584083264308287,-0.001459764678898745,-0.02678572338649987,-0.011131732502367653,0.03180218051304751,0.013647676659958474
2022-10-25,0.01347697058428321,0.0048308643079570945,0.02841929926566178,-0.013487384310279293,-0.0072673488540315745,-0.03422052988220903,-0.018099668903389654,0.00900895307041294,0.026666695826321085,0.006677793861006087,0.00364517334108605,0.0029237974139906253,0.001834868013238955,0.009380858525911417,0.013698483268613781,0.004895954730614216
2022-10-26,0.0252660851299098,0.0,0.017271258391626354,0.007812500998693572,-0.0029283494989402747,0.030183756093361103,0.009216652816063098,0.013889003285437296,0.0,-0.014925220912948123,-0.0012105782257821884,0.0,-0.009157611867230298,-0.013011171302079294,0.008446047582068905,-0.0012179756779900908
2022-10-27,-0.015564150042189695,0.0,-0.0407471869732251,0.0,-0.005873769887466351,-0.024203938493096544,-0.004566201828186456,0.007827718846043163,-0.006493429324002986,0.003366927126879693,0.004848481820066919,-0.004373030903152664,0.003696869372484146,0.005649689510776046,-0.03182579086256798,-0.0024390212405343004
2022-10-28,0.027667825366932686,-0.014422999505552703,0.044247850072276274,-0.0019381432942398025,0.010339798414124246,0.020887844425976798,0.01834859068105832,-0.009708883586789008,-0.011764971404583435,0.003355703203329119,0.0024124940078011914,0.0,-0.011049683517619813,0.0037454052074357147,0.010380662403121965,0.014669907659584203
2022-10-31,0.0038463710702900666,-0.009756072073165978,0.015254186492273503,0.01359226866842378,-0.020467832852780643,-0.0012788528233944607,-0.013513489522865907,0.019608046766135034,0.007936689191102575,-0.00501679416738765,0.0024067871039152866,0.005856519088023759,0.00558668549394814,0.007462670124144477,0.0017122061728289673,0.0024095373397812203
2022-11-01,0.008939728388325463,0.004926053501316252,0.0,0.028735733427806,0.004477686651613633,0.007682471351146969,-0.009132481901032219,-0.0019231056863018292,0.010498698963430586,-0.01344537315230776,-0.006002421991724405,-0.00291127004305769,0.007407429778610641,-0.005555590270530986,0.00683771275018108,-0.015624834786558961
2022-11-02,-0.02784802504071926,-0.00980389623886857,0.001669408713396603,-0.0055866235002857145,-0.007429456258630007,-0.00889451216299153,0.0,-0.003853622295553083,0.009090890744951619,-0.008517884353797411,0.0,0.00291977028281476,-0.012867760582457088,-0.014897547081793472,-0.013582492854319006,-0.0012210493107193132
2022-11-03,-0.00520837266631502,-0.004950524216721819,-0.00500000470267048,0.00936326696001677,-0.0014970529874095417,-0.0025641460913717884,0.0,-0.00386843785714297,0.002573949810256382,0.015463911647909612,0.001207753640960485,-0.011644900004516234,-0.0037244063795511817,-0.007561420153640808,0.0017213468139338772,0.006112511314763092
2022-11-04,0.020942396765794236,-0.00497515383627023,0.03852591554299889,0.012986985389444206,0.017990973170256108,0.029562953293318373,-0.0046082079593117165,0.025242726722212616,0.015404382067683464,0.02199668253431497,0.020506646616421653,0.030927826281558213,0.014953241541776352,0.0,0.015463886101377167,0.008505406948611238
2022-11-07,0.023076889657825284,0.0,0.0,0.003663064477450906,0.002945535643014363,0.0024969214660743866,0.004629541850917018,0.007575780852796976,0.00379264446776606,0.006622513645639261,0.010638218040491365,0.007142891665200102,0.009208132169415295,0.0,0.0,0.003614502290002708
2022-11-08,0.045112881424363316,0.025000063757456337,0.04838708405104675,0.0,0.014684229805610682,0.032378672872791725,0.00460836589093816,0.00939836794314064,0.011334943990679136,0.0032895450174654783,0.005847974081605978,0.002836822819305862,0.014598585763864191,0.009523740354576038,0.003384087982520656,0.0
2022-11-09,-0.022781809620715743,-0.019512227082855382,0.015384707991056068,-0.010948907071013148,-0.014471723689273963,0.004825061168722833,-0.00458722627384367,-0.016759674278469805,-0.012453153926039628,-0.016393506830633897,0.0,-0.0014144573672815186,-0.008992833452005855,-0.009433894393836684,-0.0033726745550898274,-0.009603828858385066
2022-11-10,0.08343581514700937,-0.00497515383627023,0.060606077879413744,0.046125379041697556,0.03524229446970595,0.05642247639896869,0.009216652816063098,0.05113640779427664,0.05674661960325289,0.028333247057820588,0.01976745445741046,0.028328633419711036,0.016333989056805276,0.0,0.023688615877644592,0.01696967435041774
2022-11-11,0.007927375223583333,0.015000089260438942,-0.004285610635021753,0.007054675553606948,0.03546097821946903,0.020454580363765906,0.0,0.014414286151521516,-0.0035801360499087,0.014586776364659437,0.015963455586767594,0.019283817632822053,0.0339286023712424,0.017142771201615004,0.018181897630563437,0.014302722612443475
2022-11-14,0.07865158008577189,0.0,0.035867782245201596,0.02626979501990112,-0.008219254799444409,0.03786184216252386,-0.004566201828186456,0.0017763104813421915,0.015568906230291946,-0.004792400913204431,-0.0056115998912528164,0.0027026487563543977,0.00518129242191967,-0.01123589967700278,0.008116866616175722,0.009400692905306318
2022-11-15,0.014583410266881591,0.0,0.009695370102018597,-0.01535839227033109,-0.015193299262032944,-0.028969908915858933,-0.00458722627384367,-0.01595743195826449,-0.016509401548955083,-0.009630815199802911,-0.013544102923494283,-0.0242587220390863,-0.010309310127659677,-0.007575805021948878,-0.016103139138041067,-0.03143199955772713
2022-11-16,-0.004106807092470133,0.0,-0.005486939142360869,0.012131803253621953,-0.005610088515971001,0.007734785860014526,-0.0046082079593117165,0.0,-0.003597203844760033,0.0,0.0,0.008287241498117881,-0.013888790577927801,0.0,-0.003273202223823657,0.004807784563630957
2022-11-17,0.004123742507447181,-0.009852274509892567,-0.004138038539427624,0.003424601881765854,0.008462639960749696,0.0,0.00925924236461162,-0.00360365751119629,0.008423777683242983,-0.02106961279598296,0.003432563249413878,0.002739784558751568,0.0,0.011450389544422457,0.0032839512603921595,-0.009569365869229296
2022-11-18,-0.010267051184581821,-0.00497515383627023,-0.002770016416880572,0.0017065128500561855,-0.013986020477079086,0.0010965603233703547,0.0,0.00361669082625804,0.00477317134453048,0.011589325628456715,0.0034207270525679068,0.00956293254396745,0.021126680694557143,0.001886804345150761,0.01145660630175982,0.0
2022-11-21,0.018672308004727745,0.0050000297534795735,-0.009722196531707361,0.0,0.0014184215561918734,0.009857628482884184,-0.00458722627384367,0.007207143075760758,0.00237535073281836,0.01145676915431304,0.007954517559976226,0.025710294982520088,0.0,-0.009416191548666353,0.0032362397613729943,0.007246367544174959
2022-11-22,0.002036774760663107,0.0,-0.011220241791920826,0.006814199501038232,0.0014163498158432652,0.0,0.00460836589093816,0.02146697161142308,0.013033060831008525,0.006472417073744685,0.0022547437505153756,0.006596446812684453,0.0,0.00570345790899629,-0.0016127879395374523,-0.0035970689001461054
2022-11-23,0.008130075378085744,0.004975153836270119,0.03262407366060471,0.021996649072581143,0.01980204154048626,0.0021691344435512683,0.00917429534052916,0.010507787394816726,-0.004678367887222423,0.017684879912081453,0.008998963502219848,0.010484825721364999,0.006896573055254596,0.001890307198680219,0.02100168541270575,0.02767741135497359
2022-11-24,0.004032090918795417,-0.004950524216721819,-0.0013735932942188223,0.0,-0.015256577432987917,-0.008657956962185853,0.022727309901569237,0.003466173979027154,0.0,-0.009478669010682284,0.0022296071646707993,0.0,-0.015410936429660294,0.0,0.007911265779408039,0.017564428722077752
2022-11-25,-0.0351405835988059,-0.00497515383627023,-0.0330123080340089,-0.029801276781158292,-0.007042225873322039,-0.03056760186348051,-0.017777745283641067,0.0,-0.01292585739559493,-0.012759235816210857,-0.008898771725549204,-0.014267168260457708,-0.029565236628678937,-0.0018867406791922559,-0.023547943613634215,-0.0333716962377858
2022-11-28,0.013527661459639129,0.0,0.014224728077288251,0.017064793430299652,0.014184403839635262,0.005630570343764463,0.01357463537270509,0.02936099792830338,0.034523767925889626,0.017770662863743958,-0.0022447139844996578,0.009210505172284167,0.028673850053163807,0.015122840307281615,0.02733113774229934,0.005952421934523944
2022-11-29,0.00616011027848562,0.0050000297534795735,0.02805055171491677,0.0134228217400294,0.0013985216017751156,0.025755851962234733,0.013392832554174339,0.020134291053080844,0.0023014487593615574,0.015873079412941582,0.014623280912414716,0.002607509890990567,0.015679419368105352,0.01489754708179336,0.017214474508064903,0.0011833822135609573
2022-11-30,0.017346987155603566,0.024875684594346525,0.010914198045003154,0.009933722806525935,0.00837996697918908,-0.0043668863092763965,-0.017621188937510968,-0.006578889025529389,0.01377728287064639,-0.014062562325932393,0.005543165402194683,0.009102817890419335,0.0034305422884934877,0.003669809859358164,-0.010769210021750797,-0.0035460467101074977
2022-12-01,-0.012036068267811117,0.024271821823139472,-0.00269919263860241,0.0,-0.0013850850933847525,-0.0021929189990166353,0.004484373848583134,-0.004966961576554074,-0.003397585555568572,-0.014263068484436925,-0.01764056409807957,-0.006443329664028941,-0.008547034757058536,-0.020109691131049656,-0.007776142818501475,-0.009489904584001119
2022-12-02,-0.007106668771424962,0.0,0.0,-0.008196643038357654,0.02080447956000686,-0.0021977384614436657,0.004464277518058113,-0.01497510751598441,-0.010869177082916459,-0.001607716355643718,0.0,-0.005188070915230325,0.006896573055254596,-0.005597049808064858,-0.012539161708537083,0.008383076163818393
2022-12-05,-0.022494824435262295,-0.023696660696901017,-0.018944569634033237,-0.004958543396639592,-0.014945581031382327,-0.019823921265339717,-0.004444436320910294,-0.0135133947919025,-0.03383890592489791,-0.0032206817856677006,-0.020201963185506155,-0.011734063469095224,-0.0068493361084031035,-0.005628553100113565,0.006349304858399352,-0.01068867858360767
2022-12-06,-0.006276095438368601,-0.009708794756389194,-0.012413804269075013,-0.02159482146124614,-0.013793169947691752,-0.019100984292847567,0.004464277518058113,-0.003424790443301129,0.0,0.0,0.009163797569133436,-0.007915518452742187,0.0,0.022641461143933395,0.0,-0.010804356359040757
2022-12-07,-0.00736863023763612,-0.004901906447895565,-0.015363177512933701,0.0,0.005594395814534359,-0.026346115624240607,-0.013333385120863683,-0.020618457812059843,-0.015700549914455353,0.0048465964001798145,-0.009080584927052548,-0.02526594664892845,-0.001724072968087964,0.009225213088034812,-0.023659259262510557,-0.013349447980095408
2022-12-08,0.021208793638902934,0.004926053501316252,0.03404258589091014,0.0,0.00834500130366611,0.02352948939838595,0.009009070202544933,0.00877181013271433,0.008588921993666121,0.001607645224046772,0.006872895398315482,0.002728571013655534,0.0034541714755698116,-0.0018282266423643723,0.008077415694523582,0.00246002127282674
2022-12-09,-0.013499162671873566,0.0,-0.023319671978865197,-0.003395530838247285,0.0,0.0,0.004464277518058113,0.0,-0.002433021090456733,0.0,-0.01365196228784471,-0.0027211461730837216,-0.0017211757103069436,-0.005494416529253754,-0.020833293847197898,-0.004908068784324704
2022-12-12,-0.00736863023763612,-0.00980389623886857,-0.004213275945955441,-0.0068144225006619985,-0.005517353418199589,0.006896563386617149,-0.013333385120863683,0.0017391567006908026,-0.0012193739068495635,-0.011235809031584387,-0.004613607627197314,-0.009549885973694994,0.005172429791441058,-0.01104979242179216,-0.019639896517302358,-0.0012329938549177077
2022-12-13,0.019088059398249868,0.01485148848191109,0.01269383887382558,0.013722130395826815,0.009708798039020472,0.01484017258304382,0.004504496507621969,-0.0017361372858967217,-0.0012210701539362434,0.012987006457519268,0.010428755119485045,0.017906491391540547,-0.0034305422884934877,0.018622028106312527,0.05008348971079468,0.022222193170580162
2022-12-14,0.005756145809973523,-0.009756072073165978,-0.05153204349700091,0.0,-0.0027472782934019335,-0.0044994106941810275,0.004484373848583134,-0.003478230418429873,-0.007335066215408026,-0.0016027051143834292,0.019495330870714866,0.0027061940422417052,0.006884702841227552,0.0,-0.025437261869579286,0.0
2022-12-15,-0.01977108674429795,-0.009852274509892567,-0.030837031662381387,-0.015228457876800161,-0.008264417983420369,0.0011299107479603165,-0.01339283255417445,-0.02094230766508398,-0.009852146622199687,-0.011235809031584387,-0.014623095426054777,-0.021592347516761423,0.005128151159329519,-0.012797092998114601,-0.029363841503600052,-0.02173910263252521
2022-12-16,-0.009553854258686378,0.00995030767254046,-0.00606045958257162,-0.0034362583963752913,0.005555422751491124,-0.030473988506495076,0.00904967937857859,0.008912619281598033,-0.0012437457244588446,-0.0048701992460015164,-0.014840197797773125,-0.013793055566937218,-0.03741487471320393,0.0018518634235102915,0.0,-0.008642014292469247
2022-12-19,-0.019292924494757613,-0.01477841176483885,-0.015244105260888041,-0.024137877335591473,-0.03038678186080923,-0.025611182141184186,0.0,-0.007067159555051661,0.0,0.0,-0.011587431381535174,-0.016783226952044816,0.005300297358351358,-0.005545321093226807,-0.013445352997809024,-0.007472072040269229
2022-12-20,0.0032787321735181507,0.0,0.012384068248650903,0.0017665821901873269,0.004273639216888947,0.0035842352970385516,0.0,0.0,-0.003735989510100124,-0.004893889815627994,0.0011723563986649754,0.0028448932774738367,0.04393679482825097,0.0037174954346657074,-0.0034071485646195443,-0.0012546525677349374
2022-12-21,0.01960789157588283,0.010000059506959369,0.010703334184320124,0.010582071046810526,0.019858152823641673,0.020238055491548446,0.0134528910222389,0.010676232119643858,0.010000033998182056,0.01147525894801027,0.02107722187353711,0.012765878254571428,0.031986491311617016,0.007407453694041388,0.018803501947838974,0.017588020432852458
2022-12-22,-0.02777784507952219,0.0,-0.0015129364547337154,-0.01919729718430807,-0.009735804085665434,-0.021003428594726814,-0.0044246952235932335,-0.0017605897059853604,0.018564247988537286,-0.009724469771084321,-0.004587153360975038,-0.01540602957592474,0.0016313263613814133,-0.014705911542348238,-0.0067115128060595275,-0.011111247430354299
2022-12-23,0.0032967471136284843,0.0,-0.013636376073177914,0.003558661667436347,0.007022506734197798,-0.0011919700933432642,0.004444360162777272,0.001763694848980979,-0.0036452002350543244,0.004910054267877495,0.001152096822866655,0.015647089093272948,-0.003257338939882115,0.0018656203160796192,0.010135233595129245,0.0024969776746561756
2022-12-26,0.0010952574493723333,-0.004950524216721819,0.007680652760130968,0.007092317097455725,0.0,-0.0011932828544510832,0.0,0.00528168511233984,0.0036585363325536413,-0.001628663790960383,0.003452218192030454,0.004201654936141441,-0.009804018233130263,0.005586627282707868,0.006689066319328862,0.008717349753632586
2022-12-27,-0.01312906452942908,0.0,-0.027439045371815962,-0.005281547321096869,0.0013947440328132554,-0.025089537221019143,0.008849617910655638,-0.007005275160800628,-0.012150633025125868,-0.004893889815627994,-0.0034403413829215967,-0.004184074897196299,0.009901088687146897,0.0018518634235102915,-0.016611492256129123,-0.006172781154584195
2022-12-28,-0.011086501578229102,-0.007960229220631443,-0.014106712098486351,-0.0053099376970244805,-0.001392801431328139,-0.0012255672530593342,-0.008771989158288251,-0.012345695635313847,-0.013530168735325088,-0.008196789680767536,-0.00920597843051496,-0.01400543940728416,-0.02124182854136958,0.0036968807288177974,-0.010134998561594721,-0.009938076999201462
2022-12-29,0.0056054313293985025,0.002006047046224202,-0.006359386057630423,0.01957304678014893,0.008368217361372832,-0.0012269582874798735,0.0,0.005357052782545502,-0.002493694756924625,0.003305710543112683,0.008130052495197715,0.008522556450464513,-0.005008362585820936,0.0018416320702987488,0.003412843675091315,0.007528324221192539
2022-12-30,0.010033432978306056,-0.00800795332231008,0.030399990368930263,-0.00349045920590052,-0.002766277544971718,0.017199082700527724,0.0,0.0017763104813421915,-0.0012500706524718463,0.004942483351517923,0.002304098658774567,0.012676211190071562,0.015100717626643334,-0.005514740088689352,0.006802708210481789,-0.002490758306771257
2023-01-03,-0.0077262523442331865,-0.010090876563944806,-0.012422178099550818,-0.005253913154314893,0.0,-0.008454193458972026,0.004424846865906051,0.014184355762434153,0.0,-0.003278759390847763,-0.004597603984375365,-0.005563285688578112,-0.011570283021728911,-0.0036968807288179084,0.010135233595129245,-0.004993751962681037
2023-01-04,0.02002229528415178,-0.001019339371378769,-0.007861681166072887,-0.019366057609253806,-0.012482687736004139,0.004872077856478363,0.004405278362593412,0.02272728031074278,0.007509492578162247,0.023026305735793562,0.010392627069975902,0.008391555771958714,0.003344491866524857,0.007421196736836944,0.008361187477088805,0.0
2023-01-05,0.0,0.004081604682278028,0.045958756255669364,-0.023339349206951687,0.008427045366374175,0.027878871639804848,0.0,0.0,0.012422217283218018,-0.004823220198528322,0.005714211409520775,0.009708830088949849,0.005000015289319704,-0.0036832641405973865,0.013266972320516768,0.018820606145590002
2023-01-06,0.049073003852468045,0.0071138805767578805,0.02272740745942703,0.04044124149280304,0.025069624665834178,0.04952816378790992,0.008771989158288251,0.018803374744682966,0.03067491508536002,0.02423269609552614,0.01022719670924821,0.0274724296949429,0.02653400980247378,0.0166357761653233,0.031096502819062177,0.011083780657729969
2023-01-09,0.010394968246427938,0.003027160030816267,0.028148021484414976,0.0017665821901873269,0.005434833249762239,0.01123604328119665,0.0,-0.006711430351026948,-0.007142957605176026,0.001577356191075907,0.0,-0.004010670262693639,-0.0032310275601631355,0.0036363866150395108,0.01111120068085758,0.006090176037965689
2023-01-10,-0.0030865273567501905,-0.003018023989224128,0.018731860838253844,0.008818373300208737,-0.005405455500478218,0.003333338782302464,-0.0086957104802321,-0.018581038738855082,-0.007194142691286709,-0.00944881428918909,-0.011248449334029798,-0.006711441360506165,-0.004862251408550233,-0.01449266148740791,-0.02511769002526798,-0.01694922942897137
2023-01-11,0.004128111337575291,-0.0050454382819723476,0.01131546437219244,-0.03146859588191142,-0.0013586782545171872,0.0,-0.004385957001117102,0.013769405855500239,0.007246273416223081,0.0,-0.002275358314062448,0.004054140398348727,0.01140061988646135,-0.0073529867849191355,-0.001610414739770416,0.006157678213337459
2023-01-12,0.027749196747447247,0.0,-0.029370552983563725,0.0018050842201331463,0.005442167288267408,0.0055371415246410205,0.004405278362593412,-0.0033955556174836143,0.0023982174188119654,0.006359227005771073,0.005701180416887608,0.0,0.0,0.0037036018731089193,0.0064516005963712875,0.006119893562386736
2023-01-13,0.010000024621825032,-0.005071023819680942,0.01440941561880682,0.014414418239127258,0.0027062653986538177,-0.01101330084385621,0.008771989158288251,0.011924977089392996,-0.0011962398661219398,0.011058517074632679,0.001133903114195256,0.005383472160738645,0.0,0.007380120665321455,0.004807683195507284,0.019464796143606966
2023-01-16,-0.00396046984702203,0.0,-0.015625153638348488,0.015985823653145825,0.012145893065936608,0.02338533977921231,-0.0086957104802321,0.006733947231333914,0.0059880574760684535,0.0,0.0033974830090834907,0.004016039413655692,0.004830998436106793,-0.005494416529253754,-0.001594893323339841,-0.00835316279992071
2023-01-17,0.07952286935347797,0.0,0.06637808784245891,0.008741289347616421,0.017333287396920305,0.06202394037069703,0.004385957001117102,0.02006703266934995,0.016666698708605265,0.01874992179553714,0.015801298315413437,0.02666668573722064,0.028846044529030834,0.009208036068049763,0.05591065976850107,0.01805046861897197
2023-01-30,-0.03867413006073295,0.016309863224119425,-0.02841680354257803,0.0017330175228966738,-0.020969819047892968,0.0,-0.017467217539411495,-0.013114793593868135,-0.0035129796221902154,-0.019938642188686462,-0.007777750600249322,-0.020779235253413963,-0.014018671705738894,-0.014598508684439682,-0.00756438664329151,-0.008274173179643407
2023-01-31,0.015325710446998597,0.003009027936466735,0.00835655325869622,0.019031232183025493,0.01606416901476515,0.009221326533957797,0.0,-0.0033223881659349974,0.0105758927095565,0.0203442794981874,-0.004479373057655001,0.0,0.011058486005932178,0.0037036018731089193,0.010670817389341947,-0.014302819699850366
2023-02-01,0.018868095221678427,0.0,0.03176781010316465,0.01188452461568179,0.007905154007915582,0.02335022935561426,-0.004444436320910294,0.008333379723108658,0.02441860143337915,0.00766870853411028,0.001124974773855092,-0.0026524670613976564,-0.0015625047779124213,-0.012914962138780739,-0.012066445882735755,0.0012092376021379803
2023-02-02,0.003703592602414041,-0.003999972796818629,0.00535482488739536,0.011745051384599803,-0.005228691336129465,-0.005952481947704813,0.00892847853799239,-0.011570264489665472,-0.017026200982898643,-0.01217655520178429,-0.004494379316165142,-0.007978783522181954,-0.017214450217751143,0.007476555584862599,0.003053535490432857,-0.007246465921393663
2023-02-03,-0.029520189993085477,0.019076367006345185,-0.026631216755062637,-0.014925293753395352,0.003942188827612103,-0.020957936838956193,-0.0044246952235932335,-0.00668890450138615,-0.015011317842893668,-0.010785819933376573,-0.002257381506315048,-0.0026809117688343376,-0.011146466628249696,-0.007421071531061307,-0.015220775419730548,-0.007299261393111545
2023-02-06,-0.0057034973447590565,-0.009852274509892567,-0.01915179722052729,-0.003367279017080671,0.018324603388144567,0.0020386767441347153,0.0,0.0,0.0035167986072306423,0.004672964179707195,0.0067873731523777625,0.012096809970870703,0.012882553071914105,0.0,-0.01700162021575058,0.015931503200954822
2023-02-07,0.03250486065482727,0.0,0.03765693933148362,0.0,-0.0038561621819716008,0.027466889794475202,0.0,-0.003367053944275278,0.001168191123812834,-0.0031007737049121298,0.004494379316165142,-0.007968187302865082,0.0,0.0,0.009434054107683165,-0.007237626105015549
2023-02-08,0.0,0.004975153836270119,0.006720469935322715,-0.013513296879375636,0.0,0.0,0.0,-0.001689053448998612,-0.005834239406138586,-0.0015552780127395804,0.0011184983937724269,0.001338716625979064,-0.004769554398439624,0.0,-0.009345884527367732,0.008505406948611238
2023-02-09,0.009259581452999655,0.004950524216721819,-0.012016031823352202,0.006849203763531708,0.001290363243932724,0.005940604155036278,0.004444360162777272,-0.0033841453002597666,0.0011738750696448363,0.015576317546823093,-0.004469271375650341,-0.005347597122457692,-0.0015974489794257085,0.0037382147214894967,-0.02044021356217607,0.0
2023-02-10,-0.007339940365510889,-0.004926137254946283,-0.012162274559072594,0.0,0.0012885863181781865,-0.02066932625718143,0.004424846865906051,0.01018674786296292,0.005861497083649914,0.02147238389550843,0.0022447139844996578,0.012096809970870703,0.006400084856948762,0.007448836376943824,0.0016051333894433473,-0.002409635479946659
2023-02-13,0.007394213451293208,0.009900964265189272,0.0013680590380622526,0.0,0.014157119103478166,0.013065410780470188,0.004405278362593412,0.01008402444846257,0.01631704772138365,0.007507504515065433,0.014557685454132496,0.0026559893782340804,0.0,0.0036968807288177974,0.00801291681611005,0.007246367544174959
2023-02-14,-0.03669768072246182,0.004901989790973005,-0.03005474113983475,-0.00340130564633212,-0.0038072263071106116,-0.00992062080300904,-0.004385957001117102,-0.009983352081990082,-0.014908222452602371,-0.004470871191171177,-0.011037566566387436,-0.010596033728066057,-0.0031797245388199835,-0.014732932278945787,-0.009539042328594816,-0.013189382859828513
2023-02-15,0.005714361880623686,0.009756072073165978,0.0014086287732244518,0.020477819130412245,0.0050957022344142455,0.004007899708528884,0.004405278362593412,-0.0016806974726104595,0.002328222359186727,0.0,0.0011160938170298174,0.009370795453290226,0.007974441004261701,0.007476555584862599,0.0,0.020656059000118132
2023-02-16,-0.01893937906467502,0.0,0.016877545593014798,-0.015050197057118408,0.0,-0.0019958585178669885,-0.004385957001117102,0.015151501763413844,0.02206742716377863,0.0029939443546136424,0.004459306245372607,0.003978755311473181,0.0031645667613013906,-0.005565834949739945,0.011235933726103653,0.0023808524076118776
2023-02-17,-0.0019305691820542537,-0.0048308643079570945,0.004149381479798597,0.0016977098585182482,0.008871932006080163,0.009999893336432697,0.013215910574917666,0.0066335989030728015,0.010227174495182512,0.016417903942761436,0.006659217917992288,0.0013210321862477947,0.009463751610121474,0.0,-0.0015871881790314735,0.004750685050777248
2023-02-20,-0.0019341154976197927,-0.004854397378194597,-0.0013773772064075152,0.008474606354679004,0.003768851623061842,0.0019802317319959073,-0.004347892491375349,-0.008237276709422203,-0.013498311850547173,-0.01174736070137361,0.0066153478907227115,0.0026385787250737813,0.0031249458503257443,0.0018656203160796192,-0.012718575632787665,0.011820316173839718
2023-02-21,-0.017441839293380834,-0.004878077504844702,-0.016551739025433387,-0.02520995277231375,-0.008761005247964526,-0.020750931847961507,0.004366879212715169,-0.004983463357229767,-0.011402475509774135,0.004457584510523249,0.004381067834036356,0.0,-0.004672848230550919,0.003724418188471912,-0.014492724398270651,-0.005841066689809438
2023-02-22,0.02169617596232265,0.009803979581946232,0.04488075610814235,0.0,0.0113636592175963,0.013117959945582625,0.004347743486337929,-0.0016694742159911735,-0.001153467780398043,-0.004437802630257948,-0.004361957801020888,0.001315708899785939,-0.004694850059386635,-0.001855299184209236,0.009803787831767163,-0.00117513447235007
2023-02-23,-0.013513546475225846,-0.019417506978861687,-0.02953019551292768,-0.012069051513291962,0.0,-0.004980027138473675,0.0,0.0033444522506931307,0.003464301267109615,-0.010401249662007839,-0.004381158139264429,-0.006570225718747547,-0.01257865505780964,-0.007434990869331415,-0.0016181198806864971,0.0011765170380788614
2023-02-24,0.02152628181402161,0.009900964265189272,0.09405268156549007,0.010471263393629249,-0.0037452153247481412,0.02702697976149704,-0.0043289224419879035,-0.016666600395559006,-0.016110502308472663,0.012012073656318734,-0.0077008330399859215,-0.011904796988441824,-0.03503189138051077,-0.00561794983850139,-0.008103599426076302,-0.017626347056636127
2023-03-01,-0.005746769036672816,0.004901989790973005,-0.02022754501840407,0.0,0.008771872433927408,-0.011695836727363185,0.013043379464051208,0.006779682126227815,0.005847985771660902,-0.02225518265194626,0.0,0.005354756039634534,0.01155125892171438,0.001883314565004568,-0.0049019507540492,-0.0011961220157481467
2023-03-02,-0.005780484654839824,0.0,0.0,-0.0051814326626834495,0.0012422750793419368,0.011834248161653127,0.008583749379846406,0.0016835269721375834,-0.0023256140328683506,-0.004552417046974733,0.005543165402194683,0.0,0.0016313263613814133,0.005639132795907109,0.001641918512039986,0.0047904128528923895
2023-03-03,0.009689882814035267,0.009756072073165978,0.011612815533980525,0.006944559651785642,0.01364763205508801,0.011696015969782536,0.0042552384744083405,0.008403246782251905,0.01631704772138365,0.004573236325984942,0.00882028204903973,0.007989298085137264,0.0032572725367561173,0.0112148964482357,0.02131143409042524,0.0023837871020739865
2023-03-06,0.005758171353867025,0.014492757194284334,0.00510201339550842,0.03965514867732667,0.003671869339029854,-0.005780444622874525,0.0042373533600841284,-0.0033333041740459812,0.003440366525358396,0.006069732740953571,-0.0010928280277229252,0.0066050519261899865,0.009740356227932567,-0.0018484403644088987,0.008025778616438384,0.007134354523925968
2023-03-07,-0.005725204644488113,-0.009523865811569276,-0.025380765915579362,-0.00995030437687272,-0.0012194427082073966,0.009689909184666723,0.004219401655904287,0.0033444522506931307,0.0,0.004524885066077511,0.004376365048832431,-0.0013123639541843257,0.0032154437789613244,-0.003703726847020694,-0.01592364590684059,0.011806360114515968
2023-03-08,0.0019192039034756636,-0.014422999505552703,-0.001302051951578953,-0.010050308000559616,0.0036630107869843886,0.007677585699639611,-0.004201673109428872,-0.009999912522137833,-0.0022857463688970014,-0.010510439888877454,-0.013071887793634773,-0.019710894020425584,-0.014423120272970547,0.0018587477173328537,-0.003236127188680493,-0.014002315755176298
2023-03-09,-0.017241175998905733,-0.004878077504844702,-0.014341636912925226,-0.01861238735693249,-0.00851586747090416,-0.009523708606673287,-0.008438803311808796,-0.01851847537908069,-0.021763997500958254,-0.00910469981822426,-0.008829925848971132,-0.00804284591886295,-0.004878063656473364,-0.007421071531061307,-0.024350712786701978,-0.014201164950910283
2023-03-10,0.005847967250221409,0.009803979581946232,0.010582153817245032,0.006896552502382747,0.0012271410772499713,0.009615281748214466,0.012765934175310134,-0.010291667495339607,-0.009367812957447708,-0.003062785683665359,0.0033406401707734013,0.009459437911057744,0.013071868863869573,0.007476555584862599,0.016638902364925823,-0.002400957214596322
2023-03-13,-0.011628123074458041,-0.009708794756389194,-0.003926803407510393,-0.023972661462688394,-0.004902114413684711,-0.03428568376036567,-0.012605019328286726,-0.017330952590447146,-0.01773039598644577,-0.013824946178476405,-0.007769118073647441,-0.00803218929159255,-0.009677383504750225,-0.011131732502367653,-0.009819948258651179,-0.01083045761109458
2023-03-14,0.00196091646815999,0.004901989790973005,-0.003942086234693609,0.014034975311423281,0.001231565880274177,0.01972392829970704,0.012765934175310134,-0.003527305544185455,-0.0012033352176891166,-0.0031151945937042402,-0.00447427024850533,0.005398226077610202,0.0,0.0018761210590931832,-0.009917335984886422,0.0
2023-03-15,-0.006394852773074611,-0.004878077504844702,-0.0026386570504217666,-0.008650436553028662,0.01845022064944435,0.0058027170467573885,0.0,-0.02477879364683644,-0.02409641638679605,-0.010937563838173459,-0.005617997304947275,0.005369130936240252,-0.003257338939882115,-0.0018726078201265484,-0.006677899285752686,-0.007299261393111545
2023-03-16,0.025742572867558877,0.014705886029841686,0.022486828043085882,0.0,0.00483085591925736,0.023076870708181874,-0.008403418217094671,0.00725955029081593,0.012345642739326035,0.0031596262323974056,0.02485869600659596,0.02136171911717355,0.027777862903499706,0.005628553100113676,0.0,0.0012255386400543689
2023-03-17,-0.011582915271511673,-0.009661810751120714,-0.003880986834177258,0.003490459205900631,0.0,0.0,0.008474634111772739,-0.00900914377799078,-0.019512159222619063,0.007874011907657685,-0.007717724067252685,-0.014379068470301015,-0.00794914929809798,-0.0018656203160796192,-0.0033612213252053325,-0.0024478776635450394
2023-03-20,0.00976545893478109,0.009756072073165978,0.001298669952852105,0.019130409047861896,0.007211552779070596,-0.0075189243489256485,-0.004201673109428872,0.005454627792835565,0.013681520116278767,0.00624992784450118,0.005555575404312396,0.0013262882500755246,0.0,0.0018691073607446373,0.010118023665269371,0.0024538844725343623
2023-03-21,0.030947728130283236,0.0,0.01297024633064825,0.006825828020049718,0.014319837295695637,0.013257714945893229,0.008438803311808796,0.016274849865396623,0.014723925868520782,0.015527943909785513,0.004419978089604815,0.005298126157831096,0.0,0.0018656203160796192,0.021702911355959476,0.012239886826535873
2023-03-22,0.009381068225291278,0.0,0.015364834247791004,-0.00169483252463265,0.0035294186234871017,-0.003738381044340544,0.004184092918724902,0.005338158511061897,0.004836827722622061,0.01376146230403319,0.005500478410919385,0.009222530763331571,0.0016025035802489374,0.005586627282707868,0.016339722170499504,0.015719497850714914
2023-03-23,0.0018585008265028513,0.019323703637448064,-0.0037831058529546047,0.020373518393116186,0.025791305520543206,-0.0037524089789379156,-0.004166659229348668,-0.0035399603735905005,-0.006016778369382081,-0.0015082282892135979,0.0,0.002611021747813913,-0.004799949482456101,0.0037036018731089193,0.006430855939364655,-0.009523894489604778
2023-03-24,-0.014842159363239071,-0.01895737690440391,-0.01265801807025635,-0.001663921053540074,0.0,-0.0018830981271706904,0.004184092918724902,0.0,0.0012105163453148826,-0.0015106401450396545,0.004376365048832431,0.006510447724631163,-0.00643095310698627,0.0018451546790962947,0.0063897642857564385,0.009615471223000549
2023-03-27,-0.01129934108921804,-0.0048308643079570945,-0.017948860420132218,-0.004999973819842074,-0.002285685044109753,-0.015094421459016405,-0.004166659229348668,0.0035525362110031544,0.004836827722622061,-0.006051434786031096,0.005446732180734326,-0.001293795290841393,-0.0016180620214005792,0.007366466139472783,0.0,0.0035714725550808346
2023-03-28,0.009523893113110304,0.004854314844277896,0.00913835683637143,-0.010050308000559616,0.008018275472727376,-0.013409925409304635,0.004184092918724902,0.007079498488864244,0.0072202158680076955,-0.0015220694002230362,0.0,0.01036280894106123,0.004862185328293078,-0.009140886462603803,0.004762116679367878,0.00474495229200067
2023-03-29,0.00943386189054296,0.009661810751120825,0.006468343836491419,0.0,0.011363591798416062,0.01165041523178667,0.0,-0.0017573280563176752,-0.005973748893764341,-0.003048779254056666,0.0010833558734717474,0.0,0.0,-0.00553496598622516,-0.006319212033374599,0.0
2023-03-30,-0.0037385072267306363,-0.004784717409059724,0.01156813383533839,0.018612719592448812,0.0011236309197060201,0.015355171399279,-0.004166659229348668,-0.00528168511233984,0.004807760085600243,0.009174308202688719,-0.00649354705267402,-0.006410286926829434,-0.0032258164217559004,0.0,0.0206676854032799,0.003541859949150794
2023-03-31,-0.005628229837471355,-0.004807639255074214,-0.04320203971840675,-0.02159482146124614,0.008978660374536318,-0.0018904781157516037,0.008368185837449804,0.005309729431227428,0.004784654456873039,0.0,-0.004357295931211591,-0.002580593641946183,-0.003236255989471748,-0.005565834949739945,-0.015576185240643636,0.011764691225848889
2023-04-06,0.001886614304015266,-0.0048308643079570945,-0.0053120564626206734,-0.0016978209797290367,-0.0011122836571374473,-0.00757571271885904,0.004149370217635395,0.0017604216947528784,0.005952414078445267,-0.006060603622928151,-0.006564502470032485,0.002587270335323577,0.0,0.0055969868547895985,0.007911265779408039,0.009302408843961274
2023-04-07,-0.0037665481684765467,0.0,-0.009345869500990034,0.003401305646332009,0.0011135222096931852,-0.005725200551357168,0.012396672270190479,0.0035150754025896624,0.007100490177341712,0.006097558508113332,0.014317103414610122,0.002580593641946294,0.0032467633467991863,-0.001855299184209236,0.004709676094683202,0.008064458611924064
2023-04-10,-0.009451758533637,0.004854314844277896,0.018867874782308114,0.013559436727213825,0.00778647776087249,-0.009596915940748074,0.0040816954573574815,0.0,0.002350409231685946,0.004545452717196197,0.005428811472272921,0.0025740575187904735,0.0,0.005576243151998561,0.012499865480050332,0.0011429022530451416
2023-04-11,-0.007633545069124059,-0.009661810751120714,0.002645637981735227,-0.001672268439416369,0.0033112647464677014,0.009689909184666723,0.0,0.0035025122340159864,0.007033896143339158,0.0,0.0,0.0,0.006472577952278735,-0.005545321093226807,0.007716141832458945,0.0
2023-04-12,-0.01923075373903782,0.004878077504844702,-0.010554131877661299,0.006700168789656624,-0.017601729546860345,-0.009596915940748074,0.008130066576605088,0.0017453102749303007,-0.008149075098083713,0.004524885066077511,0.005399587649721038,0.0,0.011254053226364302,0.011152486303997122,-0.01071994635552187,0.00913240820261585
2023-04-13,0.011764734128406618,0.014563027066750278,-0.0026666021920112026,0.0465890271817333,-0.018007276636242353,-0.005813963330831062,0.004032319915759253,0.02090582052172163,0.012910830087394576,0.004504502709039349,0.0021482708978635134,0.0,-0.011128809017337149,-0.003676617447439745,0.02167200233565425,-0.0022624405202885667
2023-04-14,0.007751893932534282,-0.004784717409059724,-0.05213898054764432,-0.014308558746981892,-0.006112461295717075,0.013645366901614553,0.008032044772172231,-0.0017064289223132079,0.0011588140583074225,0.0,0.007502741661681078,-0.0025674487580107375,-0.011254053226364302,0.0,0.007575636994288537,-0.005668973087731732
2023-04-17,-0.00961534588605606,0.004807720995404274,-0.02961931112268823,-0.008064333943992641,0.015990158777636765,0.0019229325689817944,0.003984124942551404,0.0017093457994235006,-0.002314945525196177,0.0224215819009963,-0.010638247484964558,0.0025740575187904735,-0.0016260212188244916,-0.00553496598622516,-0.007518678217436459,-0.01368299310528287
2023-04-18,-0.009708760947618078,-0.004784717409059724,-0.018895220238630994,-0.006504172329278246,0.041162232442291335,-0.017274413395318988,-0.011904740048155005,-0.006825959964996908,-0.008120616250619439,-0.004386027610362997,-0.005376451329351828,-0.011553307557862436,-0.008143280946579234,0.001855299184209347,0.003030191552335637,-0.010404658134813727
2023-04-19,0.00588236706420342,0.004807720995404274,-0.0029632253732261304,0.0032732696511332815,-0.005813945675846144,-0.009765611144719855,0.004015987977292079,-0.005154634949233294,0.0046784283812859595,-0.004405219657421355,-0.004324321915305185,0.0,0.0,-0.003703726847020694,-0.03323246044445305,-0.004672891415558045
2023-04-20,-0.0038987075956112838,-0.004784717409059724,-0.011886898875663299,-0.011419226252422199,-0.014035049440543346,-0.011834429525271695,0.008000054285519642,0.0,-0.005820753791920263,0.004424711483426602,0.004343102890314254,0.011688346621220314,-0.00985224643028293,0.0037174954346657074,0.0031248848427702924,0.0023474149228206453
2023-04-21,-0.007827681783743379,-0.004807639255074214,0.016541292301119448,-0.0016500844590945363,0.008303646213479787,-0.009980026731968628,0.0,0.0034542835266622163,-0.0011708273302389882,0.001468428208790451,0.005405513811268303,0.0012837243790053687,-0.003316759677116643,0.0,0.009345776163004249,0.005854841368069685
2023-04-24,-0.017751648145336363,-0.0048308643079570945,-0.03846161123841407,-0.01818168639590323,-0.015294213387736622,-0.02217733413716627,0.0,-0.010327095454614521,-0.0011724987026486833,-0.005865035482663483,-0.010752814004217348,-0.00769236547035268,-0.00998339154185679,0.0037036018731089193,-0.012345547793355838,-0.00814904745869982
2023-04-25,-0.013052177067806259,0.004854314844277896,-0.00153842449588526,-0.010101175936251816,-0.007168390560371551,-0.0020618906563771855,0.007936425367104372,0.005217553085024029,-0.005868577268802633,0.0029497859034781637,0.0173912949963686,0.0077519966618002645,-0.01512609706225776,0.0055350904989910354,0.03124993545759991,0.019953074646991364
2023-04-26,0.004069251689468256,0.0,0.020030797348024265,0.005102014124595877,0.026474171784418576,0.009297441272956286,-0.003936933505444773,-0.0017302122095905759,-0.0023612080313586414,-0.00441176298358692,0.0010683094390706582,-0.0038462356305697387,-0.013651850300049895,-0.003669624118302739,-0.0136363363258587,-0.0046029861199899935
2023-04-27,0.017223952452073643,0.009661810751120825,0.0045318401780729545,0.015228457876800272,0.007033929927592775,0.005117747630111191,0.003952494212339452,0.022530337601954997,0.004733693647007042,0.005908417180993331,0.0021346027205075835,0.0038610862781855992,0.006920436703905963,-0.0036832641405973865,0.015360951913081955,0.003468250767996617
2023-04-28,-0.0019919724147156037,0.014354152227179062,0.009022451070732185,-0.006666668121119934,0.0430733616779202,0.015274975305628269,-0.011811002905088186,-0.003389881499719305,0.0011778228128009882,0.001468428208790451,0.0,-0.006410286926829434,0.006872803364280866,0.009242077079139932,-0.003025817807015163,-0.009216671596589232
2023-05-02,-0.009980127345012524,-0.004717008747441964,0.013412941861814742,0.0016778801715282565,-0.003348228269128839,0.0020060521887144134,0.0,-0.0034013307346403288,-0.002352774361849108,0.0014663399627754536,-0.0031949521389373903,-0.005161293757203533,-0.005119400377533112,-0.001831513376610805,-0.001517447799331162,-0.009302314127285771
2023-05-03,0.004032137826274429,-0.0047393643706356015,-0.017647184445027997,0.018425546395667736,-0.0033594765635283075,-0.006005923913243616,0.007968181615856551,0.008532551737806093,0.002358322963655013,0.0043923197595829855,0.0010683094390706582,0.0064851154004634814,-0.0017152711442467439,0.047706475639007984,0.00303961362259475,0.0011737552644266458
2023-05-04,0.004016203800311091,0.0,0.01047923987720556,-0.003289635511313338,0.006741601378889683,-0.0010072052632841277,0.0,0.0,0.0035296115187448684,-0.0014576608880064734,0.0010674333485500842,-0.0012886872000258398,0.0,-0.003502648910740702,0.007575636994288537,-0.0023446628624425037
2023-05-05,0.00799989018469649,0.0,0.0,0.008250854311302014,0.00892857800900182,0.008064653673345745,0.0,0.005076056477667956,0.009378494976799212,0.0014597887649938635,0.0,0.002580593641946294,0.006872803364280866,0.003514960583600235,0.019548835368053075,-0.0035253076986766496
2023-05-08,0.011904855522601787,0.014285717755507799,0.0029628909611538745,-0.004909850916637648,0.015486759804240746,-0.0010000628947242074,0.0,0.0016835269721375834,0.010452960640587428,0.005830901533688149,0.0021321508072367212,0.010296017676653335,0.0017065595604801587,-0.007005297821481404,-0.001474820919000308,0.0153302175643113
2023-05-09,-0.013725459967845466,0.0,-0.013294066338962574,-0.008223712007960793,-0.0010893590971779998,-0.010010087956673352,-0.003952561941904187,-0.005042092417831379,-0.010344826575559352,0.008695648828441982,-0.0021276144124496854,-0.012738809983420918,0.0,0.003527359111842543,-0.008862714704645835,-0.010452995625387929
2023-05-10,-0.007952305131336712,-0.014084510414994589,0.0,-0.014925293753395352,0.006543102534921186,-0.005055558520395631,0.0,0.0050676439469525825,0.015098786736720271,0.0,-0.004264389512845246,0.002580593641946294,-0.006814330876507846,0.008787401459000366,0.002980620368830511,0.0058685851100679365
2023-05-11,-0.006012038412419485,-0.023809502605230737,0.007484962154483243,0.0016833089510452925,0.09967490896583553,-0.010162587571054371,-0.007936561363769079,-0.008403407169452204,-0.024027358811028354,-0.014367810611888743,-0.009636078267977632,-0.005147902639072721,-0.005145813432740343,0.0017420535633561052,0.040119002824146266,-0.014002315755176298
2023-05-12,-0.0010080019739063806,-0.004878077504844702,0.010401385897409465,0.010084091109592075,-0.03842364411834909,-0.012320443496315336,0.003999992871598357,0.006779682126227815,0.016412490763097587,0.005830901533688149,0.004324321915305074,0.005174540670647154,0.005172429791441058,-0.0017390240902428467,0.007142842944914518,0.009467443300606782
2023-05-15,0.019172467800124382,0.0,0.0,0.0,0.034836155521058565,0.01455316796360795,0.003984124942551404,0.006733947231333914,0.005767044800057297,0.01884063658315349,0.002152806960479259,0.014157103954838934,0.0017152711442467439,0.00871073810187517,0.04964539077078545,0.0339976592523894
2023-05-16,0.02772283949624721,0.004901989790973005,0.007352762995718187,0.014974962774408462,-0.00495056989907372,0.009221326533957797,0.007936425367104372,0.006689064083981844,0.008027489401885468,0.012802270320122267,0.01288944826863081,0.013959373454445867,0.013698602402559601,0.0,0.0999999905986595,0.015872995349877517
2023-05-17,0.0211947170999629,0.004878077504844702,0.00583949527393246,0.004918007282161518,0.019900553494487827,0.019289246844668373,-0.003936933505444773,0.014950073027228505,0.010239003555401638,0.009831456397651817,0.0,0.003754566696358319,0.003378457719416028,-0.006908506349037613,0.06265352496000376,0.002232230927262213
2023-05-18,0.0037733502034869026,0.0,0.013062530857436139,0.0,0.06341454732932172,-0.003983948442761509,0.007905123883808374,0.008183351301371378,0.01689188865825675,0.0013908199850531933,-0.0031813124255841707,0.004987535020778422,-0.0033670821746512036,0.008695707285286902,-0.017341006989645913,0.0
2023-05-19,-0.0018796433468662999,0.0,0.010028517853167829,-0.003262590313276803,-0.027522824617561392,-0.022000004413664898,-0.01568631324767833,0.0016234010181617187,0.0,0.005555430266249051,-0.005319167598161312,0.0012408237144754253,0.013513555394413235,-0.013793073757683239,-0.015294087604408091,-0.013363101479711426
2023-05-22,-0.0018830616928900978,-0.004854397378194597,0.015602887442425883,-0.009819916073524726,0.009433871167949803,0.0,0.007968181615856551,-0.004862232241983011,-0.0077519992756091005,0.0,0.0,0.0,-0.0033333435262131728,0.0034965253603682633,-0.009558009093461606,-0.004514666875302775
2023-05-23,-0.009434044283727627,0.004878077504844702,-0.006983176525110157,0.008264383237689188,-0.014018673203812893,0.005112419929223844,0.0,0.0,0.0,-0.008287229175182653,0.004278072319924053,0.0024782652041319686,0.0016722459332625395,-0.0034843422692596437,0.001206270289304312,0.014739163790682408
2023-05-24,0.034285425990307816,-0.004854397378194597,-0.00421951868151893,0.009836229155791854,0.07582943950826704,-0.005086416034520536,0.01185768582571245,-0.016286578376982552,-0.01674106931113839,0.008356481250402892,-0.007454800519417937,-0.016069257823950966,-0.01836399614801032,-0.01748244982829439,-0.021686705179346677,-0.021228978689473932
2023-05-25,0.04235762236744711,0.0,0.031073440623655912,0.032467429666599434,0.017621121025389597,0.030674801634703153,-0.007812552816577334,0.0016554958615369042,-0.0034052209013570867,-0.0013810317166745856,0.0032189487598239808,-0.010050154884902462,-0.006802672975435686,-0.0035588009099070117,-0.034482776347015465,-0.011415603239953609
2023-05-26,0.0035332353669219607,0.02926829915602136,0.010959052081780829,-0.007861559656130224,-0.012987066819645121,0.01587301152913101,-0.007873934473807465,0.00991734702883007,0.019362119751821005,0.0013829416028905417,-0.0021390802501642936,-0.005076145321322834,-0.0051370020813023,-0.003571450951961097,-0.012755077140087057,-0.003464151967057738
2023-05-29,-0.0035207955675031766,0.01421801253376831,0.033875230443571214,-0.004754540296590837,0.008771990799572027,0.007812452997277397,-0.003968314681050744,-0.004909901449768772,-0.0055866234807417925,0.0,0.002143665723175703,-0.003826611967000848,-0.0017211757103069436,-0.0053763778979032395,0.0439276515981577,0.0011586998813455374
2023-05-30,-0.0141343078053634,-0.004672924669120726,-0.005242435911785526,0.007961916204310304,0.01304338869417454,0.0038759458538355496,0.003984124942551404,0.0,-0.0044942545453712235,-0.01104959816004214,0.006417064389683924,-0.005121642577073149,0.0,0.007207313576537144,-0.0037128639344113923,-0.0023148119777401943
2023-05-31,-0.012544947338246737,0.014084510414994478,-0.014492700464363573,0.0,-0.012875449205574152,-0.019304993260746195,-0.007936561363769079,-0.006578889025529389,-0.006772007946595271,0.0013967092336613085,-0.008501589393296816,-0.0012869225601411793,0.003448286527627298,0.0017888595249391237,0.003726700666911942,-0.008120592427621975
2023-06-01,0.019963868355055814,0.0,0.00401059795732106,-0.004739208104019954,0.026086920944724312,0.01181104357553231,0.003999992871598357,0.0033111497203881513,0.010227174495182512,0.006973497254844974,0.0042871547074838645,0.006443223327928571,0.010309240073500758,0.001785604965420795,0.02970291147529136,0.018713426224043372
2023-06-02,-0.012455659252059603,-0.004629578247594135,0.01065250674003515,0.01428553322116044,-0.008474565007516088,-0.009727523438651575,-0.0039840566733051475,0.018151851951878184,0.017997812872691643,0.016620367907839384,0.003201860084662611,0.007682516693279462,0.006802742314758747,0.0035651452661513705,-0.003605762296128523,0.005740567641259187
2023-06-05,0.009009030977318089,-0.004651190008588824,-0.002635081508986392,-0.010954593506439902,0.012820495634961349,-0.007858678906613514,0.003999992871598357,0.003241462383260174,0.0,-0.005449468754253339,0.004255316536257325,0.006353165678457007,0.010135166545809815,0.007104780514047393,0.022919135496781706,0.01141551025326959
2023-06-06,0.014285518647277673,0.00934576988970326,0.014530990809553002,0.03955689254785133,0.05485231773594257,0.015841580733112703,-0.0039840566733051475,-0.0016155331687274233,0.0033150106295976034,0.013698441670967787,-0.004237285545008906,0.0037879596913663605,0.0,0.005291038667763814,0.01533024179241016,0.0033860461250641016
2023-06-07,-0.015844657929369177,-0.009259235208093686,0.0,-0.010654468120376182,-0.040000013207187046,0.0038987018636640336,0.0,-0.016181164558048855,-0.017621297537893432,0.008108285051225739,-0.0021276144124496854,-0.0025157767998007508,-0.005016737799787396,-0.005263190921084404,-0.04297320354058387,-0.012373391065623851
2023-06-08,0.01073324553054289,0.00934576988970326,-0.005208207806315812,-0.006153847702968007,0.09583341444518223,0.015533976248875758,0.003999992871598357,0.006578889025529389,0.0,0.009383373564002317,0.0031981822616691247,0.00756626163013685,0.0,0.0017636795559212715,0.0048542746660813485,0.012528409981758637
2023-06-09,0.01592924169541443,0.023148127376686922,0.003926606437034463,0.040247840187557005,-0.01901144336154026,0.005736147079973053,-0.0039840566733051475,0.0,-0.012331774257390293,0.0,-0.0021253535392476985,-0.0025031821643881624,-0.0033613549027239342,0.0,-0.01811590701996646,-0.007874051100150714
2023-06-12,0.033101011066117625,0.018099500864716456,0.015645484514124286,0.020833286664220685,0.06976741209846127,0.011406862717676436,0.003999992871598357,-0.0016340115154228618,0.001134944998967713,0.0026560412481959617,-0.002130055897394123,-0.006273555989318114,-0.0016863458582804247,0.005281723400182736,0.008610069154896705,-0.003444254636200017
2023-06-13,-0.0050592513725119526,0.0,0.0012837625146562281,0.029154427714099374,0.014492854182006853,0.005639106841249797,0.0,0.011456644965754048,0.011337932725220545,-0.006622513451595924,0.0010674333485500842,0.0,0.0016891944243015988,-0.007005297821481404,0.003658529446275205,0.011520682876279276
2023-06-14,0.00638546823453745,-0.008888790823097237,-0.017948860420132218,0.048158605035137914,0.04999992924721863,0.018691561478330287,0.0,-0.003236217469799074,-0.005605412571972224,-0.0026667833917785044,0.0031981822616691247,0.002525306460910759,0.0,0.012345756891448678,0.009720431198263713,-0.00911166635577687
2023-06-15,-0.0033839603232876936,-0.004484331258481022,-0.01958226338372626,0.004054121464617255,0.013605423841195785,0.0,0.0,-0.008116927631078519,-0.010146465295451268,-0.016042715905583593,-0.017003178786593742,0.008816100880861821,0.0033726917165608494,-0.008710855673148998,-0.0012032834997207642,-0.0068965198412827
2023-06-16,-0.010186895704741072,0.013513440032803192,0.04527307850261164,0.010767162295569843,0.006711400472600104,-0.012844085764799895,0.0,0.0032733717579926935,0.0,0.005434660093889487,-0.009729746592863964,-0.013732817752592164,0.0033613549027240452,0.007029921167200248,0.010843352589673394,0.008101860687955709
2023-06-19,0.0,0.0,-0.02537884230304832,-0.01731027817811548,-0.0333332893093764,-0.001858767668910799,0.003984124942551404,-0.003262691754946867,0.010250471347238,0.012162457471337929,0.010916979667128679,-0.006329144334029757,-0.0033500940476721697,-0.01047126955133415,-0.01668641684126171,-0.0011481464481482018
2023-06-20,-0.0034303954736120135,0.004444546540337102,0.0028944364193683736,-0.013550094162543158,0.04482758188825642,0.003724458240383033,0.0,0.004910057636988929,0.0011275553857563736,0.008010558034812432,0.002159959712330739,0.0012738074164646562,-0.0033613549027239342,0.003527359111842543,-0.0012121187589670956,0.005747146097875744
2023-06-21,-0.012048154195882566,0.02212387316698261,-0.011544233281709837,-0.04395596195534124,-0.03300336434552176,-0.01113174377473114,-0.01587305472920586,-0.009771978111005275,-0.007882945184251589,0.0,-0.008620773139358606,-0.007633436321891174,-0.0016863458582804247,-0.005272381573190321,-0.016990341264078612,-0.007999916893531744
2023-06-26,-0.003484405052365025,-0.012987015854610817,-0.005839281512119876,-0.008620737484799967,-0.034129648603170915,-0.013069341502340293,-0.016129003282707388,-0.0032895229916986013,0.0022701794262758312,-0.00529812796353224,-0.00911165487411525,-0.011538495310135732,0.0050675832729050185,0.01236750896677341,0.0037036963872512096,-0.004608365823824512
2023-06-27,0.003496588583290716,0.008771906930226336,0.02055807532539,0.0057970074184696685,0.017667879153307364,0.001019352935068607,-0.0040983531724489985,0.013201361190082972,0.009248525646535777,0.010652459616729226,-0.009195350112654821,-0.012970230800926852,-0.0016806089277980885,0.010471151774873677,0.0,-0.01273146876611253
2023-06-28,-0.001742314277467072,-0.01739125935201724,0.001438839916616752,0.0072046362268884945,0.017361029903729674,-0.012219866264858825,0.006010357506018638,-0.0016286889225139989,-0.005727394669195807,0.015810387734740194,0.0,-0.004103829366056133,-0.0016835754067850983,-0.012089769554830765,0.017220138309793187,0.0
2023-06-29,0.005235729865445071,0.0,-0.011494278686437376,0.014249552708822444,0.03754266980814425,0.0,-0.008510714060657731,-0.008156573709737991,-0.005760386677142959,-0.009079228630535119,-0.005800487863520942,-0.004120957938443137,-0.008431729291402013,-0.01223777977010665,-0.01571943754189864,-0.011723274701085473
2023-06-30,0.0052083484137750435,0.017699068441573873,0.0043604379817705485,0.0522496851235692,0.055921034053255436,-0.005154651021569534,-0.01287551068987225,0.008223650521378634,0.0034761987000193617,0.0026179159591412926,-0.0011668659645700519,-0.005517310897763195,0.013605484629517495,0.003539785484377056,0.011056489322341934,0.0
2023-07-03,0.010362724149662883,0.002734732769409387,0.013024521327819727,0.012413760066790624,0.06230531870105871,0.011398972293287235,0.004347865010494001,-0.006525305671079118,-0.0057735943388970146,0.005221929701948902,-0.01051406218244022,-0.016643431691977795,-0.008389287570357395,0.008818397779606135,0.0,-0.009489967560462054
2023-07-04,-0.00512821974820199,-0.013636372013645537,-0.004285688073554783,-0.0027248173640964657,-0.005865094972651197,-0.009221350269083772,-0.004329042916269454,0.0016421391763683513,0.003484370089210209,-0.006493388589499105,0.0,-0.001410426986199531,-0.0016920526301701377,-0.01223777977010665,-0.02308622485962386,-0.0023951983897269047
2023-07-05,-0.029209668957672963,-0.027649712067026155,-0.01004297991755021,-0.03278688667042173,-0.02654858895912271,-0.004136443403466861,0.0,-0.011475503060851211,-0.016203869003306504,-0.020915020583509802,-0.017709544299314817,-0.02259892951260678,-0.018643987565376996,-0.008849553294014378,-0.01865676581735698,-0.0276110599519791
2023-07-06,0.0,0.0,-0.011594229447772886,-0.016949108383068734,-0.02727283915178247,0.004153624636695774,-0.004347793391185073,-0.004975199177304601,-0.005882273999947341,-0.004005456229072779,-0.014422947794576868,-0.007225495928850356,-0.010362725678099372,0.010714292600603414,-0.025348493286546647,-0.013580233181939794
2023-07-07,0.0,-0.009478703950168366,-0.013196598699920292,0.0014366559474952023,0.012461146027984649,-0.0051706429202730275,-0.004366779245127739,0.0033334632247044027,0.009467524887947443,-0.012064396747543116,0.0036584553730047986,0.004366896366484685,0.0017452060377711742,0.015900980757512784,0.010403100230983009,-0.008761061189602293
2023-07-10,0.02123911347417895,0.0047846659750947484,0.01931657823614552,0.03156400871452547,0.06461534679125314,0.008316063533848395,0.008771863280771175,0.01993353638445816,0.02227421891327097,0.02170968455933342,0.001215167431141806,0.008695589242309953,0.005226496799542346,0.008695707285286902,0.0,0.011363736775696909
2023-07-11,0.0017328105515677095,0.023809564263627347,-0.0014578160576120824,0.009735688474246773,0.0838150600674119,-0.015463953064708602,0.0,0.009772055823044745,0.009174379379235598,0.014608109351528453,0.0,-0.0028735426013054566,0.0,0.005172446292265764,-0.0012869987518601134,-0.007490601724618906
2023-07-12,0.012110911350823539,-0.0046512157702760515,-0.007299126692140612,0.020661102718675828,0.03999998943425087,-0.005235614315611037,0.0,-0.004838781920499469,-0.00909097532269787,-0.0026176843159118057,0.003640600318520315,0.007204673323840671,0.006932359414574707,-0.018867926712382688,0.018041201529892748,0.016352174912114936
2023-07-13,0.010256220196451116,0.023364525999677976,0.017646949480235374,-0.006747649563441871,0.015384594544873176,0.015789510735275236,0.013043451792864147,0.012966004201411696,0.011467830996706674,0.02099724944915815,0.012091949049213513,0.018597862166626955,0.003442351420613887,-0.005244788040552395,0.020253125318678622,0.009900943771436133
2023-07-14,0.0,0.009132376130725373,-0.013005701158871008,0.0013586633607960419,-0.010100996625663772,0.004145105065659127,0.0,0.03999998778491132,0.020408267300496385,0.0,-0.007168394424609259,-0.005617826175242646,0.005145743498743416,0.005272440875400353,-0.019851078929410404,-0.00980387614498246
2023-07-17,-0.01692034430043421,0.013574669267190975,0.0,-0.008141092008286832,0.028061228787219727,-0.005159970499791444,-0.01287551068987225,0.00923076064768158,0.0011110035889976277,0.010282886578426798,-0.0024067486679463235,-0.00988704565608911,-0.003412910393029822,-0.005244788040552395,-0.017721484653843822,-0.012376179714295055
2023-07-18,0.0,-0.031249995474771697,0.01903375654339179,-0.023255783599557378,-0.017369744531061326,-0.014522872690657773,0.0,-0.0121950864699647,-0.01220858586722029,-0.011450263943286854,-0.0012062775408377968,0.002853046400448589,0.0034245982399550012,-0.0017574802918001176,-0.011598004921175353,-0.006265684876714417
2023-07-19,-0.003442313998125335,-0.004608272887962173,-0.005747285803221813,-0.0014006159966525322,0.06565656144552001,-0.02947369922095766,0.004347865010494001,0.003159437729504999,0.005617995397904529,0.012869891657808497,0.0048308425850438486,0.0014224648420271269,0.0051195395294869606,-0.0052816639935669984,0.011734097036348423,-0.0025221576376925903
2023-07-20,-0.0328151084968511,-0.0046296073821431305,-0.014450779065412145,0.008415304417147107,0.07109003107757506,-0.01952276689005239,0.0,-0.007873974711909315,-0.007821123545749709,0.0,-0.0072114738972884895,0.004261332929808237,-0.006791192161291315,-0.00530964836554193,-0.005154629008540801,-0.006321134114659843
2023-07-21,-0.003571514889311067,0.00465114033577696,-0.010263965853077206,0.004172362088805004,0.09955757383971786,-0.0033185349695755706,0.004329042916269454,-0.006349261779386994,-0.004504630790832631,-0.008894532213178707,-0.0048426348483190385,-0.00990091905713908,0.005128151159329519,0.008896672050128895,-0.019430103408655697,-0.002544415202056949
2023-07-24,0.01971327998396144,0.03703700922767905,-0.014814824509704616,0.008310227831757278,0.0,0.013318622728854645,0.004310241079126476,0.004792337145009595,0.007918633758761784,0.0038460386550593917,-0.0012165500195994161,-0.0057143575370410815,-0.0017006162393665702,-0.008818219245436021,0.022457115932440486,0.0076530251041877495
2023-07-25,-0.005272310057105045,-0.00446426438106684,-0.015037603973620195,-0.009615330847275172,0.04024139388699921,-0.012048294601350595,0.004291884028073234,0.025437202968084938,0.01795729486485209,0.012771500762938093,0.010962190505964697,0.0057471990874633505,0.007054653631356711,0.007117361656440391,0.0012919871092511581,0.013924036326087519
2023-07-26,0.005300254642964353,-0.008968639543847856,0.004580228386833252,-0.0055478945023123005,-0.02321080133331277,0.023281631439456163,-0.004273542479362846,0.01550393983074616,0.014332956003722419,0.011349301365578324,0.003614567708964289,0.0,-0.003502617065478164,-0.0070670628145405034,-0.002580729832443285,0.008739085557898152
2023-07-27,-0.003515136415724318,-0.009049730587122107,0.0,0.022315292677355103,0.047524754158351445,0.0195016139641504,0.0,-0.0015267664467187858,-0.005434709320883968,-0.0012468822427241788,-0.003601549663847181,-0.002857122151483593,-0.008787321285188665,0.0,-0.015523813389519692,-0.008663375577506072
2023-07-28,-0.003527196793778331,-0.009132450187426366,0.04863222732075201,-0.0027286214023052313,-0.09829866966928358,-0.0010626834730350643,-0.00429174263372567,0.0015291010268603245,0.0,0.00499364512453182,0.0024096486053937216,0.0028653086884080636,-0.008865222846606624,-0.007117541778970615,-0.0039421734117489615,0.0012483834082603895
2023-07-31,0.0035396819485984388,0.01843316629110192,0.03333332348442841,0.019151913920978814,-0.006289334296876503,0.0,0.004310241079126476,0.015267166337842086,0.032786804690635885,0.008695759228993793,0.012019280783790665,0.00857136645445089,0.007155543942023002,0.007168564335120919,0.01583110259873921,0.009975116621092184
2023-08-01,-0.010582042905139422,-0.022624399854313082,-0.00560996810860992,-0.030872516227213098,-0.09915609139707793,-0.007446789006641419,-0.00429174263372567,-0.02105267510929676,-0.02222218697869871,-0.024630531135467315,-0.008313479926144729,-0.01274789602737636,-0.005328581893230266,-0.0017795505570619152,-0.04155853965331768,-0.017283969253081732
2023-08-02,-0.012477566313155108,0.02777779446339257,-0.004231476638409171,0.0013850086055364752,0.030444962335933745,-0.003215478111452952,0.004310241079126476,-0.004608299550138972,0.0021644729075935842,0.0,0.005987953982539818,0.004304243573173716,0.010714325900379462,-0.007366370959641322,-0.0035055512653053844,0.012562755671253312
2023-08-04,0.0072202763803095316,-0.013513521411452345,0.0,0.005532547994101744,0.1000000150081668,-0.002150505713646389,-0.00429174263372567,0.010802527967485265,0.0032397870413913843,0.008838379888442827,0.0023809621942396664,-0.001428561075741852,0.007067187228311234,0.007421158260094485,0.01390815965989467,0.006203495366939649
2023-08-07,-0.010752834029715386,0.009132376130725373,-0.022662846161857653,-0.008253073488558749,-0.008264519752998356,-0.01831906258878313,0.004310241079126476,-0.004580157017486153,0.012917029989224282,-0.0062579302537471015,-0.0059382666970939635,-0.010014346870404589,-0.008771973461534688,-0.012891373183143262,-0.0233195675333131,-0.016029469570153387
2023-08-08,0.003623276822765087,0.0,0.015942028557293986,-0.008321753532012144,-0.02708333233018323,0.0010977727373260304,0.004291884028073234,0.0015337199636380472,-0.012752308043790794,0.006297338559235088,0.0071685824406722,0.01300580103741722,-0.0035398825959269686,0.003731316909429294,0.0056179206395152725,0.015037522741055076
2023-08-09,-0.005415062553189021,-0.004524865293561109,-0.011412197382155154,-0.016783261450737053,-0.09850108322974271,-0.009868368479509004,0.008547084958725693,0.0015313712689510872,0.0032292350907345835,-0.0076299880513910345,0.0023723954240033596,-0.005706205873440173,-0.008880969822050444,-0.0018587229702657915,-0.015362973791121282,0.0049382485553990385
2023-08-10,-0.009074629895963637,-0.013636372013645537,-0.020202089539271162,0.015647215748354704,0.06175779665213477,0.004429612814315753,0.0,0.0,-0.0032188406974029693,-0.011810917294897805,-0.005917184007056098,-0.0014347099505709338,-0.008960548180026229,0.007448797839579191,0.025531750264543795,0.006142527023640376
2023-08-11,-0.009157497968733774,0.013824893403139749,-0.010309314463516017,-0.01820720617910232,0.06935117258838108,-0.007717730815849255,-0.008474651393271748,-0.022935731431275586,-0.02260491451400015,-0.015936373312704144,-0.011904810971197999,-0.012931055590727047,-0.016274818014991754,0.0036968919291338054,-0.024896109026324775,-0.010989008830376346
2023-08-14,0.0018485925512783385,-0.027272744027291185,0.008928516350389826,0.0028529989608629958,0.03138074649066658,0.010000041917313185,0.0,-0.006259835472342656,0.0,-0.012145754563351208,-0.0072287562144343065,-0.00873356197937658,-0.0036764599420500144,-0.005524882813900289,-0.0014185216887268037,0.0
2023-08-15,0.0,-0.014018624655405931,0.01622418982540652,-0.004267414251339474,0.0953347955002335,-0.03740374888285747,0.008547084958725693,-0.015748022826459707,-0.006608023234360605,-0.02185777875673167,-0.0182039565041604,-0.01762113460678494,-0.009225138099869024,0.007407415471677892,0.0,-0.01851848173733872
2023-08-16,0.003690126426477036,0.00947862708563263,-0.021770549016308482,-0.005714240539858251,0.009259154521201962,-0.0034287163395956277,-0.012711977089907678,0.0,0.00443453003489469,-0.0041900048457899075,-0.013596991656599222,-0.011958237783266101,-0.00931096033359291,0.007352889085277647,-0.008522737428327098,-0.00880504061027887
2023-08-17,-0.009191398643163207,-0.004694813159639377,0.0,-0.018678263733658662,-0.06055041013769158,0.004587284959341353,0.008583768056146468,-0.0015999767319502256,-0.0022074758992707277,0.0014025449520755906,0.006265689490591475,0.004538725402346566,0.022556399882948552,-0.014598497078035844,-0.00859599886962703,0.002538059147813243
2023-08-18,-0.003710368144922982,0.0,-0.0074184520787112795,0.004392468478811695,-0.021484378148838634,-0.0034247044614140743,-0.004255357030328866,0.011217934712337119,0.00442490346946256,-0.0028011611497207323,-0.002490768019632217,-0.0015060131298655355,-0.0036764599420500144,-0.007407415471677892,0.0,0.005063267423424556
2023-08-21,0.0074485516705085075,0.004716958397999793,0.004484277146104221,0.01895035662483613,0.03193608459769859,-0.0011455565977047666,-0.004273542479362846,-0.00475436284424402,-0.008810636513055914,-0.008426909928789472,-0.002496790969862328,-0.012066456340504073,-0.01476017736307289,0.001865658454714758,-0.004335314516467514,0.006297250527497855
2023-08-22,0.020332739545154466,0.0,-0.0014881871855514373,-0.004291743560064232,0.01353966604336998,-0.004586989982385936,0.0,0.0,-0.006666669133713277,0.0,-0.0062579460236644735,0.0,-0.003745307579623769,-0.0018621842549152445,-0.004354191305240618,0.01627031209178864
2023-08-23,0.0217393123211167,0.028169031243449272,0.029806382025203026,0.025862000422771647,0.0019084259269936954,0.02188937076455244,0.008583768056146468,0.007961816058832838,-0.0011185531268496085,0.015580721786023322,0.0037783532575474954,0.004580180200022044,-0.003759461669665898,0.003731316909429294,0.00874646639842469,-0.0098521708764987
2023-08-24,-0.03191509809387427,-0.013698638252789164,0.004341507109273168,-0.03221283162737376,-0.07047625240921096,-0.01916573185626036,-0.008510714060657731,-0.0078989262608814,-0.0033595103064547605,-0.005578822310165599,-0.005018742661563547,-0.007598729272743299,-0.007547222807178455,-0.003717445940531583,-0.0028901441504117775,-0.009950302016823898
2023-08-25,0.005494757241951698,0.0,0.010086491028980626,-0.00868313715599156,-0.02459006466312097,0.02988500694937124,0.004291884028073234,0.020700632687978393,0.020224820853951053,0.015427755934636522,0.003783018310022923,0.013782381042320768,0.007604616542588483,0.007462694752246035,0.0,0.00502510226850128
2023-08-28,0.005464262517346441,-0.018518504613839526,0.012838722054924645,0.011678833065701388,0.027310921163780533,0.01116074013107693,0.004273542479362735,0.004680191858561722,0.014317078010656958,0.011049649778464454,0.008794105209383396,0.009063559140150002,-0.0037735742504085845,0.0018518387474124598,0.0072463032369416425,0.001250044493620317
2023-08-29,0.005434799028989801,0.0,-0.0014082506469836886,0.0,0.01635989555519446,0.024282578463655335,-0.004255357030328866,0.001552772441394179,0.0010857617043258383,-0.004098362560218449,0.0,0.008982089573136953,0.005681802077629028,0.0,0.004316601117264396,0.004993734483079271
2023-08-30,-0.010810612143284493,0.004716958397999793,-0.005641904951413257,-0.0014429671391563703,0.020120696943499716,-0.019396632766430222,-0.008546944168632775,-0.013953430224285523,-0.010846021657907379,-0.015089092510396585,-0.00996268012479018,-0.019287987199241297,-0.0018832338637962964,-0.011090494676703866,-0.0272206468461621,-0.014906763032650594
2023-08-31,-0.0018216545193822098,0.009389702462085259,0.00709215482846326,0.0,-0.05128204794234892,0.009890246249889323,0.004310241079126476,0.01886786921718908,0.021929895436676672,0.00278555589955376,0.0088049682024669,0.018154481906644815,0.007547222807178455,0.007476582111914709,0.017673070140228786,0.007566168598691192
2023-09-01,0.0164234063652684,-0.009302356106053011,0.0014085377911379204,0.0,0.02286902657953216,0.001088123038605282,0.008583768056146468,0.007870443033048735,0.0010729468991343971,0.005555518154203076,0.016209444992119737,0.01040099497917124,0.013108502778927722,-0.0018553350107031186,-0.007236013518800988,0.01752192102641592
2023-09-04,-0.008976763645748287,0.004694813159639377,0.009845227160420578,0.007225353429312964,-0.00406503519433421,0.01195643664749313,-0.004255357030328866,-0.006430931274270635,-0.004287187671818793,-0.005524824889232227,0.0061350913399302875,-0.0014704612142687479,0.0018485693133416525,0.0,0.017492833646302053,-0.006150082068045459
2023-09-05,-0.0036230444124493166,-0.009345749770270695,-0.008356589198646347,-0.010042985830089779,0.03673464437122842,0.003222385884347423,0.0,-0.0064724121754357045,-0.01399362093870804,-0.012500063483874557,-0.00975623283689675,-0.011782180598777114,-0.011070223848799632,-0.005576108203926511,-0.021489948451096752,-0.011138611520365105
2023-09-06,-0.01454545751415981,-0.004716958397999793,0.007022524458955681,-0.005797055757563729,-0.00787394051643997,-0.02034267709156845,0.0,-0.0032573970494800264,-0.002183376740293008,0.008438881900325823,0.001231629127495859,0.004471143464523042,-0.011193998596635613,0.0037382300086803433,-0.016105452853578228,-0.0037547261274875066
2023-09-07,-0.005535189639715554,0.004739313542816426,-0.011157437596675868,-0.00874633270723979,-0.0396825506011792,-0.0010927862892521345,-0.004273542479362846,0.00980390947954235,0.01312910802741074,0.0069734241094550065,0.009840041616762774,0.004450888519513585,-0.0056602870692515905,0.0,-0.0089285822731614,0.012562755671253312
2023-09-08,-0.005565641473293748,-0.009433993297968568,0.007052045715322031,-0.02499996492224199,-0.057851297176295335,0.0076585290945025974,0.004291884028073234,0.0016181928317247074,0.005399495207891736,0.002770123559595161,0.0036541912887866346,0.002954305731128315,-0.003795130082501985,-0.0018621842549152445,-0.010510506370184913,0.009925612547512008
2023-09-11,0.014925374920506496,0.023809564263627347,0.019607721831329528,0.003016519188983935,-0.017543836783493805,0.01628668315927473,0.0,0.0032309418855727134,0.002148288327284531,0.00966847292040618,0.0,0.010309203735650474,0.0019046814611354268,-0.003731377842816741,0.034901322321760686,0.0012285449332007925
2023-09-12,-0.005514957099927997,-0.013953496441830082,0.005494565504031046,-0.003007447166895272,0.02008929591395292,0.006410252887082413,-0.004273542479362846,0.00483098348707478,0.0021436830779508753,0.0013679508621906589,0.0012135016091214812,-0.00437303096905961,0.0019012851606543535,0.0,-0.013196348011068282,0.013496918588354223
2023-09-13,0.02230487987646179,0.004716958397999793,0.0013662046859816979,0.019607758485051585,0.028446387599578626,0.005307867897474949,0.004291884028073234,0.008012739112686962,0.0032085127194421137,0.024590175361310695,0.007272757099221483,0.013177063247791443,0.009487638382877694,0.005617999175174582,0.02525997400386304,0.00484259237527862
2023-09-14,0.014545639271532629,-0.004694813159639377,0.04092753288889961,0.005917207088792731,-0.008510697189131222,0.005279843187317335,0.004273542479362735,-0.006359222273192411,-0.005330507249901695,0.0013334095281634095,0.0024067486679464345,0.0,0.0,-0.0037243076899122762,-0.010144923107466397,-0.01445776406779753
2023-09-15,-0.032258182521965995,0.004716958397999793,0.024901820182081424,-0.02794125831869032,-0.04506435563555444,-0.023109260536986143,-0.004255357030328866,0.004799922837582571,-0.005359073831814998,0.00798935055217509,-0.01200485068134538,-0.005780305108566863,0.0056390074369754295,-0.0018692676225326998,-0.001464213557085925,0.0024449762341780534
2023-09-18,-0.0037036914533122856,0.0,-0.011508967297955475,0.0,-0.01573035375228804,-0.0064516093344449965,0.0,-0.0031846388623205657,-0.001077571704277025,-0.0013210793487887784,0.001215167431141806,-0.002907070853933158,-0.009345768249975461,0.0,-0.005865043560474792,-0.009756149720449914
2023-09-19,-0.005576189665976394,-0.004694813159639377,-0.018111143395050378,0.0,-0.0022830644052423965,-0.006493502878227364,0.0,-0.007987281164550608,-0.014023723168621993,0.0013228269080991506,0.0,-0.0029154310093616465,0.0,-0.009363291184221412,-0.011799390794013265,0.0036946136109783367
2023-09-20,-0.014953221106276282,-0.009433993297968568,-0.017127781923768626,-0.016641441717472616,0.0022882887157582577,-0.005446542209231131,-0.004273542479362846,-0.011272056525551966,-0.01750541663842653,-0.01188904011902292,-0.014563260694484215,-0.02046780508415058,-0.013207509876430046,-0.00378069172656037,-0.026865703460962176,-0.018404969738603172
2023-09-21,-0.009487694399962887,0.0,0.0,0.010769268256356046,0.0388128487240289,-0.006571831204421841,0.004291884028073234,-0.006514721800723544,-0.0044543754055353935,0.010695115426618829,-0.001231532225125509,-0.001492526542448025,0.0019120404179080452,0.0018975198006916383,0.0015338311321089204,0.0037500329303066238
2023-09-22,0.005746984921046083,0.00476195919106237,0.012064176236048718,0.024353121127689503,-0.006593434025312539,0.006615305878017841,-0.004273542479362846,0.004918099474969573,0.0033556593805488255,0.005291082661833757,0.006165253834400808,0.011958060061622033,0.0,0.0018939260385324452,0.018376535231900304,0.002490648423081776
2023-09-25,-0.011428473878303369,-0.014218017492984791,-0.023841093699102256,-0.029717635817261723,-0.019911514767943617,-0.01971530579299685,-0.00429174263372567,-0.01141930712345629,-0.00891859039841314,-0.00394736989333222,-0.014705846901707065,-0.014771060331505548,-0.005725249645896824,-0.00378069172656037,-0.018044931904991013,-0.013664582742937137
2023-09-26,0.005780389092824967,0.0,0.0,-0.010719791374644516,0.038374779578975504,-0.007821208713095884,0.004310241079126476,0.0,0.003374532665157748,-0.003963125709686932,-0.007462619375192436,-0.0014992396848839684,-0.023032565140220562,-0.0018975817746873513,-0.006125615905165027,0.0012594906296510278
2023-09-27,0.001915702374406525,0.0,-0.0027135954831254416,0.004643950654627194,0.04130432738490741,0.01801794321040906,-0.00429174263372567,0.001650162961558621,-0.0011209678202239726,0.0,0.0,0.0,-0.00785852367178319,-0.001901065253473444,0.009244898312092298,0.013836362295229776
2023-09-28,0.019120333774168108,0.0048076690656928545,0.013605357894417525,0.03389828182843524,0.06263046491296453,0.012168151245297132,0.004310241079126476,0.0016474444098124597,-0.00112241269669211,-0.0026525587848147403,-0.002506374398636324,-0.003002862544088991,0.0,0.0019046861862006548,-0.006106808715805823,-0.0037220173785297295
2023-10-02,-0.007504666181124109,-0.0047846659750947484,0.03624166289784081,0.0029806498068734033,-0.023575607155986056,-0.010928987351059627,-0.00429174263372567,-0.004934204401978226,-0.0112358972420733,0.0013299764084959698,-0.006281334263579241,-0.012048284098824302,-0.015841616433350136,-0.003802254690586815,-0.016897014647952124,-0.014943990713386479
2023-10-03,-0.017013177122514045,-0.009615416104545194,0.010362718473950316,-0.010401130004909942,0.008048278777399887,-0.025414367990816977,-0.008620766165835847,-0.013223124001933595,-0.010227323583824832,-0.02124842246132741,-0.008849494139828828,-0.021341491227418352,-0.02414487957869582,-0.0038167670108567586,-0.02968751594154595,-0.01264216653470096
2023-10-04,0.015384625764569781,0.004854345618732214,0.007692347233622332,0.015014943026250283,-0.003992010574712324,0.02380965805307289,0.0,0.013400318069430872,0.011481092695039719,0.017639046341568987,0.003826445610798146,0.007788167955424585,0.012371098861524654,0.005747148371405553,0.022544163302769427,0.0012803522323046046
2023-10-05,0.007575853219792039,0.019323735842868395,0.0,-0.0014793488192920146,0.02004005297696332,0.0011073082534629464,0.004347865010494001,0.0033057810004832877,0.011350773413321136,0.0,0.0012706532391408842,0.009273687627260996,0.004073308320580837,-0.003809559002657892,-0.011023511053717128,0.0025576357833654306
2023-10-06,0.02255625394300531,0.004739313542816426,0.03562336082929529,0.0029630810690650655,-0.06483295211311424,0.03761072690417655,0.008657943214007036,0.01482699968831147,0.031425312737856315,0.026666716556138725,0.010152225973725892,0.022970857608139994,-0.0020283120115996978,-0.003824064793031434,0.04140106899744933,0.038265228123536055
2023-10-11,0.01102937555200234,0.009433916795999586,0.0012284936388824441,-0.0073855360298912265,0.0,0.0021321643936589307,0.0,0.0016233025711034355,0.00435249836939855,0.011688426861547807,0.013819054000060449,0.013472956372012845,0.010162572341089637,0.00767755148839111,-0.0030579694408979785,0.0
2023-10-12,0.005454585731578421,0.0046729506721359115,0.033128796705423014,-0.02232146406677893,-0.05042023684979757,0.0,-0.00429174263372567,-0.01296587747114486,-0.018418224582127496,-0.011553385954811701,-0.0024782276338420894,-0.02067932055066024,0.0,0.0019046861862006548,-0.004601180433434826,-0.015970491204519544
2023-10-13,-0.014466613904758452,-0.0046512157702760515,-0.0023752016326575864,-0.01065452679911194,-0.019911514767943617,0.003191441911680082,0.004310241079126476,0.001642034090047595,0.00441513560169704,0.007792210947638933,-0.0024843845041733204,-0.0030167485826058105,-0.004024133389752382,-0.001901065253473444,-0.006163370344577146,0.01622968728251717
2023-10-16,0.011009372966342523,-0.004672874885135347,-0.017857193420716344,-0.010769170398398309,0.0,0.02226938677833412,0.0,0.004918099474969573,-0.005494522587464412,-0.0012886237828948488,-0.004981340062395145,-0.0015127885523799067,0.0,-0.011428552587802732,-0.0031007438030996592,0.004914080911621488
2023-10-17,-0.019963807834442626,-0.009389626319278865,-0.014545447057030758,-0.012441679780596071,-0.054176001571744736,0.005186733893673079,-0.00429174263372567,0.0016313192438968116,0.007734702020765649,0.0025806826810395034,0.002503040538877066,0.01666654656991673,0.0040403924679905945,0.0,-0.012441764843895586,0.0036674151822964074
2023-10-18,0.011110956231162872,-0.018957407900336842,0.020910163349471267,0.0,-0.004773263107245906,0.017543775823189778,0.0,-0.006514721800723544,-0.010964856421376346,-0.012870090059110217,-0.009987458578781028,-0.02831586378239126,-0.014084466864133227,-0.0019268315015145143,-0.011023511053717128,-0.007308126767472944
2023-10-19,0.018315311033628934,0.0,-0.0024096237572690526,-0.026771616314936297,-0.019184704874813607,-0.01217029244110901,-0.004310383082917979,-0.004918026702641409,-0.008869152378907508,-0.022164322369380263,-0.008827274246303585,-0.0122698506423351,-0.024489885803990252,0.0038609765958086406,-0.015923621377782804,-0.00981600360057322
2023-10-20,-0.021582888986485305,-0.02898544706461126,-0.0084540542403847,0.0016180843388251542,-0.01955995687482115,-0.0020534455711042066,0.0,-0.01317962841049225,-0.013422916927639084,-0.010666595914324395,-0.006361349264753402,-0.010869609365836252,-0.004184088697671062,-0.005769190185430095,-0.0016181065929644634,-0.008674111245244975
2023-10-23,0.0,-0.021890586524125344,-0.006090261723073032,-0.0048466166320592086,0.042394084365604545,-0.006172836239141777,0.0,0.0,0.0011339604541202863,0.0040431282292134885,-0.0038411443116084243,-0.006279451747973286,-0.008403337705659153,0.0,-0.006483136899025577,0.001250044493620317
2023-10-24,0.0,0.0071210897918754235,0.007352979755258282,-0.00811679360321571,0.007176984360068417,0.015527897662343415,0.0,0.0016695212109898439,0.0,-0.010738297168034538,0.0,-0.003159597522434776,0.03389829235703323,-0.0038684445828067737,-0.0032624992011021092,-0.0024968672415396354
2023-10-25,-0.023896980362671627,-0.005050480642622812,-0.006082687847785873,-0.024549957525484722,-0.038004701413647424,-0.045871493882134406,-0.004329042916269454,-0.006666658281677451,-0.006795207607298237,-0.01221167409458701,-0.008997566842058768,-0.009508648239682893,-0.014344302480500226,-0.0038835309799064577,-0.014729913003576844,-0.012515686640695467
2023-10-26,0.003766345542622229,-0.0030457692777906553,-0.019583805964767387,-0.010066981225811622,0.002469091718123817,-0.0042735324588956125,0.004347865010494001,0.011744951571598383,0.00798183901867211,0.015109818707173206,0.0012970222882906501,-0.004800028712538151,-0.002078914415471478,0.0019493039632600961,0.008305563382939196,0.005069786926623632
2023-10-27,-0.0018759870249915878,-0.03767817654111516,0.06991251560645706,0.0,0.014778387218630673,-0.004291781925739757,0.0,-0.008291937203424249,-0.005656126603951428,-0.010825368466318652,0.0,-0.014469476629810463,0.004166654701537098,-0.0019455115698463477,-0.004942289530808552,-0.0037831350184099888
2023-10-30,-0.005639258331593178,0.02116409108469286,-0.017502889579371184,-0.01525430343571943,-0.08252431969565766,-0.0043103731027840375,0.004329042916269454,0.005016790682199401,-0.0011375464007914449,0.004104085251060763,-0.0025905824779511866,0.009787987284422206,0.002074601157498579,0.003898671591813896,-0.0016557249706028454,0.001265765944185926
2023-10-31,-0.0018902927210405762,-0.009326429834088157,0.004750645393994279,-0.012048233661067886,0.010582084066192543,0.01731603860599451,0.008620624162044566,-0.0016638914215381106,0.009111588581538266,-0.0013624754789171023,-0.002597413214332045,0.0032309943944834885,-0.004140775270152441,-0.0019417971989770244,-0.0033167162884450985,-0.001264165806160733
2023-11-01,0.0359849705568398,0.014644331056902216,0.026004647614537024,0.04006972907676132,0.05235594853657366,0.026595714114885816,0.008547084958725693,0.014999981133774432,0.01241527585178992,0.03137783383614168,0.005208252223867893,0.017713365436683448,0.00831606704206278,0.013618708071788888,0.026622367542022074,0.0063291351909509075
2023-11-02,0.003656294551359629,-0.01237114091547109,0.0023042116865208406,0.018425340527427947,-0.004975117840059773,0.02383419864056413,-0.00423732569663593,0.00656820925201318,0.011148307615763908,0.011904767261203819,0.00906739540409851,0.012658199271964099,0.012371098861524654,0.005758116600513397,0.02106969884776322,0.01761008122055774
2023-11-03,0.0018213130929578547,0.006263051551034238,0.01379301833312252,0.01315789611339313,0.027500004952695223,0.0,0.0,0.00326256607161568,0.0,0.007843140742334942,0.00898591654571046,0.012500095983576598,0.018329967651111057,0.009541979855951954,0.025396783582229743,0.007416528630282304
2023-11-06,0.00909082157798391,-0.003112034940257691,0.0068028337795384974,-0.006493455534414938,-0.007299300565370426,0.0,0.004255357030328755,0.0,-0.003307654662529913,0.0012969806678297946,-0.006361349264753402,-0.007716054385030868,-0.008000056080496254,0.001890345863280185,-0.004643915907912577,0.0
2023-11-07,0.0018020834470722225,0.009365249805391551,0.02927925083957672,-0.016339896113706454,0.05392157973499523,-0.01821861346855025,0.004237186099689927,0.00325195634916442,-0.0033186315496482877,0.0,-0.002560830040194695,0.0031103356485033817,-0.00806441431781113,0.009434080859747285,0.0046655824806141055,-0.004908051150248949
2023-11-08,0.001798382866591286,0.009278355686603401,-0.009846840718525818,0.0033223914752193995,0.0186046268769946,0.0020618250519433,-0.00843875522000892,0.0,0.002219910905998379,0.0,0.005134809454691691,0.012403195943263556,-0.002032594513683761,-0.005607497631213043,-0.0015479719693042293,-0.0061652492716469665
2023-11-09,0.0,-0.007150267608019623,-0.02320442719117899,0.00496676868114454,-0.025114085375120276,-0.0010287913382173164,-0.004255357030328866,-0.0032414154077490265,-0.004429711013476334,-0.005181312905497504,-0.007662866821034786,-0.00612565104387941,0.004073308320580837,0.0,-0.01395345256707714,-0.0037220173785297295
2023-11-10,0.025134682396228403,0.00514400854570507,0.02488687852375504,-0.013179572527102446,-0.03512879674719671,0.008238983320089766,-0.004273542479362846,0.00325195634916442,0.006674084683197412,0.0026042047293128867,-0.0025740132611608013,-0.0015407598802272826,-0.006085095801016238,-0.003759494507054262,0.007861555347392413,0.004981296846163774
2023-11-13,0.0017513635712131936,0.023541525046003375,-0.0011037459705584007,0.0,0.012135945866563302,-0.008171657172944324,0.0,0.0,0.004419829726151736,0.0012986650112434273,0.0038710853841956716,0.015432047609684307,0.0020407300494547087,0.0037736816424605024,0.012480585631887253,0.006195807986370427
2023-11-14,0.015734380373878087,0.005000057169923355,0.0033148216244653916,0.023372368338755667,0.0023980386219932814,0.011328447538931918,0.012875652084219924,0.01620758066575889,0.006600754385015284,0.009079085268509868,0.02699229597751196,0.03343452926185364,0.016293393699317704,0.007518743447988863,0.049306648347070325,0.022167483536704724
2023-11-15,0.003442109301215801,0.004975100291947587,-0.016519723640684436,-0.004893951076884062,-0.002392301789905571,-0.0061098894766412615,-0.008474651393271748,0.0031897177992172843,-0.0021857627133450297,0.00771208591505923,0.016270206658164588,0.0058824276795934605,0.010020010820285696,-0.005597036297531388,0.01027899662850107,0.01204823363935903
2023-11-16,-0.00514572628114951,0.014851493892882761,0.012318105385943579,0.0,0.0,0.019467187642341788,0.0,0.004769540209605072,0.003285734909253213,0.0,-0.004926031998131686,-0.0029239556001884326,0.0,0.0037524413265128675,-0.007267466719735993,-0.0035714596942171273
2023-11-17,-0.005172341735955266,-0.014634154831771107,0.008849427131542686,0.0032786102329720457,0.01678658707304681,0.011055284869085469,0.008547084958725693,0.00474682944159488,-0.002183376740293008,0.0,0.0,-0.0117301207530206,0.003968164355752535,0.0037382300086803433,0.004392242327094786,0.0011947856142122681
2023-11-20,0.013864771273616183,0.014851493892882761,0.015350932425405972,0.014705844141873703,0.02594332092511986,0.0,0.0,0.022047286259033072,0.009846785471967268,0.016581712758857448,0.013613819685397432,0.03264082916100519,0.01581038804245316,0.007448797839579191,0.0335278567925017,0.01789972513944127
2023-11-21,-0.013675168194471454,-0.004878025239180128,0.01727858458287712,-0.009661913435589753,-0.04137925538031573,-0.0059642114923593725,0.0,-0.0046225585398455005,0.003250317377511358,0.0,-0.007325941516979961,-0.015804598192032393,0.0038909626353271776,0.005545307708584524,0.0,-0.015240304262900128
2023-11-22,0.0017329305785247495,-0.0049020165136874905,-0.012738847529670916,0.016260294618356097,-0.023980861298573575,0.010000023149789428,0.004237186099689927,-0.004643957104159657,0.0,-0.0037641169055028234,-0.004920069199966126,0.0,0.0,0.003676384505331587,-0.01833578540850267,0.0
2023-11-23,-0.0051902396257562655,0.0,0.016129006329103746,0.012800000488506935,0.0,-0.0039604220952723646,0.00421944711397626,-0.006220901120402855,0.0,-0.005037749653070356,0.008652595686307274,-0.004379530623735972,0.003876034369209247,-0.007325956053954141,-0.0028734365677859364,0.0071428236260078215
2023-11-24,-0.012173817732981873,0.0,-0.014814724258149115,-0.006319165804998805,-0.03439806947921331,-0.01590450716056524,0.00840336716066692,-0.006259704045288639,-0.011878979374018273,0.0,-0.0024508941274872242,-0.007331441693299134,0.009652481765887178,-0.0036900108845558943,-0.015850178550216976,-0.020094516567212728
2023-11-27,0.01232384598780678,0.009852249414658898,0.011815179109107898,0.012718602079293317,0.002544567956103805,-0.009091033488641043,-0.004166635208880831,0.006299134764656822,0.005464406783362685,0.0037974697170144456,0.007371037296555638,0.01329396600645838,-0.0019121157188065618,0.005555576724265432,0.032210905707156456,0.02171280493378358
2023-11-28,-0.0017389583356676175,-0.004878025239180128,0.006369459835668501,-0.004709464212695247,0.02030454130292081,0.0030582336063611493,0.004184068696829524,-0.003129817287806591,-0.005434709320883968,-0.012610309241204543,-0.00731710265994634,-0.0029154310093616465,0.003831482374388795,-0.005524882813900289,-0.012766116328233323,-0.0023612642122928795
2023-11-29,0.005226407264804944,-0.0049020165136874905,-0.0031646091378679797,-0.0015773497314031104,0.009950235680119546,-0.00609755725647132,-0.004166635208880831,0.010989066892399313,0.01639340234531783,0.008939941167877885,-0.007371037296555527,-0.004385933400282704,0.0,-0.0018518387474123488,0.02011493550819221,0.005917180041707271
2023-11-30,0.0034661928184041013,-0.009852169520975007,0.002116389179735556,0.009478748707498097,-0.01477830589358542,0.01635984971486648,0.004184068696829524,-0.0093168269146926,-0.00967746758547039,-0.02151903094445884,-0.001237726206393508,0.0,-0.0076336411421308314,-0.0037106094271669443,-0.0211267396495195,-0.017647024309290993
2023-12-01,-0.008635494480167094,0.004975100291947587,-0.014783508513339205,0.0031298156801158328,-0.012499942218556548,0.010060385429589092,0.008333339052930766,0.009404446515102194,0.004343137222108107,0.009055594407940903,0.0024784226393606,0.008810509106730091,0.0019230715342168914,0.005586613584663835,0.010072036651424643,-0.005988044142245297
2023-12-04,-0.006968839370630753,0.0,-0.004287146376341977,-0.031201298826949553,-0.012658252184368335,-0.019920278917893386,0.004132268251651139,-0.004658447922499143,-0.015135200820926453,-0.0012819064755574816,-0.002472295246849665,0.0,0.0019193804283517135,0.0018518387474124598,-0.014245063104422306,-0.002409627344632903
2023-12-05,0.0,0.0,-0.002152912294664633,-0.0016102676920237702,0.023076934148036132,-0.00609755725647132,0.004115195093680413,-0.004680181373389214,-0.00219536018576294,0.01412059885696415,-0.0037173902021426786,0.0,0.005747185839004132,-0.0036968315589013256,0.011560674892496792,0.0036231229349490413
2023-12-06,-0.007017521084681899,0.0,0.0043150413437129664,0.003225729672321931,0.007518745350383549,-0.009202492174694932,-0.008196726845082103,-0.009404376936545167,-0.009900948380986874,-0.012658304152803002,-0.006218833168232463,-0.00873356197937658,-0.0076191009147361655,0.0,-0.008571341953518163,-0.009626814411210827
2023-12-07,0.007067114711175382,0.004950471201229156,0.012889359294877556,0.004823241222191799,0.009950235680119546,0.002063952806744984,-0.00413226825165125,0.0,-0.0033333808239799367,0.009579192776144163,0.001251471029942497,-0.007342207315599758,0.0019193804283517135,0.005565823249391588,0.01008645052988788,-0.0012152076795104438
2023-12-08,0.00701774490763607,-0.0049260847604875035,-0.0021208776296847143,-0.006400051130389772,0.004926101964528362,0.010298596699090945,-0.00414934639609299,-0.004746899680707073,0.0,-0.008917144764241658,-0.0012499068077824749,-0.004437720826356184,-0.015325552271763132,-0.009225087470238869,0.005706172988763081,-0.004866059807765
2023-12-11,0.006968394844294679,0.0,-0.002125385311847028,-0.03059580314316146,-0.014705863311436862,0.017329349498478086,0.0,0.0031797169977769713,-0.002229624393687457,0.010282683914524249,-0.0037548070057954464,0.013372859257793523,-0.009727674756193294,0.0,-0.0014185216887268037,0.008557367650652514
2023-12-12,-0.0017299327252063845,0.0,0.01703936993969446,0.006644465968679958,0.0,0.006012020604738266,-0.004166635208880831,-0.003169638444537992,-0.0011173033636785457,-0.010178026485302194,-0.00879390750907294,-0.02199420885723602,-0.011787785507674675,-0.0037243076899122762,-0.021306891878535406,-0.010909089136298733
2023-12-13,0.013937294556519486,0.009901022691653605,0.011518324458304363,0.008250944248606507,0.0223880713473934,0.003984004544559383,0.0,0.03656600444616953,0.026845647584982313,0.01670944308212463,0.011406890746916476,0.017991113891353994,0.009940329056522978,0.001869084480701666,0.02467338876066405,0.02083338467654916
2023-12-14,0.005154589154439115,-0.0049020165136874905,0.031055919410067467,0.024549853421280465,-0.014598520795053416,0.005952377914542062,-0.00836827523834549,-0.0015337404516537756,-0.0010894005974787513,-0.005056844895308776,-0.0012532365005180068,-0.008836460344843311,0.0413386191502354,-0.0018655975213273113,0.009915107503904785,0.006002421131674263
2023-12-15,0.0,0.004926164654171394,-0.007028068812507171,-0.019169279729474353,0.002469091718123817,-0.0019723574017137535,0.0,-0.009216578549269494,-0.007633485204004864,-0.007623981390242673,0.010037682775380974,-0.004457737529488415,0.00756141471889582,-0.0018692676225326998,-0.009817763325088547,-0.007159966848556798
2023-12-18,0.0,0.004901937011643875,0.0030332793567555694,-0.014657941987319068,0.0024630916447867524,-0.011857701147263366,0.0,-0.009302382880912119,-0.013186817610873147,0.0025608510105283866,-0.00869559012709098,-0.005970224474051822,0.0,0.0018727683277321994,-0.008498498417490397,-0.008413470834925385
2023-12-19,0.0,0.019512180070951235,-0.009072593213709013,0.009917328957406157,0.03194102974845836,-0.0030000412409213473,0.0,-0.004694760666547615,-0.0011136633916005723,-0.010217022683587595,0.0012531378981182062,0.0030031005736990135,-0.00375240829098622,-0.00934591078172442,-0.012857110097804991,0.004848559896685201
2023-12-20,-0.013675226284273534,-0.009569409550273411,-0.0071210141712364505,-0.006546696981810873,0.02619048049553996,-0.009027033716273669,-0.004219308106032771,-0.003144719934613849,-0.0033444365905311857,-0.011612880784618418,-0.005006278035738054,-0.011976079878028623,0.001883308030221409,0.009434080859747285,-0.00868317684932407,-0.012062766440754213
2023-12-21,0.008665574355363637,0.0,0.014344173404561511,0.006589838658668246,-0.0023202208082292453,0.012145742312366758,-0.00423732569663593,0.001577355206346942,-0.0011185531268496085,0.0013054435868755654,-0.00880506717695273,-0.013636385472136303,0.0056390074369754295,-0.0018692676225326998,0.002919778043249277,-0.02075707124508641
2023-12-22,-0.0017181600400983932,0.0,0.005050542839313055,0.0032733484909055477,0.002325616752610671,0.004000026407908086,0.004255357030328755,0.0031496023359656178,0.004479222756017975,0.011734006203714564,-0.0012690407284288163,0.006144409980427534,0.0037383809119013733,0.0018727683277321994,0.016011681149295853,0.006234435350706891
2023-12-25,0.008605695196239438,0.00483097313563996,0.005025163038114622,0.013050467028659751,0.0023202208082293563,0.01195218443040913,0.008474511796325856,0.009419140461097486,0.007803778201569411,0.0,0.0012706532391408842,0.009160239386524438,0.0018621920667185599,0.0,0.004298048157784562,0.013630817441361964
2023-12-26,0.010239134408550843,-0.004807747038852339,0.039999956507234646,0.008051543315750198,-0.00231484984544994,0.05314957639734197,0.004201718186301218,0.004665624062168527,0.005530991179482525,0.005154593000721519,0.010152225973725892,0.0,0.0,0.0,0.004279556969892129,-0.002445074572119288
2023-12-27,0.0016889224758214194,0.00483097313563996,-0.014423119019499442,0.0,0.006960585816875531,-0.018691552089631136,0.004184068696829524,0.004644025821063824,0.007700757984827167,0.005128159426037504,0.0025126720956489823,0.013615816461832742,0.003717461506112185,0.0037382300086803433,0.009943177563809025,0.0024510676152198485
2023-12-28,0.0,0.0048076690656928545,-0.009756038052725291,0.001597507717256752,0.034562202690903376,0.001904651939862445,0.0,-0.0015408984461193764,-0.0010915974718642696,0.0,-0.007518925991109371,-0.007462632712239903,0.0,0.003724429329748702,-0.0028129109974449618,-0.013447516794891201
2023-12-29,0.0,0.0047846659750947484,-0.033497531470826125,-0.011164312506606766,-0.04677064801325603,-0.013307869975501374,0.004166635208880942,-0.0030864159472633323,-0.005464497780977684,0.0025510518534024307,0.0,0.003007377736107708,0.0,0.0018552744164639368,-0.009873056183604012,0.002478402937242441
2024-01-02,-0.025295081821607113,-0.004761881960500869,-0.02854233561917896,-0.017741923569843054,0.0,-0.025048210141203286,-0.00414934639609299,-0.013931871312479083,-0.012087931392900986,-0.016539481780232457,-0.013888847493305323,-0.016491695951910246,-0.011111079507974186,-0.011111153448531086,-0.024216665411932237,-0.014833256124435534
2024-01-03,0.003460430608918985,-0.0047846659750947484,-0.00043084880280441773,-0.0016421014679167678,0.023364455339688117,0.003952595290181993,-0.008333339052930766,-0.0031397134870325694,-0.005561752672190057,0.002587463708721316,0.002560830040194695,0.0,0.0,0.0018727683277321994,-0.010218875617852508,0.0
2024-01-04,-0.006896666416117525,0.0,-0.007543032646690984,0.0016448024003528072,-0.015981676987169124,0.0,0.004201718186301218,-0.004724403503948316,0.0033556593805488255,0.0051612438876695865,-0.0025542889403449287,-0.0030487585691206798,0.0,0.0,-0.004424834248038523,-0.0012546489178236753
2024-01-05,0.012152623233866011,-0.02403850127478313,-0.0010857763300760048,0.004926095511564865,-0.006960585816875642,-0.005905508488593503,0.008368137393658825,0.01424048832478464,0.005574153807881954,0.012836909987538947,0.0,0.006116224444451479,-0.007490688909002952,0.001869084480701666,0.013333400510885385,0.00502510226850128
2024-01-08,0.005145857343198168,-0.0049260847604875035,0.008695580213865295,-0.034313844199245436,0.00934585928066034,-0.007920844190544729,-0.00414934639609299,-0.0015600604577964416,-0.007760519870183891,0.0,-0.006401974351803119,-0.010638341443623633,-0.018867945558404098,0.003731316909429294,-0.0014619734752547853,-0.008749909253124577
2024-01-09,-0.0034128643196925657,-0.009901022691653494,-0.004310345135084992,-0.015228281071893779,0.009259170090369917,0.0,0.0,0.0,-0.0011173033636785457,-0.0025347779877438192,-0.0077319901230401555,-0.009216584531372196,-0.005769214602650452,-0.003717445940531583,-0.010248996969397628,-0.0025221576376925903
2024-01-10,0.003424551850514046,0.005000057169923355,-0.004328932990633638,0.0068729070672273185,0.027522976076133965,0.0,0.004166635208880942,-0.0015625674103427745,-0.002237199388847144,-0.003812044552772509,-0.014285670490880253,-0.0155038259557424,-0.001934230525207692,0.007462694752246035,0.0014793756738842312,-0.005056866613880384
2024-01-11,-0.0034128643196925657,0.0,0.0065216671703869356,0.0017063353452604346,0.03125003224410894,0.0,-0.00414934639609299,0.0031299562271573933,-0.002242122328402041,-0.0038265237163590538,0.001317424714589066,0.007873958741354992,0.0,-0.007407415471677892,-0.002954280240180296,0.0038119774693170516
2024-01-12,0.003424551850514046,-0.0049751809805896885,-0.004319654736474221,0.006814256701507482,-0.019480528762007787,0.013972105760672981,0.004166635208880942,0.0,-0.0011235803688337542,-0.0038411137015460506,-0.006578871081293736,-0.006250017029344246,0.0,0.0,-0.004444399659409792,-0.010126636670189426
2024-01-15,-0.010238701248972304,0.0,-0.029284095157763756,-0.020304410638260495,0.0066224711827129745,0.0,-0.012448107538657105,-0.014040544120167642,-0.010123691654442601,-0.007712176377939084,-0.025165560981385005,-0.02830187091992875,-0.02325574828070376,-0.011194072595062776,-0.04315472997346925,-0.04347816247694025
2024-01-16,0.001724084546445237,-0.013999981673187722,-0.01787709497206702,-0.03454225988050108,0.002193015801849274,-0.043307118509501974,-0.004201718186301218,-0.014240558563896721,-0.015909159506300674,-0.033678621634460226,-0.024456514185806744,-0.02750808542642924,-0.015873126260733894,-0.007547178415315048,-0.029549112168405278,-0.024064272337760317
2024-01-17,0.012048148029622174,0.013184619544871046,0.020477740383112675,-0.008944671458444131,-0.030634604606952887,-0.01028808980184892,0.0,0.0,0.0,0.013404761455631853,-0.009749343152484546,0.0,0.0,0.005703444127700186,-0.006410192127000447,-0.009588941620844116
2024-01-18,0.06462579821476178,0.006006009418695557,0.02564110133864883,0.028880868912966706,0.08352144755542934,0.02286913015469194,0.00421944711397626,0.01123601269970842,0.01154738097069452,0.0026454228477206243,0.001406364852299502,-0.0016638815510472416,-0.006048370288317839,0.001890345863280185,0.0032257738939185376,-0.0013832862131880619
2024-01-19,0.0,-0.005970152625794034,0.002173841083430439,0.021052689137137426,0.0562500296645807,0.02235765185099403,0.0,0.003174599148197954,0.0011414420550632798,0.005277109773076161,-0.008427001680891388,-0.008333339388211125,0.004056863672525335,-0.0018867791980282655,0.008038613689886676,0.0027701818622609675
2024-01-22,0.0031948910937178443,0.011010990209855631,-0.01193051473600304,0.008590969896741463,-0.003944767909088709,-0.0019880420879231364,0.004201718186301218,0.011075865124609008,0.00798183901867211,-0.006561593214150507,0.007082294419981983,0.013445414645882448,0.0020201166736519838,-0.00378069172656037,0.017543899615620973,0.0
2024-01-23,-0.0015923076122469348,-0.004950471201229156,0.027442371020856227,-0.015332158848846311,-0.009901009519439508,0.007968094487484256,0.004184068696829524,0.007824855833056032,0.0,0.0,0.014064755199776124,0.006633516937160522,0.014113022805967157,0.0018975198006916383,0.0047021467337158285,0.00828725414557141
2024-01-24,0.023923313743709818,0.014925381564484974,0.007478632478632452,-0.017301067002210013,-0.003999994717125199,0.03359676343505802,0.0,0.0031055170644898045,0.003393619449141072,-0.0013210760056000526,-0.005547872609774407,-0.003294934328201271,-0.001988144106271905,0.009469692049283829,-0.0093603861683218,0.002739713347725159
2024-01-25,0.0031152678767616404,0.004901937011643875,-0.007423117709437932,0.012323987036576556,-0.028112412521447583,-0.04780101573172668,-0.004166635208880831,0.003095971402773179,0.003382235617285012,0.014550274191260426,0.013946838542473694,0.016528937530256194,0.005976157190577647,-0.005628539437062763,0.00787415069456876,0.010929021198035072
2024-01-26,0.006211284781618254,0.0,0.002136752136752129,0.01913053289954747,0.014462824294073862,-0.007028093867346374,0.004184068696829524,0.0,-0.002247067183931528,0.0,0.012379802853084376,0.013008100636997755,0.007920769224230462,-0.0018867791980282655,0.01093738840917835,0.014864849734541163
2024-01-29,-0.009259365348809223,-0.004878025239180128,0.026652381446435003,-0.023890865743754874,0.030549889675611563,0.003033235112392507,-0.004166635208880831,-0.007716039868158386,-0.011261295683788863,-0.011734116727758814,-0.021739218750567946,-0.017656437494246835,-0.015717124715609376,-0.00378069172656037,-0.015456004810618706,-0.01864183117147422
2024-01-30,-0.02180677629328298,0.004901937011643875,0.0031152650116725855,-0.020979077746589248,-0.023715447775169873,-0.012096681837397094,-0.004184137619172801,0.003110416041445685,0.005694778425598734,-0.006596331298172831,0.0013890039410118238,-0.004901989988923772,0.003992083278701042,0.0018975198006916383,-0.00470952886772702,0.01221166685476116
2024-01-31,0.0,0.004878025239180017,-0.03726701476599725,0.017857173281732308,-0.016194310335873596,0.0010203054967186098,0.00840336716066692,0.004651157028735087,0.006794924721173379,0.0066401318074382765,0.019417335868705532,0.022988469842544212,0.003976131622609236,0.022727298032254373,0.015772818882452633,0.02144772956311347
2024-02-01,0.011146456428439366,-0.009708691237464429,0.006451612903225712,0.003508800121591049,0.04115227539647215,-0.010193616751264623,0.004166635208880942,0.0015432764784468755,-0.007874096869973424,0.0,0.0,0.0016051885127970067,-0.003960384612115231,0.0,-0.001552673834039786,-0.0026246597247902015
2024-02-02,0.017322801124613374,-0.0049020165136874905,0.0010683053384146213,0.0052447416360916765,0.007905062254526696,-0.009268834159930739,0.008298829492942028,-0.003081728492982494,-0.0045349921957617,-0.00791555282326939,-0.014965941825117346,-0.02243592552805418,-0.011928473162794884,-0.011111153448531086,-0.009331376523486257,-0.02236836980248913
2024-02-05,0.07894739685663454,-0.0049260847604875035,0.03735325770854514,-0.010434755674634033,0.04509814267452672,0.02286913015469194,-0.004115262881498771,0.009273558871784937,0.0034168101559395314,0.005319214294805086,0.0,0.0032787298500074336,-0.010060333474380845,-0.005617999175174582,-0.00470952886772702,-0.012113052267445967
2024-02-15,-0.020086011371068913,0.004950471201229156,-0.0020576133088689996,0.02460454250434463,-0.0675422436370261,-0.007113889410967356,0.008264468435366545,0.009188350165589831,0.011350773413321136,0.0026454228477206243,0.008287327043047688,-0.0016341045930552411,0.012195006763841887,-0.00188322596644952,0.025236660407790268,0.005449565599723982
2024-02-16,-0.007320790044007985,0.014778334175146401,-0.007216495337892148,0.0017152250691474524,-0.028169042155439472,0.00614133315547627,0.0,0.003034897685875393,0.010100966680387957,0.013192662596345661,0.010958948996349527,0.008183377395477809,0.020080423868217512,0.011320798434573565,0.010769226100590057,0.0040649670989885145
2024-02-19,0.013274583939053564,0.004854345618732214,0.01973008048747582,0.0017123970269075084,0.004140781229716284,0.002034557649870372,0.0040983296675403125,0.006051429901147376,0.0022221922064888933,0.005208286766712922,-0.0013551256588512084,-0.004870159114468309,-0.003937074105448413,0.007462694752246035,-0.0030442126727038277,-0.009446595795125079
2024-02-20,-0.008733816050332521,-0.0048308947857942375,-0.0010183299389001643,-0.005128191745920718,-0.026804122167296662,-0.015228460860710835,0.0,-0.0030074484296991333,-0.007760519870183891,-0.006476598879121553,-0.0027137155055029227,-0.004893928989798901,-0.001976201216837503,0.0018518387474124598,-0.001526806022114191,-0.0027248923917374546
2024-02-21,0.01615268580578655,0.004854345618732214,0.03465844423726416,0.008590969896741463,0.03177965375484604,0.0020618250519433,-0.004081601917311439,0.003016520459417915,0.0033520031221232482,0.005215077026969439,-0.00408154264026972,-0.00819672716945985,-0.003960384612115231,-0.00739372348803502,0.009174532334415453,-0.006830624512357275
2024-02-22,0.007225486665546121,-0.0048308947857942375,0.0837439130515889,-0.00340707417045083,-0.010266892978732511,-0.009259210253793837,0.0,0.0015038910987656973,-0.010022321482382357,-0.006484998884001003,-0.016393509585669097,-0.01322311071981408,-0.005964275728881141,0.005586613584663835,-0.015151566679744488,-0.0013754541787096564
2024-02-23,0.0014348581675476257,0.004854345618732214,0.013636303451596499,0.008547131217948811,0.0,-0.003115307511746268,0.0,0.004504365193046089,-0.003374532665157748,-0.003916662765608092,0.0013890039410118238,0.003350125896091516,-0.004000067422619158,0.0018518387474124598,0.007692229613315504,-0.004132156775539353
2024-02-26,0.0,0.0,0.0,-0.020339143120691072,-0.03526976397565906,0.0031250429816214176,-0.008196726845082103,0.0,0.0,0.001310687777217101,-0.004160904457330861,-0.016694501642773085,-0.010040132853037065,-0.009242139267485738,0.0015267021789515667,-0.008298827205155512
2024-02-27,-0.011461418343360563,-0.0048308947857942375,0.022421466619847452,0.01903123973115739,-0.002150499306232123,0.014537864296884306,-0.00413226825165125,0.0164424981359379,0.016929887442951763,0.013088944528186985,-0.001392763307497824,0.013582311538421266,-0.0020283120115996978,0.005597036297531499,0.02286593474136689,0.03626225917371628
2024-02-29,-0.001449322679154652,-0.009708691237464429,-0.030701583732769322,-0.0033957206835070197,0.021551694999379034,-0.011258964521032144,0.004149414746471125,-0.008823518467587221,-0.008878904331376836,-0.003875852675540914,-0.0013948155441492194,-0.0201004898360041,-0.006097543404653849,0.0037105488329276515,-0.01192248423793596,-0.026917881898281704
2024-03-01,0.052249687684087665,0.04411759210888144,0.040723799723276555,0.0,0.008438807396581982,0.011387172289838432,0.004132268251651139,0.0,0.0,0.006485108834644038,-0.01117312112194746,-0.008547082084221946,-0.010224919229903207,-0.005545307708584413,-0.006033223818353917,-0.0027663499078829368
2024-03-04,0.0068964267702251725,0.0,0.004347999291682836,-0.010221330871958312,0.02510463863768142,-0.0020471403046269376,-0.004115262881498771,-0.0014836776685731579,0.0,0.006443213940352965,-0.00564962960946036,-0.018965449499527276,-0.006198491687879448,-0.0018587229702657915,-0.0030348706681050386,-0.006934836435348091
2024-03-05,0.00684953953482581,0.0,0.030302856609628392,0.01549060177560646,0.006122407036735167,0.009230896673843247,0.004132268251651139,0.0,-0.0022396113780089877,0.008962924265433658,0.0014203484928076993,-0.010544808733121247,0.0,0.005586613584663835,0.004566267245534661,-0.004189868660750884
2024-03-06,0.034013503834409375,0.009389702462085259,0.03361356038415253,0.006779498754367896,-0.024340739002404632,0.02032516181020405,-0.004115262881498771,0.01188705791095268,0.006733915487771913,-0.0025381021927963765,-0.009929007407301627,0.0035523721115418017,-0.004157910706978241,-0.011111153448531086,-0.012121294566379115,-0.0014025743873806729
2024-03-07,0.03157905986991638,-0.023255852547883205,0.0,0.050505134873966906,0.004157998592240197,0.0338645510189477,-0.00413226825165125,0.016152696587802495,0.010033402595256868,0.015267255432657834,-0.017192046846490228,-0.017699127459292585,0.006263029993990754,0.005617999175174582,0.006134907244579768,-0.0070224958703661855
2024-03-08,-0.0229592831980564,0.04285716933619255,-0.004064986826630923,-0.012820614755878035,0.0331263181979109,-0.005780426079683321,0.008298829492942028,0.0,0.016556344949263835,-0.0025062962819748513,0.0043731959004111864,0.010810732840035975,-0.0020747645698223627,-0.0018621842549152445,0.015243956494244593,0.005657682557428156
2024-03-11,0.005221936873498478,0.08675801758209767,-0.008163372951874415,0.014610455656054233,0.02004005297696332,0.017441934851916585,0.0,0.007225424719426554,0.009772036148542051,0.0037688371301969337,0.005805539107391011,0.010695322789356032,0.004157992583013748,-0.0018655975213273113,0.004504458960922886,0.0
2024-03-12,0.011688281077834484,0.012605049174853944,0.0,0.006399949358117274,-0.015717071437324037,0.009523831299037111,-0.004115262881498771,0.0028695006756749297,0.006451525683760062,0.011264058986844683,-0.012987066071660336,-0.019400421398499512,-0.008281469003299846,0.001869084480701666,-0.017937140856856937,-0.005625853265537106
2024-03-13,0.006418613441339316,0.004149357488231642,-0.05349799979011116,-0.012718602079293428,-0.02794413992711131,-0.007547300145822611,0.008264468435366545,0.011444906779603414,0.03205129630705339,0.012376179712331403,0.013157949227647237,0.014388528182114113,0.004175271111437118,-0.0018655975213273113,0.012176436582646888,0.007072160085360268
2024-03-14,-0.03954096974306198,0.09090905435367991,-0.013043422194599752,-0.024154629947250705,0.057494858315968456,-0.013307869975501374,0.0040983296675403125,-0.01555867918902265,-0.013457462176610924,0.0,-0.010101051389069138,-0.033687910245773445,-0.008315903289991988,0.0,-0.013533801210359742,0.0
2024-03-15,0.019346056876630158,0.030303069397012772,0.030837064532826197,0.00990107012043051,-0.009708757160090564,-0.0019268362269330153,0.004081669151764,-0.0014368435567694293,-0.0020986948356520596,-0.007334950149325059,-0.0029154639336075316,0.009174245211809096,-0.006289372564557527,0.0037382300086803433,-0.018292706319146812,-0.008426927257549122
2024-03-18,-0.0026177893602207236,0.0,-0.017094130261955498,0.04575158439745408,0.007843191840547714,0.02316609378412582,0.0,0.004316605396274209,0.004206042131864596,-0.009852233720027082,-0.00877185111562051,0.0,-0.0021096986816543373,-0.009310921274576223,-0.013975120675213004,-0.012747986710236692
2024-03-19,-0.005249569008320409,0.014705870953750866,-0.017391306350192814,-0.01249990185534644,-0.031128426914858953,-0.0018868452581436435,0.0,-0.0028653258683328797,-0.0052355317975075755,-0.0012437437192048817,-0.01474932244683469,-0.025454506150154543,-0.006342476759821691,0.0,-0.0015747872933881135,-0.004304083362618449
2024-03-20,0.034301145757495766,0.032608656051438256,0.00884955855906111,0.06962020284203496,0.022088357274564263,0.0075614866142335035,0.004065076852973748,0.015804577540696307,0.022105227730832233,0.011207949603023515,0.008982072958405363,0.026119361600656532,0.014893658382571173,0.005639118977521562,0.014195655005245111,-0.005763662038404838
2024-03-21,0.001275262651819542,0.021052644757348027,-0.013157722045996412,0.05917160041698777,0.011787803577993028,-0.016885543511299006,0.004048552215933254,-0.01555867918902265,0.0,-0.012315318249772389,-0.005934742350158451,-0.0036364094914863587,0.00419286000129282,0.0,0.0015550883790755865,-0.013043475726514209
2024-03-22,-0.006369399076646354,0.0,-0.004444503030225255,-0.01536311806934021,-0.009708757160090564,-0.011450456622536187,0.004032227532222654,-0.008620742438904205,-0.00926875602337085,-0.0024936907256944973,0.011940347586816058,0.009124094585793996,-0.004175353329327169,0.0,0.009316887939322616,0.0073420505886503395
2024-03-25,0.0025641723298719388,-0.024054978987395503,0.008928453208493004,-0.025531848089726306,-0.003921563549716511,-0.001930390571186269,0.008032134093341359,0.008695705879616877,0.0051974350203778386,0.013750010066668983,0.02212386761609797,0.019891573348882252,0.0062892900019393405,-0.005607497631213043,-0.004615442409937498,0.023323625758203903
2024-03-26,-0.0038363808640866637,0.04577465673490355,0.030973513543661957,-0.005822554981975481,0.013779542144771728,-0.0038685800551621075,0.011952232284776043,0.002873559552853955,-0.003102250713933552,-0.001233008503117694,-0.011544058730364681,-0.007092217519405364,-0.004166736748140276,0.009398429309986245,-0.004636843494048248,-0.0113959591623789
2024-03-27,-0.012836995351240277,0.04713814826298557,-0.004291788910632088,0.0029282812759308108,0.08737875032825637,0.009708760493156277,-0.011811063707810043,-0.007163314670832199,0.001037243959278289,-0.006172862763222153,-0.005839325337663737,-0.01607145409964683,-0.004184088697671062,-0.011173227169327893,0.004658443969661308,-0.011527439985228649
2024-03-28,0.009102773329404013,-0.025723555168584933,0.021551667066169067,-0.0014598193114938596,0.023214223384454558,-0.007692358426012236,0.011952232284776043,0.005771934320874417,0.0051813636915061245,0.007453402282587396,0.014684116109522583,0.01814876171443558,0.006302586015319633,0.003766513440050634,-0.001545579455630608,0.013119649420359814
2024-03-29,-0.0077320061736886325,-0.00660073532056582,-0.021096991724426473,-0.02192986045369749,-0.013961586678673754,0.0019381219989973442,-0.003937042853311978,-0.002869436986835172,0.009278397151140982,0.002466017006235388,0.026049313803123253,0.02495547059455605,0.0020876766646635847,0.011257078874125526,0.015479824982932433,0.033093543665211334
2024-04-01,0.025974159139271258,0.05647846080848762,0.004310287755824094,0.010463414701397111,0.05486721050665566,0.007736828427719944,0.0,0.0,0.0,-0.008609931811233595,-0.0014104430271576485,-0.001739049043236962,0.012499964104611072,0.007421158260094485,-0.013719477896926624,0.005570892392541715
2024-04-02,-0.012658331078656548,0.0,-0.004291788910632088,-0.017751527172190196,-0.015100623363713206,-0.009596951409467924,-0.011857683062040492,-0.012949624572471952,-0.018386114789237462,-0.013647651422827645,-0.011299370355531524,-0.01045302398152681,0.014403251330755484,-0.007366490369242973,-0.013910320227831563,0.0013852023444935746
2024-04-03,0.0038461370276201556,-0.006289278024380507,-0.008620803798696453,0.006024144859963387,-0.006814300660359263,0.009689945344095507,0.011999974961891091,0.0014577241552600206,0.006243411970057178,0.006289225017042321,0.005714308837957205,0.015845096096611,0.014198823146066797,0.009276432676558422,0.0015673822445718688,0.005532366038025982
2024-04-08,0.04597705321901091,0.0,0.008695768311186125,0.0,-0.015437456327652366,0.005758236672907646,-0.007905143744180498,0.018922829752363368,0.022750814417229925,0.010000016954389679,0.015624951101474327,0.01559787647051114,0.04199995967245207,0.003676384505331587,0.01564950690673328,0.008253167660683403
2024-04-09,-0.004884137658182075,-0.022151894511307724,0.03017247086486541,-0.017964025101034342,-0.01742163726092605,0.015267111870844285,0.0039840993040098915,-0.011428557658264338,-0.014155690538430132,0.002475277908776885,0.006992925418553231,-0.005119417223982237,-0.01727442385516542,0.01098911353311749,-0.001540921188530997,0.009549805691891011
2024-04-10,0.006135098175753306,-0.029126177921600882,0.004183933986006805,-0.025914597785250848,0.00886532462283407,-0.013157860807296529,0.003968223878762833,-0.011560679551082642,0.019487172742945535,-0.008642028799855317,-0.015277731939069228,-0.018867856549009465,-0.011718793567228158,0.0054347440213911025,-0.009259165957103743,-0.009459469595307413
2024-04-11,-0.0024389366535059187,0.0033332089921389585,-0.01666666850564591,-0.007824738285314492,-0.016333970520120644,0.0038095488510354603,-0.007905143744180498,-0.008771983907310266,-0.013078461976490208,-0.004981275744992852,-0.016925316325891893,0.00349647805912201,-0.017786511428515395,-0.00900906308497973,-0.006230572171403548,-0.010914110679900557
2024-04-12,-0.014670015383030699,-0.029900298214152743,-0.059321984450315,-0.02839129188976175,-0.03690038402369855,-0.020872961286457326,0.0039840993040098915,-0.005899632588164838,-0.002038708470545103,-0.0037546863289482646,-0.0014346133317438836,-0.0034842952970643992,-0.012072479409438786,0.001818287842685118,-0.004702253343853657,0.01517239940755899
2024-04-15,-0.02233240819745208,-0.03424652284336416,-0.049549552504811856,-0.048701174656141655,-0.0440612692398934,-0.029069752950925287,-0.011904802369939627,-0.02522252036574335,-0.02247194642535022,-0.01758794210672554,-0.022988599308026658,-0.02972034064886464,-0.012219924961742512,-0.01996373818227859,-0.03464574890979555,-0.03396739932320736
2024-04-16,0.02030439723006494,0.039007018778856706,-0.004739274038399355,0.025597092543509836,0.020040055891405117,0.003992042441453236,-0.00803206793896094,0.004566136617348171,0.0010449179878586623,-0.002557576086072766,-0.0029410730097045867,-0.009009015442241197,0.008247480441780919,0.00925925421909013,-0.011419135556991589,-0.011251706531074213
2024-04-17,0.0,0.010238969814921894,0.0,0.0282863657843615,-0.015717061114917774,-0.0019880420879231364,0.004048552215933254,0.0045455163016976385,0.011482360753137355,0.005128159426037504,0.004424796734050496,0.014545493849845492,0.014314806385323564,-0.0036696988205378034,0.0,0.0
2024-04-18,-0.06716404602001591,-0.03378373047269678,-0.05428584038713136,-0.03398059451553703,-0.03592815097345148,-0.021912451986903947,-0.008064521485575016,-0.01960788514819134,-0.02063989837296376,-0.012755151139523191,-0.014684347195323189,-0.014336955748184721,-0.01411278460612897,-0.005524882813900289,-0.008250853975901196,-0.01422468514660924
2024-04-19,-0.010666787490337115,0.0,-0.027190269281897383,0.00502511224302693,-0.04761907598946613,-0.004073172339518094,0.020325183381450396,0.018461584060937897,0.02002106751184729,0.020671980940986323,0.0387480616118947,0.041818168716718285,0.010224919229903096,0.02777776265727061,0.01663899386045098,0.04906193449385787
2024-04-22,0.0161726067779282,0.006992972889045435,0.006211180549896778,-0.00833334658493079,0.030434774449116464,-0.0040900062630494505,-0.003984033676756371,0.0015105720935568723,0.007231393318175794,0.01265816808259057,-0.008608357333868,-0.010471128866706647,0.0060728570649579705,-0.005405367234131986,-0.0016366446313725858,0.002751129651632045
2024-04-23,0.03846145146912883,0.08333326763372728,0.039094652868511215,0.02184864624707261,0.09915611643574951,0.030800803279527056,-0.004000035580470684,0.007541468535869678,0.010256442663768128,-0.01624993483156445,-0.004341324558904347,-0.0052910367264226155,-0.004024133389752382,0.0,0.00327865525626847,0.0
2024-04-24,-0.021711271962834733,-0.028846119857851793,-0.02871280762142281,0.006579000365639409,-0.01919383546726028,-0.013944186702688821,-0.00803206793896094,-0.005988082845258091,-0.014213259329451167,-0.00889459109763191,-0.01308144771177877,-0.010638291144421719,-0.00808086449632417,-0.005434862355791825,-0.004901911207456533,-0.012345676287813911
2024-04-25,0.020887717910055725,0.023102305991329564,0.024464764318813392,0.029411688283747628,0.007827804322912302,0.006060602386411373,0.0,0.018072334263006473,0.007209137267643273,0.0025641340540107915,-0.0029455200468724296,-0.0035842744495245826,0.0,0.003643080657251385,0.0,-0.011111170696620931
2024-04-26,0.016623886298966273,0.022580641110905075,0.009950249411680323,0.019047772898384663,0.015533949359500143,0.012048099426670067,0.008097104431866509,0.026627251380015426,0.038854705443302606,0.025575327244640844,0.023633657904885252,0.03597124917483985,0.018329967651111057,0.00362973824700652,0.021346364354306813,0.01966294324576512
2024-04-29,-0.0062891222925145485,-0.015772897131233088,-0.022660100000169603,-0.0015576942835235918,-0.0057360881049243195,0.005952377914542062,-0.00401603396948047,-0.0043228250047109285,-0.0059054324405743985,-0.0024936907256944973,-0.011544058730364681,-0.015624955921522465,-0.0059999829868156995,-0.009041645360696626,-0.0032154017349435016,-0.0055097270332290504
2024-04-30,-0.022784868016658355,-0.012820451508281705,0.008064583404380654,-0.034321349324096584,0.003846099926411828,-0.007889514163032962,0.0,-0.0014471762364758334,-0.003960424933867834,-0.001249962382447789,0.004379695022611152,0.012345659164886058,0.004024212629934132,-0.005474414054607801,0.0,-0.008310211346693408
2024-05-02,0.010362648516759165,0.012986950071919301,0.03999993379675604,0.058158269238416826,-0.01724135290868778,0.021868889110104428,0.0,0.0,-0.001988044749712037,0.002503053487596274,-0.007267470950988231,-0.01045302398152681,0.0,0.007339397641075607,0.0048386608408776954,0.0013966977849104723
2024-05-03,0.007692274055240311,0.0737180120294918,-0.004807628956766008,-0.016793979121145886,0.021442475566167074,0.0058365721433728535,0.004032227532222654,0.014492735907765342,0.013944283406076341,0.027465583222561873,0.010248828024016055,0.015845096096611,0.0060119275695909025,-0.0018214808381025183,0.0032103498053046575,-0.002789387291779022
2024-05-06,0.017811707901780105,0.01194033752704482,0.009661835748792313,0.012422460858561468,0.01908400789305187,-0.001934372948232177,0.008032134093341359,-0.0014285062913951263,0.0,-0.004860121632825343,-0.010144855148272791,-0.013864786716696775,-0.00796818343712391,0.00364960936973846,-0.011199995472770619,0.0
2024-05-07,0.0024999891438697297,0.0,0.04784688995215314,-0.015337350892692725,0.024344557515137533,0.005814033671546426,0.007968132980766152,0.0,0.0,0.003662996838389443,0.0,-0.003514913027076738,-0.006024000630750592,0.0,0.0,-0.006993030595268235
2024-05-08,-0.00748126435194707,0.005899676224911499,0.0,0.006230479902008534,0.003656314396276228,0.0,-0.003952539317859993,0.0,0.015717042524397762,-0.010948987913706687,-0.008784808481636208,-0.007054692336038504,-0.006060588701985781,-0.009090845389832736,-0.01456306939698404,-0.016901329941088172
2024-05-09,0.00753765554567809,-0.005865074186177877,0.0,-0.012383901233634309,-0.014571977852699591,0.0057803434785674845,-0.003968289245588341,0.027181717108165637,0.073500939082215,0.007380164989370552,0.01329388172280721,0.012433302390396417,0.008129977827405988,0.007339397641075607,0.004926058307884507,0.007163232313360801
2024-05-10,0.02119707317741648,0.0,0.01826477972306484,-0.007837003253263086,0.014787460398118624,0.003831442797363138,0.007968132980766152,-0.004178267555651316,-0.007207259918027398,0.002441928887826128,0.0014576172660432096,-0.010526240404640563,0.002016202829385305,0.0018214808381025183,0.01143801509605491,-0.00568987405864374
2024-05-13,0.007325975121206918,0.014749190562278525,0.03587456034215264,-0.001579741208224128,0.051001806005536166,-0.005725269217735751,-0.007905143744180498,-0.004195860810814023,-0.01451901210695905,-0.013398201946616006,-0.00436671619872353,0.00709214725003271,0.0060362000846285735,-0.005454447851540256,0.003230984752595756,-0.002861332072984668
2024-05-14,0.01696969947533411,-0.008720888294045936,0.0,0.009493645724814925,-0.005199317131081682,-0.005758154388874059,0.0,0.03651680839820126,0.042357239526134904,0.008642028799855428,-0.004385868039738061,0.0,-0.009999971644692907,0.003656221442767116,0.0032204695819895157,0.007173626150416723
2024-05-15,0.002383704534165476,0.005865074186177877,0.030302856609628392,0.0031347215424719632,-0.03484316404034937,0.005791502755885913,0.0,0.0013550720706101416,-0.0035334477878457005,-0.0012240570107380222,0.004405188615696609,0.010563443914088255,0.016161649432305136,0.0072860423334562,0.014446410358364803,0.0028491043781260217
2024-05-16,-0.007134333310626739,-0.008746408069754907,-0.021008350065880532,0.00781251319983478,0.03249092305765555,0.013435748430061789,0.0039840993040098915,0.009472307930920909,0.0,0.0012255571625749972,-0.001461879322483095,-0.01567946692712341,-0.003976209917576523,-0.0036166108961123156,-0.01265842129568795,-0.007102296585954626
2024-05-17,0.0,-0.01470581220407352,0.021459171860448878,-0.01395355121147468,-0.013986042130291199,0.005681814952545494,0.003968223878762833,-0.01072396556201416,-0.007092249885292223,-0.0012240570107380222,-0.002928269493878699,0.012389431308506671,0.007984087949874707,0.005444607370509669,0.004807753097292977,0.004291767950848291
2024-05-20,0.007185597760083207,-0.008955277351876179,-0.012604876520366015,0.001572389787447337,0.0,0.01506593176810811,0.0,-0.012195047129777148,-0.010714289431375867,-0.00490202087592273,-0.010279043036726221,-0.02622386258974263,-0.013861502112181734,-0.003610082763782607,-0.019138671376455862,-0.009971406973315888
2024-05-21,0.027348427899875682,0.018072300339306846,0.008510525131989466,0.028257484261594357,0.012411372847545232,0.020408177873984634,0.003952604426320505,0.008230381256985941,0.010830328707787995,-0.0012314900653954686,0.0014836855875395294,-0.02154390196612077,-0.012048080342572876,-0.005434862355791825,-0.0016261103127224175,0.0057553687048268465
2024-05-22,0.01273157277843917,0.023668621449845828,0.016877638073716783,0.006106822044185556,-0.0052539510464449934,0.018181781334894787,0.0,-0.013605304950395136,-0.021428578862751846,-0.011097494638775296,-0.0074074376292468935,-0.014678937777150791,-0.01829279030489317,-0.007285923352409962,-0.01302929539313702,-0.01859808307782851
2024-05-23,-0.009142816883575433,0.017341051300356236,-0.008298645761750545,-0.004552243956185031,0.008802834740203158,-0.025000011483030327,0.0,0.01103428420734942,0.0018247928419499182,-0.0024936907256944973,-0.01044768669858287,-0.011173251150838781,-0.00621108136822357,-0.005504608157954505,-0.0016501483472364242,-0.004373099213325293
2024-05-24,0.0023067948235535596,0.05113639505117096,0.07531369255857845,0.05487800029903367,0.024432858853847828,0.03663004266976344,-0.01574804170899624,0.002728570381733464,0.012750434930710597,-0.004999955494726982,0.0030164847443630016,0.03578158642357887,-0.004166736748140276,-0.0018450054422779472,0.00991736745064542,-0.00732055127259601
2024-05-27,-0.004603044220813257,0.002702689671103542,0.019455202400586513,0.0014450523021427575,-0.013628646826489677,-0.003533592189241097,0.008000005271180832,0.004081627722768655,0.02158274243184355,0.0,0.009022593756101038,-0.012727325133127243,0.012552430872813991,-0.0018484157794506073,-0.004909933894117757,0.020648869556819438
2024-05-28,-0.009248587413853815,-0.026954135713969762,-0.015267177115628527,-0.014430038535419132,-0.008635595751185332,-0.008865192836243763,-0.007936513124351285,-0.018970166880542094,-0.02112676882194242,-0.020100535692662902,-0.01490319082369651,-0.022099435416522817,-0.01033062961990161,-0.007407415471677892,-0.004934272165489584,-0.014450916102711764
2024-05-29,-0.022170265320458293,-0.02216073700080412,0.0,-0.03367490871879619,-0.019163801495377664,-0.001788958840832633,0.008000005271180832,-0.00690606887932288,0.0,-0.0025640253720266015,-0.007564268516563222,0.0018833003141893734,-0.004175353329327169,-0.003731377842816741,-0.008264379187840065,-0.007331403548957005
2024-05-30,-0.020286456713982326,-0.02549572077268769,-0.042635611970533116,-0.015151539975445494,-0.02664292490290976,-0.014336858633779759,0.01587296088187684,0.020862406481523488,0.010791371215921775,0.0038559247469236446,-0.004573069709926214,0.0,-0.004192860001292931,0.011235998350349163,0.0233332086350182,-0.004431234942665063
2024-05-31,0.030450690249342882,0.02616275917526334,0.028340136096723034,0.036923079632989575,0.031021842658595755,0.0,-0.007812441184216645,0.005449463073123217,0.008896825360374727,0.006402073254905272,-0.006125598999438875,-0.01879700564404818,0.0021051741384692235,-0.0018518387474123488,0.0032572961539556466,-0.002967404912595617
2024-06-03,-0.008274269891341057,-0.031161507969216018,-0.02362215150117164,-0.0014836442402119676,-0.02654861347218007,-0.012727317085299839,0.0,-0.0027099636895061563,-0.0052909338094341285,-0.003816786895076363,-0.018490059689449945,-0.009578550897302529,-0.008403337705659153,0.005565823249391588,-0.009740161870068653,-0.010416618660758714
2024-06-04,0.01787857448400998,0.026315854367326086,-0.008064410210719575,0.028231787106167694,0.005454556235679586,-0.01473298318375682,0.0,0.005434715411010149,0.0017729517494935454,0.0,-0.017268455535627725,-0.013539630930933244,-0.0021186380574879093,-0.0036900108845558943,0.019672043041326193,0.0
2024-06-05,0.046838270137491866,0.011396049045603984,0.048780380157327,-0.0028901965228848026,0.01084993091304054,0.013084078449661307,0.003936978001186198,0.01621631673665269,0.017699171122271595,0.003831410572740168,-0.003194838583820747,-0.011764698568502596,-0.0021231362146735266,0.0018518387474124598,0.0,-0.010526266767598269
2024-06-06,-0.016778449992828848,0.0,-0.011627754209192376,0.0,-0.02325585917950035,0.016605157733456055,-0.007843142574721296,0.010638284056635028,0.012173893022626503,0.0012723341999270055,0.0048077120103964255,0.007936450520640737,0.008510614051596255,0.011090615417168825,0.01125412477735832,0.0
2024-06-07,0.004550605437185995,0.016901417973916866,-0.003921620347937194,-0.013043444593292541,0.005494516434183749,0.0,0.0,0.017105299586893885,0.008591092208638518,-0.003812044552772509,-0.01913883403931016,0.0,-0.014767890771580472,-0.01096896286846949,-0.004769535012779436,0.00455918793300536
2024-06-11,0.02944494302388656,0.0387811549723196,0.023622047244094446,0.01027894345138014,0.0,-0.0036296326034699344,0.0,-0.016817629004431844,-0.013628648253668718,0.0012755799904458076,-0.009756010185513642,-0.013779506672986996,-0.0021413214834284933,0.0,0.0,0.0
2024-06-12,0.014908816754508836,0.02399997024461098,0.06538466631018758,0.027616270066348925,0.034608330921249264,0.02732230921591272,0.0,0.0026315755657735362,0.0034541847404989667,0.005095495866746624,-0.004926193024722525,0.0,0.0,-0.0018484157794506073,0.006389820444187455,-0.003025704615997604
2024-06-13,0.0032643639820268966,0.031250018478014674,0.007220120661022955,0.0,0.022887370324528478,-0.001773023365127857,0.011857683062040492,0.009186281676441643,0.0017212188645758797,0.0025348854300117907,0.006600752412933231,0.01197604079889425,-0.002145916580704399,0.00925925421909013,0.007936427391999956,0.0
2024-06-14,-0.0010845126179686027,0.010100961285245624,-0.010752641224814119,-0.004243180686011039,-0.0068846952230218195,0.007104766387925565,-0.0039062205921083226,-0.011703439140061445,-0.012027471866787542,0.006321136497088098,-0.01311480738658577,-0.007889567782165985,0.008602125767130486,-0.0036696988205378034,-0.003149574586776338,-0.009104661865426023
2024-06-17,0.023887025928604144,-0.007499964116750246,0.018115990002350646,0.007031809616467433,0.008665528551802693,0.0017637179025191685,0.003921538988457707,0.013157877828867903,0.024347786045252784,0.007537567762975872,0.004983409222045321,0.0,-0.0021322740455401723,0.007366490369242973,0.004739396075414293,-0.0015315095855623628
2024-06-18,0.040296861098689574,0.022669997610949455,0.05693940485689586,0.054597680266112114,0.08591060308101106,0.0,-0.0039062205921083226,0.01038971251389098,0.0016977699487792375,-0.003740536088541635,-0.008264496667832244,-0.007952229264484245,0.004273576556514724,0.0018280808673667437,0.00628935122330021,0.00460132936477331
2024-06-19,0.0,0.07142862849548859,0.010101055132637482,0.006811946331027219,0.044303785941308904,0.012323911372356333,-0.007843142574721296,0.0025705764511414486,0.018644028210291763,0.001251526743798248,0.008333367757899168,0.018036021211896625,0.008510614051596255,0.014598556677117625,0.03225803708981334,0.016793814756473235
2024-06-20,-0.01121305621363311,-0.0252873828918444,-0.006666754937658559,0.03653583422791029,-0.03181814966855634,0.003478283819997152,-0.007905143744180498,0.003846092118857669,0.0,0.0,-0.004958698000699369,0.003937057632001695,-0.0042193973633086745,-0.010791408321373597,0.0015624575307240374,-0.006005978440269399
2024-06-21,-0.030927846419765648,-0.02830190339193661,-0.05369127993897571,-0.016971222861471458,-0.04851329905884938,-0.015597911392433272,0.007968132980766152,-0.0025542753753090564,0.0033278808418883976,0.008749948607006175,-0.011627954851439082,-0.01764708670758386,-0.00847463566717821,0.001818287842685118,-0.009360428779368601,-0.006042207417022105
2024-06-24,0.00531919557767857,0.02427188555402715,-0.017730357260909546,0.02788853674351799,0.0032894802577019266,-0.007042299763045268,-0.003952539317859993,0.005121746488838452,0.003316704703368867,0.007434930960755093,-0.01848733972698513,-0.0019960727211859597,-0.004273408255774047,0.009074345617515966,0.011023738559872376,-0.0045593101829096705
2024-06-25,0.015873021157281286,-0.004739390407352051,0.014440432522741187,-0.0051679903443068165,0.014754127747712786,0.0035461227408604135,-0.003968289245588341,-0.008917129305047733,-0.016528909127642266,-0.00984001144473512,-0.020547894910897258,-0.01599988586004064,-0.01072966741504433,0.0,-0.038940879831046216,-0.013740516701492456
2024-06-26,0.0,0.011904782131813674,-0.007117531626536833,0.0038960468112769764,-0.014539608506407564,-0.003533592189241097,0.0039840993040098915,0.007711957585374352,-0.00672266826139456,0.0,-0.003496517685456113,-0.0040650917326030545,0.0,-0.01258995679442243,-0.006483019904428122,-0.001547980484102096
2024-06-27,0.006249962723326563,0.007058789588584968,0.003584277018304549,0.0025873382156269553,0.02295076055430867,-0.012411315577104065,-0.003968289245588341,0.011479520915634867,-0.0016920949348310232,0.003726701141293587,0.008771896524627287,0.006122485788920828,0.002169276709854895,-0.003642902185681862,0.014681924597501395,0.0046512036852448535
2024-06-28,0.0020703593916193697,0.00934582555727137,0.010714238426254408,0.007741902941903689,-0.011217869230993105,0.02154405044341945,0.007968132980766152,0.013871526156727487,0.019298205876647767,0.00866342022283062,-0.0052173443017552446,-0.005071037615280272,-0.0021645811344134236,0.009140762585035489,-0.016077264090660237,0.003086405385437807
2024-07-01,-0.0082643924382938,-0.02896489253195933,-0.0035336158566648956,-0.019206185791217245,-0.0064829949380362795,-0.022261346831524476,-0.007905143744180498,0.007462566252636638,0.0017212298514033275,0.0,-0.02272729617511804,-0.01732929284278084,-0.0021691912817167758,-0.009057965869518791,-0.009803871957715593,-0.018461576539854363
2024-07-02,0.019791668783107896,-0.007334969942235148,-0.0035459587657986624,-0.009138275520604755,0.004893973810970564,0.0,0.0,0.02839519190446249,0.05670098212558661,0.04907973035241198,0.010733426028341597,0.005186767112503876,0.004347899417080914,-0.007312622009635117,0.011551168572470738,0.01880881695366865
2024-07-03,0.026557660614223932,0.05665027182318649,0.0002947811207769657,0.006587573658623835,0.0032467596506131624,0.02466791048686523,-0.018568509471193928,0.004801807789559076,-0.013008121467818157,-0.018713481138589394,0.019468967268618798,0.020639849907468255,0.017315967129531762,0.020257803404513997,0.008156708380181232,0.015384605865036427
2024-07-04,0.0,0.0,-0.018181825033579457,0.013089086542941164,0.009708653477527696,-0.00925929198648301,0.012658217690798557,0.014337006146128317,0.00988468868157133,0.0035756787161385084,-0.005208286730961853,-0.013144575827778282,0.002127653512899119,0.007220283434768993,0.003236264587473503,-0.009090866987095936
2024-07-05,0.029850820088517027,0.055944031714378895,0.051851756606260846,0.03875960486528185,0.024038510807235625,0.0336448735754471,-0.008333304719012169,0.012956350094387226,0.016313186195280105,0.0,0.01221638655317947,0.009221326037160527,-0.0021231362146735266,0.0035840867345009464,-0.004838790585050434,0.00458707302454453
2024-07-08,0.004830899078794193,-0.00441499177307314,0.02816908218289571,0.019900543495483092,0.05164319577706111,0.0,0.0,0.0,-0.003210254635052867,-0.010688816375201804,-0.01724131498722148,-0.015228477047683042,-0.012765921077394382,0.008928625584677663,0.006483019904428122,0.0015698742814997946
2024-07-09,0.004807794691896516,-0.008869210853481024,-0.01712320593319605,0.025609685609278898,0.014880982118175234,-0.010849889399393353,-0.004201699417615168,0.036046415355115435,0.02415458123702119,0.0,-0.00877196554630899,-0.010309285932348922,-0.006465583459133395,-0.010619394134742666,-0.003220630540316405,-0.0015673525170973868
2024-07-10,0.033492689870102454,0.008948577675725877,-0.010453109505563773,0.03210468907436992,-0.02492673529865419,0.0,0.0,0.037037144061404126,0.02987423352417684,0.0024009898269594654,0.008849593878913709,0.014583393710099202,0.0,0.005366688042897083,0.009693003096911124,0.0
2024-07-11,-0.037037011144136156,-0.04212859377508027,-0.04225348643512861,-0.02764979677074919,-0.019548815496195915,-0.03107860164555787,0.0,-0.005411200609714895,0.0030534176774008603,0.007185513601734472,0.015789468961674435,0.028747387812556147,0.002169276709854895,0.003558693630045351,0.0,0.0047095613381935575
2024-07-12,0.0,0.0023148412510860528,-0.003676395998436721,-0.016587706829345295,-0.009202472038914222,0.007547181087752097,0.00843885637313857,-0.010881475234200577,-0.010654490665612748,-0.0023780498499405,-0.010362736548480633,-0.008981971269937494,0.01298689010392673,0.00354619005489365,-0.007999888669331767,0.0
2024-07-15,0.014423081576904417,-0.016166319877200852,-0.00738011472275335,-0.006024058767620355,-0.0015479906807753796,-0.007490647812248508,0.0,0.008800869343208673,0.006153872999030696,-0.002383819490515582,-0.0017451392273269972,-0.015105790100543803,-0.012820393068062708,-0.00883408986727685,0.037096615120917775,0.0
2024-07-16,-0.023696709881698363,-0.004694815116831008,-0.014869778915214016,-0.0036363862062868124,-0.02635664140845828,0.0,0.0,-0.007633530138812072,-0.0015289817437906805,0.0011948084726169927,0.05069923131772747,0.04564317471350132,0.010822479455957268,-0.003564921046494196,-0.029548907037524108,0.01406251694644367
2024-07-17,-0.024271873424524637,-0.037735832168433014,-0.033962352325590306,-0.02311434728314654,-0.050955415958464645,-0.005660366660337646,0.008368171705104066,-0.012087945538048706,-0.016845416498389665,0.020286391594183995,0.011647302609851806,0.005952390641021488,0.006423964450285258,0.007155584057195963,0.025641068962345637,0.021571620915529
2024-07-18,-0.03482586285986111,0.0,-0.015625086972182012,-0.006226611034218288,-0.0033557115388473946,-0.015180288172570666,0.004149396147782092,-0.014874136113741554,-0.02492210159579511,-0.011695950498736618,-0.011513204829196932,-0.005917169337634753,-0.0063829605386972466,0.001776186363473986,-0.015624987130522405,-0.018099549906586354
2024-07-19,-0.031958627604788514,-0.05637257124802908,-0.027777626417999746,-0.06390985651329084,-0.0303029846313142,-0.032755289303960655,-0.00413224980635396,-0.04065036738298711,-0.041533565826521124,0.0047337859854412745,0.0016639003728360358,-0.0019841560500483135,-0.010706607417142244,0.0,0.014285639578544007,0.012288848040074463
2024-07-22,0.04259840707853124,0.04675320557394835,0.04081633947932728,0.042838120130412216,0.031249951429202616,0.021912282271413508,0.008298792295564406,0.03510883106476981,0.024999991620796136,0.007067124401878511,-0.00675675631518402,0.0,0.0021644106479694614,0.00354619005489365,0.00782472016380753,-0.012139665535056965
2024-07-23,-0.056179750728541866,-0.04714639283279842,-0.023529439256704365,-0.003851114913078213,-0.07407401027866112,-0.011695885137966266,0.008230423957584332,-0.0070174251976373725,0.0,-0.0011695553904843559,0.0,-0.011928371523444836,0.004385988415458231,-0.001766887217892421,0.006211216348024573,-0.0030721670839104487
2024-07-26,0.021644937336972037,0.005208392957929853,-0.004016190453101531,0.020618523516979792,-0.018181854118931695,-0.009861888071419078,-0.008163237055749284,0.027090589438645285,0.019512214901059588,0.014051495281756532,0.0,0.0020120232498019863,0.0,-0.0017698990224570554,0.010802379220108405,0.0
2024-07-29,-0.004237285311344152,0.015543972678487838,0.012096842435164179,0.010100994172597355,0.001851855579896089,-0.0039841101552662295,-0.004115244587703404,-0.008027535535702346,-0.01594893641042283,-0.012702087112667626,-0.015306104992543812,-0.005020114738531922,0.008733671050863201,-0.019503524126982752,-0.009160258653722275,-0.01386750492345279
2024-07-30,-0.006383007918852268,0.010204117855588724,-0.02788839522198705,0.03625007025146898,0.007393730199059423,0.008000012345322105,0.004132249806354071,0.01965319603293958,0.011345218906299248,0.010526295959778942,0.0,0.009081750895095775,0.0043290272256724105,0.0036166108961122045,-0.003081682088952653,0.006250000761637953
2024-07-31,0.027837342334316117,0.0227272926931279,-0.03278696009496851,0.022919170648179277,0.06055046216025861,0.06944445003990452,0.0,0.0,0.006410219637617454,0.0023148432047681577,0.010362660024927806,-0.003999980623958566,-0.002155267356221846,0.016759733797992338,0.010819177813775616,0.017080732272036325
2024-08-01,-0.05937494080791972,-0.0790123875191181,-0.07627117434620434,-0.08018873343236288,-0.07958476762152622,-0.018552866330337703,0.012345668545287847,-0.014739126282075854,-0.023885342261871445,-0.016166381678923036,-0.020512819495362655,-0.027108399947756934,-0.0064794326079530284,0.0018315872695251478,-0.0015290105470091575,-0.0045801979370415635
2024-08-02,-0.09745306730614867,-0.09919565885557424,-0.09082567248179507,-0.099999903929615,-0.09962407743491586,-0.05576559364917888,-0.01219511173789889,-0.09090908187955649,-0.09298531222077977,-0.03990609814801138,-0.04362999836264536,-0.05159961665898272,-0.0456521634647612,-0.0036563618385128116,-0.05359873269925919,-0.046012188480167304
2024-08-05,0.07975468553363707,-0.002976224372303271,0.08476289336021403,0.06267800261507128,0.03131523604224884,0.03503507792329841,0.004115179369881039,0.02151889371235871,0.008992754363871258,0.022004954081168426,0.00729926955766369,0.018498341518620842,0.006833660857811896,0.02201833138837128,-0.017799401920647773,0.04501601870948657
2024-08-06,0.045454441454962025,0.017910463542448074,0.06976734657874095,0.017426297695450677,0.01214577335747169,0.02514504582012833,-0.004098314072359166,0.023544072258479654,0.04456331423460291,-0.005980883926011926,-0.0036232231960858785,0.01495731775112108,0.00904973444535484,0.007181323045500898,0.0049423138005066924,-0.015384587695245533
2024-08-07,-0.02608694046471305,-0.0410557230987052,-0.030434728735261873,-0.006587655932333458,-0.0400000153472615,-0.003773628854828903,0.0,0.006053217908948083,-0.013651867997373501,-0.019047675397089292,-0.03090907223613304,-0.023157904778932648,-0.008968571257123581,-0.005347505021524146,-0.016393430227301664,-0.0218750331312495
2024-08-08,0.04241072259333878,0.03058100189736135,0.008968659880338903,0.02785146624521584,0.0416666833195114,0.020833346152024035,0.004115179369881039,0.03489769222475858,0.04671281456632914,0.019685107743292907,0.028142605732843107,0.011853495633268318,0.00904973444535484,0.017921075096873018,0.0016666214576195326,0.015974474529191873
2024-08-09,0.006424012441134774,0.04451042613528111,0.044444459797464475,0.029677442331754733,0.06800000690626762,0.014842323201272878,-0.004098314072359166,0.009302368527993377,0.008264482039563203,0.014157075978160405,-0.014598539115327602,0.008519659809353097,-0.002242077589573066,-0.008802782227083528,0.011647268075083206,-0.007861651512748202
2024-08-12,0.0010638123411736977,0.02840905568523877,-0.012766027817711967,0.0012531405789126815,-0.0018726628761949193,0.0018281006328417782,0.004115179369881039,0.008064528157981199,0.004918004575473756,-0.01776650996831408,-0.022222220630089162,-0.0316790376727103,-0.006741608877733007,0.005328620530866024,0.0049342935897098705,-0.030110923760679364
2024-08-13,0.007438906659316791,0.024861900897485745,0.02155173280224454,0.023779715167680848,0.016885526909746984,0.016423401748673738,0.004098379022898335,0.020571473102056315,0.009787937961982518,0.005167962360017819,0.011363672168125838,0.032715431045272414,0.02714937884266222,0.0017667550565296786,0.05728309544012,0.011437957743396066
2024-08-14,-0.0052741751389859814,-0.024258781476522717,-0.02531637820539101,0.0,0.0018450221507664288,-0.017953312071006255,0.0040816508705916466,-0.003359550157799651,-0.004846563920031355,-0.014138878488452411,-0.016853985090889423,-0.024287207214550577,-0.017621238711842513,-0.019400364922374624,-0.02012390500901573,-0.01130861033623376
2024-08-15,0.027571592728959482,0.01657460059832383,0.06493497317041141,0.004889929447757346,0.02578274038361328,0.02010962664548721,0.008130053017771477,0.03820227770197082,0.022727339503692212,0.01694921733305277,-0.001904743376232254,0.0075757415614761126,0.0,0.0,0.02685634602965359,-0.00980395467737838
2024-08-16,0.004127898894138449,0.016304362305106457,0.020325211386347908,-0.015815031740217145,-0.0017953356403974663,0.0035842713874929544,-0.004032212198689655,-0.025974051450213254,-0.011111174952661451,-0.008974314560006524,-0.003816756694496992,-0.003222346796283415,-0.013452813402546893,-0.003597062603484913,-0.00615388171198461,-0.009900959517017527
2024-08-19,0.0,-0.0026738273148964042,-0.003984085951715288,-0.0049444063045965825,0.021582660999313275,0.0,0.0,-0.01333329880800338,-0.009630763905158601,0.009055582203222334,-0.009578598583810938,-0.011853495633268318,-0.0022727392934779322,0.010830258601472575,-0.01393191854476794,-0.021666620738207243
2024-08-20,-0.01541624388755325,-0.01608580543278959,-0.02399992704244369,-0.006211218669494478,-0.007042267792162549,0.0,0.0,0.004504525082816624,0.003241472491321895,-0.0025641043875657132,0.005802726313023809,0.003271628305399732,0.0,-0.005357166840077365,0.006279471550391991,0.0
2024-08-21,-0.007306769376918432,-0.021798356434757915,0.008196660387816301,0.005000031222875068,-0.021276525786144695,-0.0017856626172357837,0.004048536757992105,-0.012331870458027638,-0.008077498239961067,0.0025706959202538293,0.005769174538790001,0.010869554140473525,0.01594523811921955,0.007181323045500898,-0.009360428779368601,-0.015332281928773783
2024-08-22,-0.002103080798012913,0.002785547220839568,-0.004064958022886644,0.0,0.0,-0.005366788677111156,0.0,0.010215637328856442,0.0016285896015779677,0.0012820013973093847,-0.0076481094401348315,-0.01612905800302955,-0.006726406701273446,0.005347617681217942,0.020472509087611224,-0.01384076531743006
2024-08-23,0.0010536570824890568,0.01111106230568737,-0.008163310195001161,-0.017412888181101316,-0.003623195541231361,-0.008992837808424858,0.0,0.03258434702999735,0.0390244298021194,0.014084467028726788,0.00770705383129755,0.018579208190057317,0.009029393597000057,0.014184386036552254,0.0061728752841454515,0.015789492407984884
2024-08-26,-0.008421046775336394,-0.008241678995560942,-0.004115249152865097,0.012658147802281361,0.0018181854118932694,-0.019963641498631834,0.004032276101638921,0.003264409158566295,-0.012519615991089417,0.0037879318466425005,-0.0076481094401348315,-0.01287547387831578,0.002237061534941187,0.01923078197997996,0.0,0.008635596148367508
2024-08-27,0.02335458177336447,0.027700796079437984,-0.008264508818645044,0.001250085862906536,0.010889313680080503,0.022222180442787565,-0.004016082149565059,-0.0021692540535196425,0.006339171994618864,-0.01132081301809773,-0.0038536014606039837,-0.0032609596574816324,-0.0022320682608915066,-0.015437353560602829,-0.0076688063623109315,-0.023972637727332047
2024-08-28,-0.021784200407490184,-0.0053908119130984256,0.04166668465848855,-0.007490682837593909,-0.023339363325166396,-0.010869545226049548,-0.004032212198689655,-0.007608707175573826,-0.006299240028641795,-0.01017802443996163,-0.0038684343197937787,-0.005452515040296979,-0.0022372350783674833,-0.0017421313130100424,0.006182416419852732,-0.015789492407984773
2024-08-29,0.0010603611873643004,0.0,-0.00800004476940952,0.005031477762519332,-0.014705911740314326,0.016483485833828082,0.004048536757992105,0.00657181906798443,0.006339171994618864,0.001285297033071231,0.0019416534855445367,-0.006578958076918329,-0.002242077589573066,-0.017452047212506927,0.013824914644401165,0.0
2024-08-30,0.004237285311344152,-0.00813008826886863,-0.01209663349787149,-0.01251564367535185,-0.003731291199387865,-0.001801749725519275,0.0,0.022850864109964064,0.018897593408197855,0.0025673960537233587,-0.021317773223591963,-0.019867495985961603,-0.006741608877733007,0.010657128802256555,-0.003030320577227519,-0.017825348866986057
2024-09-02,-0.00843881296446869,0.010928913585905198,-0.0040816550975005805,-0.005069739788814642,0.018726568886552997,-0.00541522556915941,0.0,-0.00319148105858702,-0.015455863107663559,-0.0025608214109386074,-0.013861404495044805,-0.02252249953588792,-0.00904973444535484,-0.007029871706424218,-0.01063830959078138,-0.00544462927178091
2024-09-03,-0.0542552326307183,-0.029729728343641404,-0.06967219729322793,-0.05222930524054259,-0.08088233824748992,-0.03266781719866485,-0.016129040503606418,-0.03415151976851449,-0.03296709610702786,-0.024390211648688598,-0.05622489741438175,-0.06682035074606174,-0.031963463041166595,-0.010619405077062938,-0.06298004300472759,-0.05839416889463733
2024-09-04,0.014623001731885354,-0.02506957260966658,-0.022026440768266653,-0.008064482285299546,-0.012000023788255376,0.011257014491154793,0.00819675804579667,0.019889450280475396,0.012987069799966555,0.014473642641140039,-0.017021275895177324,-0.028395043985291246,-0.004717006159258852,0.014311258394203552,0.009836014928689574,-0.025193821150917506
2024-09-05,0.017738557951745726,0.008571345440455902,0.031531591460462804,0.017615200343807036,0.0384615509083861,0.011131704729701264,0.008130053017771477,0.0021668104598657756,0.01762816845886017,0.009079176416526558,0.0010822824402103581,0.017789035088546568,-0.0023696808789308577,0.005291028882015381,0.00811698435360153,0.01192854779404362
2024-09-06,-0.02069730565732797,-0.02549568471989827,-0.03493446520961396,-0.034620552715516784,-0.025341118819367736,-0.012844037927738472,-0.004032212198689655,-0.02378375422667034,-0.015748005063308756,0.005141289986396291,-0.0270270564181051,-0.01622960971782872,-0.023753003916284987,0.0035087135714833018,-0.0016102622172385894,-0.04715135633573153
2024-09-09,0.005561784152215088,-0.017441875431408738,0.022624324583818467,0.017931059550159834,-0.04200001931197073,-0.009293638066454113,0.004048536757992105,0.004651169904005714,0.0015999908362347437,0.006393917742427702,-0.017777777013553875,-0.013959544744775787,-0.007299214965160172,0.010489557622956225,-0.0032258249643759562,-0.0226803954614605
2024-09-10,-0.003318529559893091,0.002958613654647557,-0.017699099826793185,-0.012195112664225793,0.010438434264230523,0.01313320896989345,-0.004032212198689655,-0.010416682523759047,-0.0015974349549453537,-0.010165191920406325,0.004524930445442443,0.024453133287716033,-0.009803878695693546,-0.006920409549506901,-0.0032363712083870455,0.0010548627345674522
2024-09-11,0.04793765344544276,0.04719761755184093,0.0405406509359405,0.06721534976384547,0.045454503415809366,0.022222180442787565,0.00809713767764686,0.003508777327385637,0.006400027697222921,0.0012837488885450998,0.013513468767481829,0.012562801493052778,0.02227715334086744,0.020905906080602055,0.03246761651311014,0.026343532743949405
2024-09-12,0.007446878268629886,-0.008450711502888342,-0.02597405656224383,-0.0102827596364502,0.005928865743303424,-0.010869545226049548,0.0,0.010489526569156027,0.004769447909980018,0.003846207377822042,0.04333338520502883,0.03473947790698273,0.019370469826517134,-0.008532389342963631,-0.0015723879680048514,0.0410677659175378
2024-09-13,0.0,0.02840905568523877,0.004444353861626116,0.0012987093032157393,-0.0019646404913937765,-0.0018315232181733698,0.004016082149564948,0.001153404287212778,-0.0015823330579438633,0.005108458989529607,0.027689007715929304,0.010791384092390333,0.016627075102237265,0.005163425248307485,0.011023738559872376,0.009861953115746225
2024-09-16,-0.006335875065269669,-0.038674038941286626,-0.02212378880487309,-0.014267192301630316,-0.01574800027391443,-0.012844037927738472,0.0,0.0034562264352502314,0.0015848408039396134,0.0012706993347153528,0.0,0.0,0.009345844362619316,0.0,0.012461028175691169,0.005859356405325089
2024-09-18,0.02019131352609449,0.01436779885626871,0.013574618196644739,0.030263097892332835,0.011999959841332286,-0.0018586823237605188,0.0,0.025258267529117306,0.025316501613325437,-0.0038071595596973484,0.006217556005994274,0.018979832936987462,-0.013888962462397125,0.011986319345217655,0.015384602908075529,-0.0019417666866314853
2024-09-19,0.013541681415981222,0.0028328936763577506,0.004464310498936808,-0.011494164871451051,-0.0019762885811011044,0.0018621434568881767,0.007999972107641584,0.016797338716091348,-0.001543325104955695,0.002547772629538869,0.0041195042729049725,-0.0011641158713223687,-0.007042200302228685,0.008460310532921955,0.0045454309478665245,0.0019455444800904331
2024-09-20,0.004111026095555248,0.016949167684532807,0.017777760889455818,0.009043821744027403,0.017821818285882918,0.0037175156126221243,0.003968271686872082,0.012114556089765527,0.010819228503587963,0.00889459327502018,0.0,-0.001165654735817201,0.004728157533362198,0.0,0.024132671553785512,0.0
2024-09-23,0.010235390712627135,0.01666668130829385,0.0436681380801871,0.016645350358235556,-0.0019455291645247286,-0.001851873437893059,0.0,0.007616986555354588,0.013761512180287205,0.002518793645749806,-0.00512819495362693,0.0,0.00235286236781862,0.016778456233989436,0.004418336611260898,-0.015533982052817863
2024-09-24,0.01823705274544274,0.03005464197564156,0.02510463289947351,0.0025189073378237836,0.06237816739833746,0.011131704729701264,0.0,0.00755940665648569,0.012066295468211363,0.0012563321829897056,0.043298946538972816,0.012835615976282355,0.02582164390603614,0.0,0.013196509129723921,0.009861953115746225
2024-09-25,0.009950226119404437,0.005305016423664544,0.03673468438182659,-0.0050251567713822665,0.01100919627164787,0.007339535402193231,0.003952586748786846,-0.003215438899700551,0.01788377363340099,0.0037640685267674723,-0.009881403432097202,0.002304091053271451,-0.004576683411626203,-0.0033002753045354716,0.017366140864684354,-0.009765644784734073
2024-09-26,-0.01477832269104673,0.007915574327868047,-0.007874161119349354,0.010100994172597355,0.005444656840040141,0.0018214408082037892,-0.003937025314698417,-0.018279508969558544,-0.011713081615868925,-0.013749961369278751,0.06786430613817251,0.06666665469284361,0.06206903008530462,-0.013245022024984232,0.014224739334023129,0.04536487665155553
2024-09-27,-0.04299994688093356,-0.0183245683186819,-0.06746018486752003,-0.04874999219428122,-0.046931442320511385,-0.021818214842857064,-0.007905173497573803,-0.009857716504260705,-0.014814730953808142,-0.003802334449959588,0.0,-0.008620647559700267,0.002164429658386924,-0.010067158575403856,-0.005610130580211314,-0.005660359588927744
2024-09-30,0.01567391224805803,-0.0026666970275436297,0.029787177745830506,0.010512467076483567,0.015151484873615395,-0.0018586823237605188,0.003984081605103773,0.0033185892008498197,0.003007441035103975,0.003816847380243793,-0.009345847784395511,0.0021738598742730986,0.008639355174774987,0.0067796555700587735,-0.01974614305698208,-0.007590207525313031
2024-10-01,0.005144118052682334,0.037433159602206834,0.016528910578519795,-0.04811432915601843,-0.022388045456242844,-0.020484258633758134,-0.011904752171999822,-0.006615225186833218,-0.010494693137213185,-0.012674280776371671,0.0,0.0,0.014989289982749288,0.0,-0.03741010045312654,0.04206505389817328
2024-10-04,0.028659106818366364,0.018041198459133323,0.016260148045482703,0.017759501307607062,0.02099240868235719,0.005703488983445748,-0.004016082149565059,0.01109888758401878,0.030302978596649766,0.008985835326348335,-0.015094266073914842,-0.014099777933433533,0.004219349896236624,-0.020202004080684177,0.0029895541414823867,0.009174330963386712
2024-10-07,0.0049751442240839605,-0.017721481690956886,-0.01999990465773893,0.025503346253875403,-0.007476650259400364,-0.0056711436779548485,-0.012096764401967497,0.003292999042888045,-0.004411798802574252,-0.011450340505855472,-0.026819957448215193,-0.017601760270572808,-0.0042016217837992365,0.018900355397702295,-0.022354677802205347,-0.014545456092397768
2024-10-08,0.00990109141914508,0.025773163944501354,0.01632651464216317,-0.0013088269190215662,0.030131826401806006,-0.013307909347607283,0.0,-0.008752748612191996,0.0014772747660962704,-0.005147907100454652,-0.02460632589827394,-0.023516275807788478,-0.04219407176552581,0.0016863126028365816,-0.021341386856167044,-0.035055408297815616
2024-10-09,0.024509837337006735,0.005025103666254083,0.044176638296991255,-0.003931872102932887,0.031078555463551538,-0.0019268047372558161,0.0,0.0011037544618581752,0.0029497167147212178,0.003880934511972356,0.0010090328861331876,-0.0034402831287518865,0.0,-0.010101055240751,0.003115180067609913,-0.005736119989152688
2024-10-11,0.0,-0.004999978257182791,-0.007692350617173771,0.019736799400849492,0.005319159791805195,0.013513514572931484,0.0,-0.0022050750622777393,-0.004411798802574252,0.002577321429939161,0.008064594130716474,-0.008055308635937064,-0.015418498439038641,0.003401411728287007,0.009316824522036748,-0.01923073461905689
2024-10-14,0.023923416868849356,0.04020098825423046,0.007751981577445388,0.028387111745577842,0.04232812825655641,0.001904706800926359,0.008163301741183071,0.015469637147039528,0.01624824014430315,0.010282681826904172,-0.03300002646316136,-0.010440761979032542,0.0,-0.0033898813461187283,0.010769140938144073,-0.02941174896360854
2024-10-15,-0.02336445917215857,-0.009661793678330866,-0.019230677248913475,-0.0238393885989423,-0.001692050672795209,-0.017110158131982467,-0.008097201839309509,-0.01741025498366755,-0.014534800450045071,-0.005089062628699792,-0.008273008893390554,-0.00937870896133608,-0.008948593226617452,-0.0017006521208707825,-0.009132373380061343,-0.01515150679611188
2024-10-16,-0.009569534587839712,0.017073134233031473,0.0,0.007712049661223741,0.0186439957851392,0.0,0.0,0.014396478536415902,0.01179934143320982,0.00895146457277285,0.009384805592041134,0.015384702155321062,0.013544090395499975,0.010221510932561406,0.0015361578583630298,0.018461560120777598
2024-10-17,0.048309311190947835,-0.004796142154016136,0.023529337655840532,0.025510203268875653,0.021630659369410887,-0.023210865906049483,0.01224488792634082,0.017467275556412698,0.01749272812168967,0.008871946326411972,-0.004132271042448177,0.008158399375112202,0.02227165951238841,0.0016863126028365816,0.02147231420731699,0.015105731401704459
2024-10-18,0.0,0.01204817808057368,0.01915709534880894,-0.004975155291081057,0.006514670871749617,0.007920804022040207,-0.012096764401967497,-0.02467814859068762,-0.021490020383216457,-0.01256282407546594,-0.018672178353918545,-0.032369965690894675,-0.015250541348459379,-0.0050505276203755,-0.00750750186248017,-0.021825456543640653
2024-10-21,-0.00921674097877212,0.026190474756194293,-0.015037677470102984,0.011250070251469069,0.03236241969772147,-0.003929318853972852,0.0040816508705916466,0.02640268085420394,0.014641322576074645,0.002544632131787683,-0.012684947753716536,-0.011947420261543384,-0.008849604604732608,0.0,0.009077109073640122,-0.007099382576063462
2024-10-22,-0.013953486203901466,0.0023202121739376302,-0.007633531926793613,-0.014833141724981513,-0.006269605044550319,-0.009861888071419078,-0.008130117440255047,-0.012861755598801983,-0.0014430511896640352,-0.012690364263081455,-0.010706699140983655,-0.00967347190575063,-0.004464309677848388,-0.02030455278534593,-0.01199397470982444,-0.007150144185107621
2024-10-23,0.0,-0.02083335163536726,-0.02307685255750036,-0.012547050754759148,-0.03785486509014302,-0.005976084337261711,0.0,-0.008686134566136872,-0.014450900984313342,-0.0012853988871827093,0.0,0.010989028810212575,-0.002242077589573066,0.012089827738839043,-0.013656986048250941,0.008230453665494686
2024-10-24,0.004717177371164061,0.02127661483381038,0.03543296003055141,0.021600991514678425,0.01639347527523638,-0.00200403133792304,0.0,0.009857536431621128,0.011730256815875695,0.0012870532640161247,0.014069253012411354,-0.0012077943118737888,0.013483130593765491,0.006825933045048416,0.016923022650128683,-0.00714284804761256
2024-10-25,-0.014084737340875786,-0.00462960929403633,0.015209210875897883,0.007462732936621697,0.0,-0.011044183174785949,0.004098379022898335,-0.0032538010271472295,0.004347859540412724,0.008997384793832941,0.03628599744149952,0.022974613867451144,0.008869140890397142,-0.01016953691617739,0.0075642907896720235,0.010277513463591514
2024-10-28,-0.009523788501630603,-0.02558139278318705,-0.026217276436550252,0.0024691510308174625,-0.0225806894117615,-0.0172588784771619,0.0,-0.003264422809437728,-0.011544061290674201,-0.0038217094172395827,-0.01750767401608433,-0.01063831555663175,-0.006593356757246593,0.010274018930973572,-0.031531567184335585,-0.028484274155733624
2024-10-29,-0.009615363186989856,0.009546497226241346,-0.007692350617173771,-0.00492613868123204,0.0016501683249778853,-0.005165307545223707,-0.0040816508705915355,-0.008733637778206349,0.005839500231691774,0.005115093660690739,-0.008385743724683481,-0.00358414206856994,-0.004424802302366304,0.0,0.006201586815932636,0.007329833696328336
2024-10-30,-0.0048543884167545626,-0.016548428360236622,0.0,-0.033415893617179115,0.0049423492667226565,-0.0321910660710365,0.0,-0.004405293123551091,-0.004354169641344607,-0.01653930231711742,-0.004228370447620811,0.0,0.008888936390940794,-0.06440678147664713,-0.016949099197105744,0.001039592393520694
2024-11-01,0.014634144254691783,0.02884610267626697,0.003876091208194765,0.011523759448417659,0.027868803136879672,-0.012875512543838341,0.004098379022898335,0.02101773160538145,0.014577175718082591,0.018111164406444447,-0.006369365014368689,0.0023980229004723075,0.0,-0.014492742007598203,0.01410650974107952,0.007268860450303061
2024-11-04,0.009615363186989967,0.0,-0.003861125135005361,0.00886073507969587,0.014354096264703964,-0.014130467024643378,0.0040816508705916466,0.0,0.002873662520097131,0.0012706993347153528,0.008547007840440601,0.00956942494199886,0.00881053392209763,0.016544075147278958,0.006182416419852732,-0.00412367171852035
2024-11-05,0.009523848159165293,-0.0023364014658759924,0.01162797236616786,0.011292337844183153,0.007861651029163363,0.011025308071140216,-0.0040650587201275235,-0.009750827330780365,-0.010028768374080399,-0.010152291410465142,0.0,-0.002369702905406279,0.008733671050863201,0.005424979179312395,-0.016897027928781116,-0.015528022522329765
2024-11-06,0.004717177371164061,0.01639340741154416,0.0,-0.009925542356036265,0.01560065515169784,0.02835339309486007,0.0040816508705916466,0.008752748612191885,0.010130363442591328,0.0025640027946187693,0.03283894962115674,0.028503516880963753,0.002164429658386924,-0.016187009061314872,0.014062426643977943,0.017876015460896344
2024-11-07,0.02347397406205265,0.004608274782274879,-0.01915709534880905,0.0025062029050104684,0.007680506640362239,-0.010604405371940961,0.0,0.007592202396677017,-0.004298027125454795,0.0,-0.0215384505499171,-0.010392627201736837,0.004319677587387494,-0.0018282386908132775,-0.003081682088952653,-0.048553793418949165
2024-11-08,-0.004587002011619212,0.009174344534758738,0.011718815229136537,0.002500015611437645,-0.00914635929513341,-0.002143734685977172,0.0,-0.01291704612261213,-0.011510841160739305,0.0025576481634739245,-0.025157231174050332,-0.010501676997285991,-0.0021504657020697815,-0.0036629430295678223,-0.012364730997771911,-0.009771999107456297
2024-11-11,-0.032258247027179054,-0.027272751449562982,-0.023166150619591597,-0.00997504661629689,-0.0369231495728346,-0.009667007275620088,-0.0040650587201275235,0.0,-0.017467266804043646,-0.0012754605692260057,-0.032258083303630336,-0.03419810744920426,-0.038793224153071404,-0.007352935196602073,-0.025039166394351997,-0.017543862649727848
2024-11-12,-0.01428565292367856,0.00233647535820225,-0.007905080459372216,-0.008816097035344805,0.028754052355576043,-0.006507580343608432,0.008163301741183071,-0.007633688378669512,-0.010370252082213649,0.0038312683393748603,-0.0044444012657954834,-0.009768057407692377,0.0067265806338276946,-0.0037037591897586264,-0.006420477669577651,-0.015624980959051071
2024-11-13,0.0,-0.013986026358615011,-0.01593624058685117,-0.011435823704627701,-0.02329197172195563,-0.017467187344555213,-0.008097201839309509,-0.007692319505104406,-0.008982164640204071,-0.00763349312561179,-0.03348216155540851,-0.02342787383955014,-0.008908732913115447,-0.0037174105423197767,0.01292403961210531,-0.014739198146025312
2024-11-14,0.0,-0.02127661483381027,0.028340133629784825,-0.0077121299256791565,-0.05564389064892605,0.0,0.0,0.007751949981146922,0.010574140647541252,0.006410210172440811,0.02424940983893653,0.018939425701054224,-0.008988811836977306,0.0037312812465619682,0.0031898112680111,-0.003452278040402712
2024-11-15,-0.009661874342616117,-0.021739073971794864,-0.02362217735543981,0.0012953448554369196,-0.021885458996293794,0.002222157848470463,0.0,-0.01318674310417045,0.001494699564004831,0.011465027305855857,0.05975195878029771,0.042131387751723315,0.018140686895047775,0.00743493856063937,0.01589823886809527,0.028868376084386638
2024-11-18,0.014634144254691783,0.004938249817233453,0.03629042283684614,0.003881007323440322,-0.0017211738057554271,0.0022173208551070633,0.008163301741183071,0.017817306493482343,0.010447701611898674,0.0062971837176428735,-0.026595692138297267,-0.01426875068165634,-0.0044543664565577235,-0.0073800682069474766,0.004694914591842014,-0.0011223455569094876
2024-11-19,-0.014423074896066646,0.012284997202233194,-0.007782043505448977,-0.003866003336180146,0.018965554879580182,-0.006637155817820983,-0.008097201839309509,-0.00984684218871601,-0.004431230204036907,0.0,-0.00983609635015903,-0.01326895763965008,-0.0022372350783674833,0.011152466578959075,0.0,-0.008988765423411427
2024-11-20,-0.014634083142096799,-0.016990255303270696,-0.0078432818867199,-0.01423027940231425,-0.005076152018385516,-0.011135806497827194,0.0040816508705916466,-0.013259688983176754,-0.011869487553167857,-0.012515653865184384,-0.026490064528361335,-0.01711497350770852,-0.011210735812973827,-0.012867665639129333,-0.024922158986466214,-0.015872907796802727
2024-11-21,0.029702902136211407,0.0024690858642784086,0.03557311807729446,0.03412078351878023,0.010203992854475263,0.00112609347545356,0.0,0.0,0.003003106737109462,0.007604568465823025,-0.003401371286639643,-0.004975100205069749,0.0022675858618810274,0.001862166489830397,0.014376922149030191,0.003456165195800942
2024-11-22,-0.009615363186989856,0.03694584638389209,-0.022900694666732724,-0.0012690433771294085,0.006734020508016414,0.010123715418450363,0.0040650587201276345,0.013437870972873078,0.0074849866755617445,0.01006290060448567,0.0,0.008749981688469521,0.00904973444535484,-0.0018587052711598329,0.0047244890303757,0.009184845930981123
2024-11-25,-0.019417432035156446,-0.038004733820978354,0.0,-0.015247791388358634,-0.006688976801060398,0.011135896942394696,0.004048536757992105,-0.004419896327725548,0.001485875576222817,-0.00498132373660265,-0.0022753787522336033,-0.006195829333689562,-0.008968571257123581,0.0074487836540810815,0.003134814368651373,-0.007963673426037876
2024-11-26,-0.009901029398941108,-0.02962965508075388,-0.023437529254279332,-0.003870991758531117,-0.03535350001232651,-0.022026419502630734,-0.004032212198689655,-0.014428344017616501,-0.013353098904996696,0.002503130773036988,-0.01254268234418876,-0.018703176059186477,-0.015837101094345107,0.007393709511528401,-0.028125059199596736,-0.029816452015008377
2024-11-27,0.00500002004493072,-0.005089036204671382,0.00400002238470476,-0.005181298533471268,0.005235612611538931,-0.011261300606866698,0.0,0.0011260352229445214,-0.003007501516572808,-0.004993761507969929,-0.013856767329112452,-0.0025413332732390215,0.0,-0.005504611838875739,0.0016076734414380844,-0.008274221108376723
2024-11-28,-0.008955272069103626,0.0,0.0,-0.007812548277554399,0.01041668748272273,-0.007972711821901624,-0.0040486009196547545,-0.010123657980069312,-0.009049842928989693,-0.002509412159836355,-0.031616023409732796,-0.014012695745989512,-0.025287313276463608,-0.0018449878994820645,-0.014446259845684262,-0.0250297651361574
2024-11-29,0.03915667140180368,0.002557493040479031,0.04382463580883811,0.01968499807254065,0.006872865826391017,0.02411017392476844,0.0,0.01818184535641798,0.02891934929749973,-0.007547175453364252,-0.003627487617233749,0.009043908607818452,0.0,0.005545311339786085,0.0,-0.01222496358559011
2024-12-02,0.019323688163099373,0.002551049633486402,0.003816815406572749,0.006435127141800834,0.0,0.004484357604619182,0.0040650587201276345,0.014508858124681723,0.01923083788150559,0.019011471381605638,0.014563058476103174,0.015364941878780014,0.016509338600065426,0.009191139950676774,0.0195440892968215,0.013613898896861265
2024-12-03,0.014218125414287686,0.022900783630619648,0.003802302718974415,0.010230162077050853,0.003412975987167055,-0.007812455384947903,0.00809713767764686,-0.0033003351067755204,0.001451312047501041,0.0,-0.009569284990555982,-0.02395965262557942,0.00464039628573909,-0.007285968837341783,-0.01277952144080996,-0.017094089532397327
2024-12-04,0.004672739624115518,-0.009950283590831499,0.003787998113802926,-0.008860814124942995,0.0,-0.019122695381787458,-0.004016082149565059,0.007726371964981382,0.0028985341668663622,0.002487465344959583,-0.021739197475918348,-0.020671834364490715,-0.020785151957989023,-0.0073394437961237236,-0.0032363712083870455,-0.013664537541049793
2024-12-05,-0.009302129902107326,-0.005025103666254083,-0.0150944222633147,0.019157127540218033,0.010203992854475263,-0.002293511757321398,0.004032276101638921,0.007666952772078739,-0.007225450492156615,-0.008684821196563774,-0.00864193886648601,-0.01055414111019115,-0.0023585030796294815,0.005545311339786085,-0.00162333269046111,0.0
2024-12-06,0.009389471990272957,-0.015151528462085229,0.01532575569122252,0.015037608694138171,-0.0033669025992487667,0.012643685672275806,0.0,-0.005434701512707973,0.00727803759246104,0.0,0.0012452696519991147,-0.01599992249583415,-0.0070922363000434085,-0.007352935196602073,-0.00813007520335629,-0.015113400352514739
2024-12-09,-0.009302129902107326,-0.015384629107892178,0.01886783229540767,-0.004938302061634703,-0.010135154841203198,-0.007945470834555657,0.0,0.005464398889619471,-0.008670470844613254,-0.006257777344043314,0.012437882527420285,-0.0054200275188380775,0.0,0.001851821074430715,0.0016394078342674145,0.010230180303499425
2024-12-10,-0.018779355701464273,-0.01562501415547979,0.0,0.028536002065203236,-0.020477855923001775,-0.016018399776972392,-0.008032100652820229,-0.004347832691180664,-0.002915435143616474,-0.007556680342151956,-0.017199038920013177,-0.01907363474028323,-0.00952386053613552,-0.003696796343484743,-0.0032733413079216733,-0.010126583528148103
2024-12-11,0.01825125393188376,-0.0026454493026109027,0.022222249942953853,0.006031325015871225,-0.003484327544614141,-0.01162785426551094,0.0,0.025109208612343226,0.017543758551932465,0.001268986145535278,-0.02875005767053962,-0.03611109754701447,-0.014422968444383732,-0.005565887291573812,0.0,-0.028132970901208365
2024-12-12,0.004717018341435342,-0.010610116735695563,0.02173906309299678,0.014388503752697401,-0.0017482552662864137,-0.02470583592589859,0.0,-0.003194980476967424,-0.0014367156848185125,0.0,-0.02187895882123836,-0.03170030181060468,-0.012195186557689808,0.0,0.004925974594357507,-0.018421131487474485
2024-12-13,0.018779138613228996,-0.02412870814918444,-0.017730412073967083,0.007092168742286464,-0.03677754533400235,0.0,-0.0040486009196547545,0.0010684655811983301,0.008633044064416229,0.0012674782946853203,-0.023684284474497774,-0.0119047037729193,0.0,-0.0037313991608980412,0.0016340504371088471,-0.01206435843910747
2024-12-16,-0.009216549046690448,0.005494568509553988,0.028880838737972203,-0.015258164433583743,0.0,0.026537913796724988,0.0040650587201276345,-0.01280684940976895,-0.02139793868425044,-0.007594942041635799,-0.008086279229101545,-0.006024184279465272,-0.012345649453621044,-0.009363259087844744,-0.004893939035637396,-0.017638935333533667
2024-12-17,0.009302284003454453,0.008196728394229691,-0.0035088822929485453,0.014302755286434321,0.003636370823786317,0.02702710441060474,0.004048536757992105,-0.0064864962860164965,0.002915435143616474,-0.008928628283042528,0.03668490088298859,0.010606038724145339,0.0024999163656234114,0.01134220559984822,0.0,0.008287266333205423
2024-12-18,-0.013824766057904614,-0.018970234529721353,0.0,-0.02115164336508457,-0.0054347933118470415,-0.016018399776972392,-0.004032212198689655,-0.010881409364792205,-0.0159884558737301,-0.005147907100454652,0.0026212063268762353,-0.013493158892420754,-0.004987364736520505,-0.007476747245186655,-0.014754130412262922,0.005479399074868718
2024-12-19,-0.032710248216974214,0.0,-0.021126697604492706,-0.01080431398921955,0.010928983389524749,-0.015116314430219768,-0.0040486009196547545,-0.005500558511292497,-0.005908326741857595,-0.001293815692207767,-0.04052283430033499,-0.0562310524833447,-0.002506376030867785,-0.013182634636815904,-0.011647268075083206,-0.054495920044669965
2024-12-20,0.04347806164883017,0.024861900897485745,0.014388476469741729,0.019417520609749328,0.04144140739454549,0.012987117594798425,0.01219511173789889,0.011061964002832436,0.02526000432083042,0.0012954918198535559,0.014986281805222879,0.0016103295605276458,0.00502515256284819,0.017175589207182318,0.02693607437024581,0.01585018846127051
2024-12-23,0.0,0.0,-0.0035460272909140222,0.01309524455575306,0.006920429006413098,0.02564104020427105,-0.008032100652820229,0.004376374306096054,-0.0014492087933200004,0.011642803535917068,0.008053716927149068,0.008038577232185373,-0.0024999163656233003,0.005628542963070249,0.0016394078342674145,0.0028367967373130742
2024-12-24,0.00462966707858814,0.005390811913098537,0.0035586463479826413,-0.007050572248112896,0.0034364329131955085,0.001136330703984223,0.004048536757992105,-0.003267889285050063,-0.0029028575938434553,-0.006393816409299147,-0.003994686390175306,-0.012759170554539123,0.0,0.0074626804074600095,0.003273233465490577,-0.0014144411997532025
2024-12-25,0.0,0.00536199166958129,0.0070921464549602575,0.01301775838831154,-0.0034246642841327946,-0.007945470834555657,0.0,-0.002185795491655318,0.0,-0.002574004542828856,-0.013368957404215176,-0.0016155325385065478,0.002506181610045566,-0.007407401338620168,0.0016312771816826555,-0.007082112917440764
2024-12-26,0.00460833203547617,-0.005333394055087259,0.00704229335225981,0.008177547850330757,0.0,-0.0022884490289006854,0.004032276101638921,0.00547636911253635,0.008733691946678945,0.002580647140291381,0.002710000675219648,0.003236293414328184,0.0,-0.009328438945077067,0.0,-0.001426547648994525
2024-12-27,0.0,-0.00804290271639485,-0.00699304626900743,0.0069525345738161715,-0.010309298739586414,-0.011467838210554193,-0.004016082149565059,-0.00544654183903881,-0.0014430511896640352,-0.0012869512788128423,-0.040540564562095205,-0.029032304405453235,-0.007499943031656464,-0.005649683555113971,-0.004885861350913623,-0.011428573338572945
2024-12-30,-0.013761463688197306,-0.005405381841903534,-0.0035210554499865987,-0.009206040781599367,-0.003472229160907503,-0.0011600592504595886,-0.004032212198689655,-0.0109530083340319,-0.013005764388565488,-0.00257732142993905,0.0,-0.006644485934538147,-0.010075619907380262,-0.0037878758406969526,0.013093257389255486,-0.001445101037605534
2024-12-31,-0.009302167909204129,-0.008152181152553228,-0.025974046186030386,-0.031358863031884066,-0.024390292812298875,0.015098756817674364,-0.0040486009196547545,0.0044296857035126536,-0.004392420327831603,-0.015503989460542877,-0.01690135349889832,0.0,-0.02035624389080748,0.0,-0.016155076127299384,-0.02170765991633783
2025-01-02,0.009389510714455263,-0.008219185441196264,0.011111096490477701,-0.007194214438849711,0.03214292321047374,-0.013730043676238313,-0.0040650587201275235,0.004410240756493877,-0.0029410414755222103,0.007874126291551597,-0.011461317098656831,-0.011705726255943127,-0.012986981585866753,0.0019011692386070589,0.0,0.011834436947034677
2025-01-03,0.04651153611152292,0.01933706315284689,0.04395607970871018,0.010869557019829612,0.017301072516032745,0.006960638168267197,0.008163301741183071,0.00878148117100963,0.01474917679151222,0.010416674190232955,0.05072464743259797,0.05752966182946451,0.01578945541888488,0.007590066718975219,0.02791461341085988,0.06140342675540089
2025-01-06,0.004444591371047357,0.0298102950834902,0.04561403352556215,0.032258040449475,0.005102050803871494,-0.024193688742885633,-0.0040486009196547545,0.0,0.004360381675453384,-0.006443354633158815,-0.046896627390476175,-0.04159998339910875,-0.018134711121074676,-0.013182634636815904,-0.01597453337394905,-0.030303007515566138
2025-01-07,-0.02212395928959121,-0.010526352584165899,-0.013422857656241405,-0.009259244536539035,-0.001692050672795209,0.008264511943877118,0.0040650587201276345,-0.00870503804333922,-0.004341451290800102,0.003891104972472137,-0.037626599553762685,-0.021702894243137094,-0.0026385364688477075,-0.005725156197504355,-0.011363542767425017,-0.026988680897423234
2025-01-08,-0.004525036104852553,-0.02659571246794512,-0.020408050524536425,-0.02453271650163169,-0.023728859852410467,-0.025761140158132134,-0.0040486009196547545,0.0,-0.007267458684582784,-0.0025840835604985513,-0.03759396877735488,-0.023890735383740314,-0.015872997956809853,-0.0019194145521768124,-0.013136365038001308,-0.020437930939864013
2025-01-09,0.0,-0.008196728394229691,0.01736102789099636,0.005988061120851151,-0.015625031224083985,-0.00721152532048408,0.0,-0.013172447341476712,-0.04685214980090713,-0.0038859622308859976,-0.017187453622517057,-0.010489595499758475,-0.016129118025268396,-0.0019230450181776382,-0.0016638484520870023,-0.019374027500741797
2025-01-10,-0.02272711801486904,-0.0550964376935944,-0.05119447126040355,-0.047619118419212736,-0.04585535949676134,-0.009685146695095348,0.0,-0.0011122573429191984,-0.013824867994715162,0.0,0.028616756803237164,0.014134345368750134,-0.010928914841533577,0.0019267502456388197,0.0,0.06838901938212771
2025-01-13,0.013953484052307008,0.017492726961581218,0.007194173677813831,0.025000078057187736,-0.005545297649294456,0.03300727160222672,0.0040650587201276345,0.011135782230825342,0.02024923103967846,0.011703571621414888,0.08037106120603554,0.06097561722574518,0.013812228692191564,-0.007692301615183972,0.0,0.027026961061938914
2025-01-14,-0.022935620151497305,-0.020057354366288305,0.014285665084939447,-0.02317072232745343,-0.033457197814821815,-0.018934844017281516,0.0,-0.004405293123551091,-0.012213793519307292,0.0,0.017167324487483704,0.016420344816592936,0.01907356458672771,0.0019380135743627402,-0.003333352734786743,0.005540221263180767
2025-01-15,0.03755851159509538,0.014619958209403539,0.02816909714828597,0.04494378518663744,0.0,0.0024124752717364917,0.004048536757992105,0.013274356803398835,0.012364814814354252,0.005141289986396291,-0.004219422599371581,0.017770605486752133,0.010695140025576588,0.001934203818775071,0.0016723056618184184,0.008264437063042251
2025-01-16,0.013574543602701272,0.0,-0.020548004136490272,0.008363179092835571,0.0019230192194934492,-0.008423537819423177,0.0,-0.006550228333654706,0.0,-0.007672539157907554,0.05084750949379169,0.04603173756725787,0.03439151267492102,0.003861000798933034,0.0,0.03142075673070188
2025-01-17,0.0,0.025936530345611164,0.010489585570109483,0.011848414869427781,0.02495206588767207,0.037621353242292876,-0.004032212198689655,-0.0054945139322174485,-0.006106896759653702,-0.00257732142993905,-0.008064541290863203,-0.018209437698605502,0.0,-0.0019230450181776382,0.0,-0.015893990752970377
2025-01-20,0.0,0.0028090209549231915,0.013840782138848207,-0.012880568054453811,0.007490591629383703,0.004678322020430281,0.0,0.011049831651544384,0.01228884019769061,0.006459901759777287,-0.024390215772545742,-0.009273585629057779,0.02813304382985793,0.00578031162524395,0.01335555978211067,-0.018842506265579928
2025-01-21,0.013392854655585706,0.00840336878890735,0.0,0.03795960493696193,0.0018587398152931645,-0.0640278834384077,0.00809713767764686,0.014207580856240742,0.01365709985913166,-0.006418439272624976,0.006944430264510082,0.009360390007312036,0.0024874789047681922,-0.003831414609198669,0.006589824102738229,0.00548702245583832
2025-01-22,-0.057268528709914834,-0.0805555970401658,0.023890810996019418,-0.08799997544990024,-0.09833020222770206,0.007462672243584878,0.008032100652820118,-0.015086229614522995,-0.011976099100585391,0.011627966500284748,-0.049655221140559536,-0.034003046676460036,-0.007444112611151632,-0.007692301615183972,0.003273233465490577,-0.06275588039454227
2025-02-03,0.023364554655275427,-0.0030210871289210184,-0.006666685840582165,-0.005012562315651059,-0.03292180988737836,-0.00987665808784488,-0.003984018465934103,-0.012035029341764036,-0.012121264566255285,-0.011494311036607252,-0.013062338548520791,-0.02400003850206711,-0.020000009696739318,-0.007751931812788326,-0.017944586451456135,-0.03347888382604913
2025-02-04,0.013698509918056212,0.03636357189207584,0.0234899583191579,0.021410555077425286,0.021276569691158764,0.0,0.007999972107641584,0.016611321388172007,0.01993872221229731,0.0,-0.001470630739459633,-0.00163930426333736,0.0,0.009765648024746554,0.0016611941136570607,0.027108348825966244
2025-02-05,0.004504652896621719,0.011695948072835138,0.0,0.028360072202994413,0.01041668748272273,0.0,0.0,0.013071915323932926,0.006015063514614338,0.007751943540026618,0.016200307641745182,0.009852168402667782,0.015306105284822014,0.01160540628426765,0.0,0.0
2025-02-06,0.008968344346814705,0.02890169870466286,0.0,-0.004796192875898497,0.03917520336110303,0.001246948076101706,0.0,-0.0075268930306123805,0.0,-0.003846207377822042,-0.028985560879288386,-0.02601619726263238,-0.012562783952451473,-0.005736163199625444,0.001658329851161211,-0.01612896401253494
2025-02-07,-0.017777699877095654,-0.022471901128858662,-0.029508239823747173,-0.025301137107017757,0.0,0.0012453951330366753,-0.003968271686872082,0.011917677848731545,0.0074737984192447815,-0.0038609558216416984,0.0014925805787364688,0.010016645170269234,0.020356145196259945,0.00961540740459843,0.0,0.01639337212152725
2025-02-10,0.00452492316248132,0.028735688591605246,0.02027032935716533,-0.006180507880745756,0.023809572144313007,0.004975081156080918,0.0,0.004282573642021781,0.01632044095636176,-0.005167962360017708,0.01341285896865374,-0.0016528522193340889,-0.0074812405559554485,-0.011428562141734488,-0.0033112777847111863,0.01759536861784361
2025-02-11,-0.009009193359625578,-0.0111732233458256,-0.016556380708020013,-0.0024875776455405285,0.0,-0.007425829159791175,0.003984081605103773,-0.004264311414357236,0.0029196914002564966,0.005194808937071915,0.048529448914016005,0.026490065368523386,0.010050305125696601,0.00578031162524395,0.0,0.03746401030299906
2025-02-12,-0.0090907564413375,0.016949167684532807,0.023569050324610874,0.009975124478827091,0.007751953355428887,0.03241902964491694,-0.003968271686872082,0.0,0.0,0.0012919393997594675,0.05049082179415021,0.05645155599330298,0.08955223160559966,0.007662829218397338,0.009966836317816696,0.02638893236807016
2025-02-13,-0.027522812879770986,-0.011111150155450167,-0.009868408146528895,-0.009876604123269406,0.0,0.0,0.0,-0.0032119962404814073,0.0,0.0012903746943411232,0.02536716682872253,0.00763358050191032,0.0616438089287219,0.0057034476377919585,-0.004934185215152764,0.021650775458254223
2025-02-14,0.02358473849593934,0.025280922083781743,0.026578066087228125,0.012468905598533864,0.0019230192194934492,0.014492726612665097,0.003984081605103773,0.009666950919501094,0.004366845973339473,0.002577321429939161,0.027343734651037233,0.012121271668718903,-0.01720430950624119,-0.0018903875124148817,0.009917413158240684,0.03443711769850233
2025-02-17,0.013824766057904503,0.0054794280786831795,-0.006472510779989671,-0.03694580939836145,0.01535511746933671,-0.0011904417735997264,0.003968271686872082,0.0031915818356178516,0.0028985341668663622,0.00771208776076171,-0.027883418829604434,-0.011976106033948053,-0.019693674695906438,0.0037878758406970636,0.00818319150615765,-0.021766881039053443
2025-02-18,-0.0090907564413375,-0.0027247406954961084,0.0032573798798805065,0.0025574806288430896,0.01890356894551215,0.014302714590331389,0.0,-0.02014849221266679,-0.007225450492156615,-0.0012754605692260057,0.016949138863250557,0.019697081258865046,-0.0022320682608915066,0.0037736416052900346,-0.0064935446960417975,0.006544464670568795
2025-02-19,-0.009174385456547252,-0.005464543202554184,-0.02597401848369496,-0.005102072513850753,-0.011131688548814078,0.010575773670369326,0.0,-0.0043290108761727675,0.0014556543542179057,0.0038312683393748603,-0.003846166055647582,-0.005943622997983011,0.013422803068213085,-0.005639122755078607,0.0,-0.006501913129799641
2025-02-20,0.013889116792550338,0.005494568509553988,0.006666685840582165,0.01538463139634616,0.01313317426586269,0.013953462894996882,0.003952586748786846,0.006521749036771052,0.0014535385045646443,0.002544632131787683,0.009009070913296391,0.014947668620091337,0.015452535040119342,0.013232533374942346,0.008170036853075269,0.019633496095105896
2025-02-21,-0.01826498382085051,0.005464456792952488,0.023178748123911852,-0.0012626341272800046,-0.018518496588845967,-0.0011467558786607546,0.0,-0.010799152366408049,-0.0029028575938434553,-0.0012690867070810352,0.012755076107939134,0.008836538874223754,0.008695698366318672,-0.0037313991608980412,-0.012965933015130715,0.02182276356995838
2025-02-24,-0.018604568006909017,-0.035326061034406386,0.003236296453493548,-0.006321072993239474,-0.039622660062920145,-0.00574054868388485,-0.003937025314698417,0.001091794463724316,0.0,0.002541297980101609,0.016372782591467683,0.007299320025060618,0.030172321913333633,-0.007490630941469623,-0.0016420997280478522,0.016331721928931398
2025-02-25,0.004739374055783507,0.016901423005776683,0.006451631388208812,0.015267190734258751,0.021611045405331764,0.006928393903868679,0.007905110857530318,0.011995565511570438,0.00727803759246104,0.01267428077637156,-0.017348130269855377,-0.011594259021600606,-0.004184122826449421,0.001886761178034435,0.0148026640200154,-0.02843024744487943
2025-02-26,-0.01886795562866239,-0.036011140030960065,-0.028846195296897803,0.0075187652206616384,-0.03653847194402582,0.0022936980399528295,0.003921586175333669,-0.005387939148043919,-0.011560627792817746,-0.00750939231911063,-0.021437710105229768,-0.010263908285945034,0.02310928649433186,-0.011299367110227942,0.004862318325183912,-0.015267128610540692
2025-02-27,-0.01923080153880008,-0.022988496345843545,-0.02970301424676658,-0.02985077640880407,0.0,-0.0022884490289006854,0.003906267411057263,0.005417126294877894,0.0058479195173108955,0.012610349930090692,-0.02577314601954206,-0.02666670987886388,-0.014373713688697776,0.0095237716885479,0.0032257186874029564,0.0051680096895143635
2025-03-03,-0.01960781554757618,0.002941210120999793,0.0238095505267375,-0.03205124202195497,0.03193612710759197,0.0,-0.011673141913349672,-0.017241405273740518,-0.0159884558737301,-0.011207929065823685,-0.01190479967730651,-0.027397186968287413,-0.016666674747282784,-0.007547163961358905,-0.02733119005123874,-0.014138856136153843
2025-03-04,0.01999997129569908,0.017595323148676068,0.0,0.002649023054887234,0.013539616788479147,0.009174419594548455,0.003936962921270215,0.006578957449315137,0.007385542098528708,-0.0025189932490182754,0.04685409534006202,0.07981221116499193,0.02118647166797638,-0.005703387559762629,-0.003305804386080191,0.04563227543544457
2025-03-05,-0.014705938132074325,0.0,-0.006644453289476493,0.013210038867321527,-0.005725202367915627,0.0,0.003921586175333669,0.007625283938960781,0.007331395766454474,0.001262677300103876,-0.01278769873172858,-0.028985590938644168,0.006224018975673484,0.0019120141181130368,0.001658329851161211,-0.03366578036168322
2025-03-06,0.0,-0.00864554049552424,-0.020066946687680276,-0.022164332129305575,-0.009596887048924807,0.003409084406519103,0.0,-0.017297323429377398,-0.02037839987850809,-0.0037830550152808673,0.0012953743089507697,-0.001492500937841923,0.0,0.0,-0.001655584346218708,-0.007741911201744722
2025-03-07,-0.0069651554096187285,0.0,-0.047781535380292284,0.0013334249204337567,0.01162786806907068,0.020385012211856957,0.0,-0.0022002234045169766,0.0,0.00632906821455026,0.010349287579944022,0.010463356355559172,0.018556720488303036,-0.0019083652967232245,-0.003316768975507034,0.031209365578430237
2025-03-10,-0.0270541243177429,-0.02034888531524237,-0.007168479320231902,-0.013315578009785112,-0.024904203646702094,-0.004439563478681463,-0.003906267411057152,-0.011025375311388697,-0.02080237759216208,-0.006289263039752302,-0.0012804467732820957,-0.0029585077323057707,-0.016194339930780233,-0.005736163199625444,-0.0016638484520870023,-0.020176644853244774
2025-03-11,0.0175077228045748,0.011869478251223864,0.018050547800278816,0.04588388580400915,0.019646404913937987,-0.0011147950011332064,0.003921586175333669,-0.0022296578771897613,0.009104712895376066,-0.005063395001383197,-0.020512819495362655,0.008901975335517953,-0.006172872513414807,0.0019231057894144588,-0.006666705469573597,-0.002573927776849283
2025-03-12,-0.02327929865700895,-0.014662738375691209,-0.014184348019526838,0.0025805805971956808,-0.007707144288159884,-0.02455349595730405,0.003906267411057263,-0.00558650905456437,-0.009022565031187257,0.0076335939430496325,-0.024869121348234935,-0.05294109334003716,-0.018633480019777382,-0.0019194145521768124,0.006711448721473667,-0.03225808074749681
2025-03-13,-0.006217691898668276,0.011904709239727085,0.007194173677813831,-0.025739945992863333,-0.0038835028609729427,0.027459901496143413,0.0,-0.00898877732862624,0.0015174419772068237,0.001262677300103876,0.07248324461905842,0.041925350830714025,0.025316426693510863,-0.003846150807591986,0.008333326927193019,0.0599999688033106
2025-03-14,0.011470334602233567,-0.011764654449203493,0.017857149330928968,0.04095112873780482,-0.005847964879800993,-0.017817398930004558,-0.0038910678594834547,0.020408193698242094,0.0,-0.001261084956755365,0.013767220283368742,0.026825795631238547,-0.008230416875997904,0.0019305309024038042,0.011570151983357313,0.01132076878455246
2025-03-17,0.005696536724909773,-0.002976224372303271,0.035087731795502064,0.015228362033810505,0.0176470942266711,0.009070308774862257,0.007812472916133295,0.004444359602662873,0.007575775118993766,0.006313186393181347,0.0061728271229160026,0.007256829698889744,0.002074619344648587,-0.005780372513571885,0.0,0.008706456802964002
2025-03-18,-0.019567449116016045,-0.020895572268094464,-0.006779680554727552,-0.0237499921942812,-0.02312143286447954,-0.004494434521199464,-0.0038759249464073164,-0.015486658671256759,-0.018045069580905793,-0.005018824319672821,-0.014723878035708626,-0.017291094183619182,-0.0020703242099927577,-0.003875965906394163,0.006535986415966644,-0.02096169471499798
2025-03-19,0.0346639041984802,0.012195165458019908,0.013651830132191956,0.00768250629894518,0.013806733977006935,0.019187446550919196,0.0038910061943826513,0.010112282131599981,0.009188308210711593,0.005044139972036232,0.01618918000106384,0.01319650260718963,0.010373418606698381,0.005836601950927944,0.00974031704406264,0.008816011051642647
2025-03-20,-0.013197960836796918,-0.006024069988530889,-0.0033669705698319286,0.006353200126319791,-0.003891058329049457,-0.003322252861066244,0.007751972744997504,-0.010011047593897704,-0.012139657881924948,-0.0037640685267675833,-0.04289207389036531,-0.0463096957653637,-0.022587309879197326,0.005802672580197621,-0.011254031895834293,-0.03245935861784244
2025-03-21,0.0,-0.012121254521427538,0.0,-0.010100994172597355,-0.025390613290968478,-0.0033334172598602496,-0.007692341920087831,0.0,-0.0015360895791739493,0.0062971837176428735,-0.010243276960914427,-0.013657078273954126,-0.0042016217837992365,-0.00961534663336161,-0.00650399587807049,-0.0025805699775947044
2025-03-24,0.01851852088519923,0.012269982097403487,0.03040545116878479,0.0,0.0,0.0,0.0,0.007865087799443504,0.0,-0.006257777344043314,-0.010349287579944022,-0.013846176591458703,-0.025316426693510974,-0.0019417766449401075,0.00818319150615765,-0.011642962599592077
2025-03-25,-0.010101095019857675,0.00606057934266202,-0.006557395872395899,0.01785717414828869,0.010019995908165713,-0.006688951097604923,0.0,0.0022296578771896503,0.006153872999030696,0.0050377868947679705,0.007843060700299276,0.004680255946869272,0.0043290272256724105,-0.0019454929965572187,0.006493651663140421,0.0026177246181877667
2025-03-26,-0.02244894208196646,-0.033132527825089686,-0.019802037415601825,-0.017543889851963645,-0.02380950870490217,0.005611692432729187,0.007751972744997504,0.0,-0.0015289817437906805,0.006265618865036959,0.010376235119727184,-0.003105696121716517,0.010775835225660169,0.0019492853174907232,-0.001612965620674478,0.0
2025-03-27,-0.006263049099527462,-0.04049841259582354,-0.013467967724590135,-0.039540823031776084,-0.020325179212232425,-0.005580377072937126,0.0,-0.0189098378448761,-0.019908185901960196,0.003735943460919655,-0.03722729713071904,-0.034267808894510754,-0.019189784326331782,0.0,-0.017770647609232082,-0.026109714805853
2025-03-28,-0.04411758949162525,-0.05194813062611403,-0.05119447126040355,-0.04382472498369816,-0.06846473386869201,0.0022447863592538475,-0.011538451926550675,-0.03287986762494555,-0.043750001178325504,-0.00992546780360326,-0.02399997358842243,-0.03225809500358767,-0.026087010779485498,-0.023346284842455267,-0.009868478804862746,-0.018766733329033003
2025-03-31,0.03736252785617511,0.04109592898638725,0.050359672169876246,0.030555572901597383,0.04231627151550499,0.029115315370213724,0.011673141913349783,0.024619029753981225,0.006535910342651663,-0.005012534812579572,0.03415293759237481,0.038333308917959386,0.024553616650133225,0.005976059251828314,0.01827247852197611,0.028688595766434455
2025-04-01,-0.0021185568048118775,0.009868429950157909,-0.01712329332622886,-0.004043151864190797,-0.004273512740433749,-0.015234038611916745,0.0,0.002288332963074291,0.0,-0.0050377868947679705,0.009247091744364555,0.008025674533699956,-0.004357321671895287,0.005940620700811028,-0.003262554363365533,0.0013280343155284147
2025-04-02,-0.09978772091250665,-0.09771985393565974,-0.09756099070627078,-0.09878207970883213,-0.09871243692874454,-0.09944751182883982,-0.04615386865978377,-0.0993151237683132,-0.09902593385412806,-0.10000002006139186,-0.0994763841132712,-0.09872613327149349,-0.09846820373354603,-0.07086614663045487,-0.09656308329274865,-0.09946954252684692
2025-04-07,-0.03773583109102008,-0.09747295242183718,-0.02702705615670009,-0.08408413561115913,-0.08809526020840297,0.02331290727953461,0.02419359270688415,-0.012674186850201608,-0.02522522574752284,0.07594931065712429,0.018895220186122552,0.019434707627349335,-0.00728159178650456,0.07627119211452227,0.02717401230146077,-0.007363728128433
2025-04-08,-0.03799026529232519,-0.10000000632518313,-0.05952383230194647,-0.08032775624536836,-0.06788508654206094,-0.04316538775605605,-0.007874050629396834,-0.07445443322501999,-0.08502776010039437,-0.03660133562463297,-0.09700422574808809,-0.06932408836127535,-0.07090464269436769,-0.02559056158971662,-0.0529100667447141,-0.08160236650484731
2025-04-09,0.09936315872260826,0.09777784368462439,0.09704643157417281,0.09982157882205511,0.09803922973513979,0.0989973701461977,0.007936543373744165,0.09986122373033157,0.09898998598793973,0.032564476734959324,0.09952601594860067,0.09869645003929017,0.09999991834324984,0.020202004080684066,0.09124758496704222,0.09854600251488654
2025-04-10,0.030127370354275484,0.08906881658007104,0.06538466043297486,0.08589954674707223,0.09948974598064231,0.005701274762139663,0.011811013550667049,0.013871396095919586,-0.003676523320678249,0.00394223648379044,0.0,0.020338949608589285,-0.021531030773647708,0.009901013642577228,0.011945406115134949,0.011764707231690652
2025-04-11,-0.02699649166197693,0.029739763402891972,0.010830310357249351,-0.014925279931715996,0.058004682368876015,0.004535108344787098,-0.00778213571896702,0.006218915010206327,0.0055350237235973765,-0.010471211791035051,0.015804611598001284,0.023255830553603696,0.034229820967375035,-0.01764707558994194,0.010118102869323797,0.020348811176032378
2025-04-14,0.013872761727287797,0.007220184868883761,-0.010714271471956138,0.0015151608332721889,0.0,0.009029451320119453,0.011764696377249972,0.01977743162352774,0.02752300077665537,-0.002645504586578973,0.03394625130362772,0.034090901163839726,0.009456223371791417,0.0019960379482484303,-0.006677834892495849,0.061253611422343424
2025-04-15,-0.02508547544859563,-0.025089552917241353,-0.01444047488605893,-0.030257182937404314,-0.004385973523169717,0.005592769926940022,-0.0038759249464073164,-0.0290908558286882,-0.021428591949069764,-0.0053050436905733855,-0.020519795875378555,-0.021978037477974777,-0.02107730549634812,0.021912364140698415,-0.016806709660557972,-0.0375839484036089
2025-04-16,-0.009356701950893553,-0.011029421169037934,-0.018314932508619486,-0.015600719772436378,0.013215814665480163,-0.01890989526604847,-0.0038910678594834547,-0.00624210423690108,-0.016423337038776187,-0.005333337277848904,-0.008379914832693514,-0.01284109179472237,-0.019138673400627138,-0.009746611388867676,0.00683764650068186,-0.009762888839601747
2025-04-17,0.003541876270455546,0.007434911458609417,0.01865662737992113,0.012678268512962942,0.0021739174254744587,0.004535108344787098,0.0,-0.0012563864936490088,-0.005565905348716371,0.006702364740698519,-0.0014083825517062776,-0.003252016717869899,-0.004878074623075879,0.007874009380408609,-0.0033956053016325205,0.01126771702844942
2025-04-18,-0.017647024436724834,0.00738004150347038,-0.014651964598281997,-0.023474129771065444,0.006507605279907569,-0.014672629221302858,-0.007812472916133295,-0.006289214530625031,0.00932838004827019,0.003994729687566201,-0.023977471640649783,-0.0195758884631152,-0.019607852457457886,-0.005859401159005295,0.011924943150145362,-0.019498689239511258
2025-04-21,-0.02275455497983503,-0.03296700559686039,-0.033457298169093375,-0.00641029618298361,-0.036637935341252925,0.014891121120188977,0.007873988235968632,-0.021519018689877267,-0.02957484075486061,0.0,0.0014451285559482496,0.01331121362661647,0.010000053332066328,-0.0019646039752870825,0.005050590208000472,0.0
2025-04-22,0.06985291375209757,0.053030370641950375,0.05384611630585434,0.06290321573455637,0.0514541702264264,0.018058719301125903,-0.003906267411057152,0.02587315339312446,0.020952337175317748,0.003978730219852844,0.028860081868470777,0.026272577364740757,0.02227715334086744,0.013779547519103597,0.02345061177764407,0.028409149448203053
2025-04-23,-0.010309315757603632,-0.01798570235692687,-0.029196981589921345,-0.009104666280052576,-0.021276637719799707,-0.03769391427589952,-0.003921524026582746,-0.01261025642620428,-0.0018656610021248188,-0.006604972660812614,-0.04488088724067363,-0.028799983699124843,-0.007263867487973474,0.005825207212327266,-0.00818340719101962,-0.042817668398822506
2025-04-24,0.02777785565636881,0.018315112519333265,0.0375939971567949,0.012251224696920637,0.021739174254745475,0.02880185000158142,-0.003937025314698417,0.014048551938278031,0.011214964372064262,-0.003989311956966279,0.0014683577038898665,0.0016474061687052899,-0.009756149246151868,-0.005791470695462042,0.00990093950084292,0.010100883917376402
2025-04-25,0.010135171525443187,0.02517980128005326,-0.02173919239874411,0.03025708846577979,0.04255313938231753,0.005599032645486224,0.011857697606317164,-0.0025188953386044988,0.009242091270808883,-0.0040053961072149535,-0.007331364324944523,0.0016447609362242321,0.007389202093043501,0.0038834919286336866,0.003267993207983322,-0.005714230960910394
2025-04-28,0.005574078885195233,0.003508812034093367,0.01481476399070858,-0.0014683462403165537,-0.010204037021615875,0.0011135535164124022,0.007812472916133295,0.027777714349412896,0.020146553200579786,0.005361934281835623,0.02067949711142414,0.016420344816592936,0.00977990820483532,0.00386846876142255,-0.004885861350913623,0.018678120991158176
2025-04-29,0.006651954628824397,-0.010489519382317125,-0.014598490794960672,-0.019117764684782657,-0.016494877983338152,0.0055617551591824466,0.003875986372498863,0.035626589593624525,0.05026930189468093,0.006666618768977228,-0.015918859827160015,-0.011308538441930915,0.0,0.00578031162524395,0.013093257389255486,-0.014104291986938744
2025-04-30,0.04625544242233537,0.0424027514321621,-0.03703705096144971,0.061469276455957456,0.05241093983076994,0.00995582357100444,-0.007721981025681779,0.008303591975879376,0.003418852662005145,-0.0039734605831514,0.023529295296598862,0.008169926400894978,0.0024213204677088207,0.0,0.0016155714819325873,0.025750991075024876
2025-05-02,-0.012631580874363113,-0.03389826510944227,-0.003846116305854297,0.011299505787742081,-0.017928322251216988,-0.01314354664838624,0.007782074053866106,-0.05882342701335386,-0.0681431194206924,0.014627723052096586,0.03735629404537688,0.024311158824369627,0.02173915283850736,-0.005747091644599411,0.008064402995480169,0.05997215575763315
2025-05-05,-0.01918970220674754,0.024561351334286163,-0.011582996072406426,0.002793313386161511,0.030425959805401526,0.007769191015982058,0.003861021107302909,-0.012500017981941225,0.021937864017419262,0.006553032443103346,0.0027701635551804493,0.006329083018514092,0.03546099811035086,0.007707122759210483,0.040000075907273835,-0.009210514433394268
2025-05-06,0.008695630452617564,-0.006849285395086779,-0.0039062116646290113,0.012534809372184652,0.0,0.007709206574105343,0.007692280966506759,-0.012658350342797609,0.005366695405985222,0.010416674190232955,0.013812234114466637,0.0,-0.015981820075278597,-0.0076481773177385914,-0.012307662052083224,0.029216444217639026
2025-05-07,-0.010775885581060352,0.006896521640032738,0.011764689491055913,0.02338374173882296,-0.009842476568738934,-0.009836047238874879,-0.011450372444536172,0.001282158697438085,-0.01779356399867571,0.0,-0.028610337275939535,-0.026729522180369725,-0.013921008871324636,0.00578031162524395,-0.007788258074276411,0.006451575895707329
2025-05-08,0.03376898881464485,0.006849393703020068,0.027131811157920183,0.0053763774785045015,0.01988069131581094,0.0055186936435203116,0.011583002132984799,-0.008962986578781251,0.0,0.003865931086597385,0.019635259295466057,0.01615513605745056,0.00235286236781862,0.005747152182996373,0.01569857543527342,0.021794887562429643
2025-05-09,0.00842997161800918,0.040816254084744985,-0.007547286895346561,-0.010695169754753486,0.007797286506401324,0.01975856047078972,0.0,0.009044048261971138,0.0163042539758409,0.023106564483510228,0.009628676609891862,0.006359206972552212,0.002347430450476029,-0.001904790453186589,0.0046368632358564366,0.026348872735805884
2025-05-12,0.012539122085569732,0.03267980341082399,0.030418340471125127,-0.0054054387037208995,0.013539616788479147,0.002152790229983381,-0.007633561466928063,0.011523704560781,0.032085666545886626,-0.008782892846440404,-0.019073593323678306,-0.011058429100744616,0.002341932925812973,-0.007633581801562261,-0.00615388171198461,-0.0415648189843667
2025-05-13,0.030959759267608744,0.0316455303475669,0.0036900006180435874,0.010869547695102844,0.055343561871792346,0.009667094514317354,-0.0038461709600439153,0.012658246288163033,0.015543951830261138,0.012658136429100297,0.02499997044603175,0.02076682808999264,0.004672922181309547,-0.005769195825769624,0.0015479456162723615,0.017857119763748708
2025-05-14,-0.00600594513960806,-0.021472347405442904,0.0073528691443998095,-0.0040321991764211695,0.003616643637680106,0.01063824915551459,0.011583002132984799,0.00624990623702093,0.013605433335839079,0.017500112920569633,-0.005420001350439407,-0.015649436387736526,-0.009302375087732906,-0.005802733704070029,-0.03554863980931933,-0.00125314520192088
2025-05-15,0.005035257939299154,-0.009404396795174574,-0.0036495995443209805,0.0013494516951828572,-0.00900902665526604,0.00631577795450311,0.0,0.01739133098671375,0.057047061389491116,0.0036853601727213636,0.008174306779442642,0.009538903617642536,-0.01408449165365655,0.013618696898412885,0.008012814251535882,-0.011292262193497216
2025-05-16,-0.014028161875393796,-0.0253164442944549,-0.04029301884144054,-0.02156330829163411,-0.03272727928051111,-0.0010459948896455185,0.0,-0.025640963874770106,-0.039682567043204164,0.00856798701625583,-0.004054066912650978,-0.0031496524142813342,0.0047619302680677045,0.0,-0.022257576317863403,-0.029187905305782413
2025-05-19,-0.0060974993940373645,0.0,0.0038167565540843107,0.006887008979457487,0.0018797029761583595,0.0020942653274707013,0.0038168109776079984,0.011278108742213355,0.016528897599493497,0.00242718633336092,0.001356891420968953,-0.006319022997447132,0.02606630584379732,0.007677536899524107,-0.00650399587807049,0.003921607408418515
2025-05-20,0.012270004496391484,0.006493477822687277,0.019011511040162077,0.03556776640949999,0.020637879553631278,0.035527680945096396,0.007604536388959193,0.009913274130755045,0.032520336368877745,-0.003631916078927433,-0.0013550527615019403,0.006359206972552212,-0.0277135956621668,-0.003809520713911496,0.05400975413219844,0.02864581085443696
2025-05-21,-0.008080788181913934,-0.012903271221396895,-0.011194014304430677,-0.0013210121358400162,-0.01654409193310724,-0.0020181050842331683,0.003773661634699277,0.004907982885603346,0.03307086763792588,-0.027946605383232792,-0.023066419226114188,-0.030015744946796596,-0.028503530995109383,-0.001912074540756148,-0.004658361102843345,-0.022784837619258203
2025-05-22,0.0020365125099601755,0.006536022693765409,-0.007547286895346561,-0.01190483565493572,-0.013084137953950692,-0.028311508303289434,0.0,-0.0048840122371305306,0.00152438155191148,0.01625006240347271,0.009722180876519104,0.001628624704756998,-0.0073350022788521985,0.0,-0.023400917755610595,-0.0051812974226563835
2025-05-23,-0.008129936070938037,-0.006493580504225882,-0.02661590317510798,-0.008032011681953333,0.00568182953603058,-0.019771091939655427,0.0,-0.00736197432840513,-0.04109584009485345,0.0,-0.008253120970134975,-0.021138203945664236,-0.004926039194316556,-0.003831414609198669,0.0,0.026041720087103037
2025-05-26,-0.011270503605088522,-0.006535919341097762,0.0,-0.0080972158046555,0.001883242913467642,-0.023354493729608405,-0.011278245212286597,-0.007416574962886613,-0.012698403578191186,-0.015990220325340698,-0.01525660087311198,-0.016611279727705486,-0.009901042380221048,-0.0019230450181776382,-0.01277952144080996,-0.025380761403047236
2025-05-27,0.002072517650030248,0.0,0.0,0.006802763279555535,0.01127815775645824,0.022826043967142162,0.0038022983236263297,-0.009962655397769193,-0.016077207219586276,0.002500001981062594,0.0042254746030143675,0.0,0.0024999163656234114,0.0,0.0064724225540335745,0.0
2025-05-28,0.0,0.02631577852288247,-0.015625044918212372,0.010810793021299725,0.009293699076466044,-0.006376183796082957,-0.018939418042365097,0.0012579669863801435,-0.022875817637770357,-0.011221904604473698,-0.02664808445256006,-0.03209460284303167,-0.014962481111910897,-0.015414306406749012,0.025723516609800656,-0.01041666772449712
2025-05-29,-0.021716684568856337,-0.022435850327110263,0.0,-0.017379703028735594,-0.0018416243131151866,0.004278124848799747,0.015444023240287708,0.0276381276433324,0.01003345471352568,-0.013871434886846057,-0.043227580879732774,-0.0401395908320773,-0.027848052541301738,-0.005870806028217546,-0.0423197357803744,-0.04605267478765729
2025-06-02,0.004228352435581728,-0.006557348151543074,0.011904847023063159,0.03265309382146486,0.014760177206130543,0.006389764198724057,-0.011406834712585412,0.022004923145567457,0.05794702097002813,0.007672741824164442,0.0045179697966086785,0.005454483209467842,0.002604079337098719,-0.003937004690204304,-0.018003323272353433,-0.011034484390789912
2025-06-03,0.042105291374602505,0.02970289072328458,0.0,0.025032927995447984,0.018181737851799662,-0.02751320413948155,-0.0038461709600439153,0.04186599212875208,0.012519490106339903,0.01142127755600053,0.008995647129056428,0.01627489158513895,-0.0025973157208979414,0.0,-0.013333410939147083,0.016736458564367007
2025-06-04,0.008080788181914045,-0.0032050635523789284,-0.02352947850070075,0.02313622924812675,0.00535715386841229,-0.014145842495167482,0.003861021107302909,0.0,0.02163839484306429,-0.0037640685267675833,0.019316360913773867,0.024911049838851618,0.010416519363780852,0.013834012089584569,-0.005067430506203174,0.012345693541108593
2025-06-05,-0.00300604357838985,-0.016077251836235096,0.02811248049697812,-0.0050251567713822665,-0.019538114640143545,-0.006622504088975356,0.0,0.008036751515874574,0.003025762149551303,0.012594467236919815,0.029154574526030652,0.017361094155990298,0.007732000501431413,0.0,-0.0016978585860665252,0.028455247178269083
2025-06-06,0.010050273841590851,0.009803930687980467,0.0039062116646291223,0.0037879023818401247,0.0,0.014444477232944175,0.019230732893057434,0.007972677091176328,0.02111601706936983,-0.002487662465598728,0.0,0.001706509668754963,-0.010230134629432786,-0.0038986938359242274,0.0,-0.006587577511338649
2025-06-09,0.03980102177506306,0.006472566104305244,0.038910520436875595,0.011320746417558203,0.027173850713361425,0.01642932211221204,0.003773661634699277,-0.009039561456803513,-0.025110700552376963,-0.0012468343755567268,0.012747805806174517,0.013628619988842239,0.0025838928293340224,0.011741735739580594,0.005102014516351394,0.011936353378205089
2025-06-10,0.019138798069882057,0.0032153690144145486,-0.014981316837429204,0.0,-0.0017636720106898318,0.018318959952885905,0.0,0.027365967833536065,0.036363671819440224,0.002496880753984909,0.005594459628985415,0.006722721847851387,0.005154667000954349,0.00386846876142255,-0.005076116098331029,-0.005242515401575609
2025-06-11,-0.014615777425315502,0.009615393387365723,-0.02281365886192621,-0.006218866445010129,0.012367516317199456,0.0010581704085808052,0.007518710984152799,-0.028856779270714616,0.001461921077900774,0.006226704012285644,0.011126563924767296,-0.015025065579936103,-0.002564016880880038,0.00578031162524395,-0.005102014516351394,0.0158102271295697
2025-06-12,-0.014354171480411071,-0.006349178619756701,-0.02723738405463949,-0.0037547165490683376,0.003490408407692547,0.0031712414581375192,0.007462720105892551,-0.011428588607355294,0.007299287216230521,0.011138474399524867,0.011004125815445631,-0.003389880110750143,-0.012853438653045668,0.0,-0.00341882325034093,0.032425439505125775
2025-06-13,-0.0048542246435966385,-0.009584672929944915,0.004000062529526449,0.00628144596422775,-0.005217401748609185,0.011591155611751836,0.007407440451104863,-0.00578035560994794,-0.024637656998590773,-0.0024478854422977925,0.020408122444102617,0.028911590499888007,0.0,0.003831414609198669,0.0017152193392111492,-0.007537665055131648
2025-06-16,0.01951215538571116,0.0,0.01593630090007303,0.0038119190294636507,-0.010489531597718371,-0.010416703680635186,0.003676486868008366,-0.002325584952002857,-0.0237741885071292,-0.0036810328943882586,-0.03999992159062904,-0.051239645621458996,-0.005208360689583524,-0.0019083652967232245,-0.010273920052568997,-0.037974663549630416
2025-06-17,0.009569329282843597,0.0064515846011583555,0.007843059981644807,0.013924088874902596,0.0,0.01684213154128944,0.0036629037216746596,0.01864804723405511,0.02435316524849207,0.003694632959846178,-0.012500038957503623,-0.008710792738422124,0.0,-0.0038240886588692957,-0.005190284595266381,0.013157921742285694
2025-06-18,-0.018957250394366243,-0.012820456939744651,-0.015564247672403275,0.008739044119798534,-0.014134191382078387,-0.011387170524047252,-0.0036495358233249453,-0.008009165370759797,-0.01634481062601545,-0.00858891470347023,-0.032348761489386146,-0.02108966471590834,-0.007853444606541915,-0.01151630534928616,-0.02260876919182475,-0.041558444715468434
2025-06-19,0.01932357219090286,0.009740268074800218,-0.011857692444261825,-0.00990097581448035,0.001792118186744851,-0.0020941802811630383,0.0,-0.020761182356488828,-0.009063392897881606,-0.0012376736482118122,-0.005814009068257131,-0.03052060275343005,-0.015831116472830864,-0.0019417766449401075,-0.030249053158095673,0.00677502865772972
2025-06-20,-0.03317530543891256,0.0032153690144145486,0.004000062529526449,0.0,0.00894444682767781,-0.013641164116002469,0.0,-0.0023557160243878883,0.004573205966982297,-0.004956633142277456,0.016081884576051753,0.0037036854842757982,-0.010723813475295718,0.0,-0.014678863366490602,0.03903092083136861
2025-06-23,0.029411736171292446,0.028846180162096946,0.01195217512278135,0.04249997641693759,0.02659579895902575,0.027183814218807223,-0.007326039647458482,0.01652885263021009,0.009104712895376066,0.0099626474732053,0.012949681137217839,0.01660512070564213,0.02439016186248022,0.005836601950927944,0.03351956232679254,-0.04792743051816206
2025-06-24,0.019047640365093654,0.009345802679513016,0.019685046450343302,0.015587526006613395,0.01208983405165931,-0.034178595131487244,0.01107004294262981,-0.004645767840116055,0.0,0.00986437221032932,-0.00426148681837446,0.010889310209926562,-0.007936550283904165,0.0,0.009008882798092754,0.004172397997172617
2025-06-25,0.00467287342699052,0.006172812392048588,-0.0038609660302596494,-0.008264432877189032,-0.010238927961500943,-0.012557060425589572,0.0,0.0046674517372924385,0.003007441035103975,0.0,0.012838843282177548,0.025134597530135583,0.013333405046110913,0.0,0.0125001323717846,0.020775624146844418
2025-06-26,0.004651139242021207,0.012269982097403487,-0.0038760292290729303,0.009523795611267927,-0.015517272174201957,0.024277439007180268,-0.0036495358233249453,0.0,0.017991083421296183,0.004884008428150954,-0.007042239706426923,-0.015761779550591548,0.005263185829940786,0.005802672580197621,0.010581955243365915,-0.0013568314553842331
2025-06-27,-0.018518425193964516,-0.02424241320675169,-0.02723738405463949,-0.02594339486128716,0.007339449541284404,-0.0022573019377715164,-0.010989059471187668,0.013937303520348276,-0.024844755448886202,-0.002430135412240575,-0.011347517263451512,-0.028469751384412545,-0.01570688921308372,-0.013461497440953596,-0.015706839998325672,-0.021739110153428554
2025-06-30,0.023584784561065497,0.027950236133608364,0.020000109629689122,0.03631959712353772,0.023679417122040025,-0.0056561084996545885,0.0,0.0018061155953528196,0.009554176689611671,0.012180276783144484,0.02152076091666233,0.01098902907228938,0.010638354937806849,0.013645182023849012,0.0354609663933485,0.04166666666666674
2025-07-01,0.0,0.014401926218935435,0.015686219481878316,0.003504649954306771,0.003558718861210064,0.01137656408009935,-0.0037037202255524315,-0.0036057188456661837,-0.01261834436125786,0.004813481180192536,0.011236063732683599,0.027173957274228,-0.010526371659881684,0.00961540740459843,0.0017730968572351458,0.026666666666666616
2025-07-02,0.0046083858211476425,0.012345679012345734,1.9596325495641054e-07,0.06868454498456722,-0.007092198581560294,-0.0011248422092769994,0.01158301158301156,0.0012062242567765225,0.0015974806909890837,-0.0011976530934231233,0.008333251836026845,0.022927611097955714,0.03191485849981124,0.0,0.012389371959238726,0.005194825011414439
2025-07-03,-0.0045872460216234145,-0.018292682926829285,0.015747996006661547,-0.004357292213737041,-0.0071428571428571175,-0.014639673503165307,-0.003816793893129722,-0.024096362838933127,-0.019138767916072275,-0.010791327601712308,0.0,0.0,-0.007731900535040137,0.005714250974636403,-0.012237753874541513,-0.02196388299899865
2025-07-04,-0.004608271814274589,0.0,-0.007751920785752819,-0.015317298109246757,-0.003597122302158251,-0.006857125418526788,-0.003831417624521105,0.012345667093233814,0.004878036374968309,0.018181783253994777,-0.0303029495599918,-0.018965458946406222,-0.012986981585866753,-0.0037878758406969526,0.0,-0.006605020081333124
2025-07-07,0.0,-0.012422360248447228,-0.0078124825314769275,0.0033333115184672746,-0.018050541516245522,0.0057537398299249976,-0.007692307692307665,-0.009756088256835938,-0.003236258339943676,0.008333292454264729,-0.01704550762768986,-0.014059822247157627,-0.010526371659881684,0.0019011692386070589,-0.007079608939963178,-0.019946809320117387
2025-07-08,0.00925932713166211,0.012578616352201255,0.0669290810099199,-0.0011073671920353023,0.014705882352941124,0.004576676417568093,-0.007751937984496138,-0.011083781321447717,-0.008116883317944468,-0.009445014308558153,-0.011560692995274957,-0.021390270811682988,0.005319177468903424,-0.007590126683002851,0.0017824650763775818,-0.00814109225190962
2025-07-09,0.009174151591560653,0.0031055900621117516,0.033210350741454064,0.06984473822864534,-0.010869565217391353,-0.004555825876715547,0.015625,0.02490657720620182,0.026186617492241604,0.008343224478319478,0.008771957609708947,-0.00546456058449174,0.002645516761301314,0.0076481773177385914,-0.003558700325365871,-0.001367968210785886
2025-07-10,0.0,0.0,0.01428568254167173,0.0010362838589967893,0.0,-0.010297500116317693,0.0038461538461538325,0.0036452447054491355,-0.0031898047927564344,0.004728135930676558,-0.014492724368873056,-0.023809515292037564,-0.007915609406543234,0.005692565030238406,0.0,-0.016438314359482065
2025-07-11,-0.004545207150523201,-0.006191950464396245,-0.024647833325694757,-0.02070390416024781,-0.012820512820512775,-0.002312103447886571,0.0,0.0,0.011200012207031262,0.0,0.049999965862796314,0.026266435073940997,0.002659588734451601,0.013207566744683374,-0.0017857617685848037,0.013927576009699294
2025-07-14,0.013698558953124218,0.015576323987538832,0.007220200388817322,0.04439743064239132,0.0037105751391466324,0.009269935041410049,-0.007662835249042099,0.01089592079894075,-0.0015823146773915608,-0.01176471465660911,0.02130681772000531,0.010968867729414189,0.0026525340846823564,-0.013035400818331655,-0.01252235341741903,-0.001373710155541108
2025-07-15,0.018018037093185946,-0.0030674846625766694,0.010752664193038663,0.01214573164021937,0.007393715341959428,-0.002296176254258042,0.007722007722007707,0.010778385687459036,0.006339168550740348,0.00476190835566892,-0.015299004878674083,0.00361668966862827,-0.005291033522602739,-0.0056603431587138875,-0.003623169609966004,0.0
2025-07-16,0.0,0.009230769230769154,-0.01418436586775107,-0.001999966500545791,-0.0055045871559632475,0.0023014608139291237,0.0,-0.0035544527484420163,-0.0062992366280142376,-0.0035545519841139184,0.06638413482561978,0.05405407117513428,0.023936195453260645,0.005692565030238406,-0.0018181145016441524,0.05089415038450262
2025-07-17,0.022123779979251745,0.009146341463414531,0.014388457006199395,0.02004005120810204,0.009225092250922495,-0.002296176254258042,-0.011494252873563204,-0.004756237924595341,-0.00792393046102946,0.0035672318953252624,0.027814549326107274,0.005128146569834513,-0.012986981585866753,-0.0056603431587138875,0.010928904109811288,0.018324626936096156
2025-07-18,-0.004328982538631676,-0.0030211480362537513,0.01063827440081333,0.011787802557968519,0.0,0.0011507304069644508,0.0,-0.007168451748962079,-0.004792320197652522,0.0011848819577779945,0.0025773786284728484,0.01360544262881902,0.010526371659881573,0.007590066718975219,-0.005405434534723197,0.002570654760889024
2025-07-21,-0.017391216426763556,-0.018181818181818188,0.0035087642698274912,-0.0038834301420990203,-0.04021937842778789,-0.011494252873563204,0.011627906976744207,-0.007220303577224474,-0.009630794245085172,0.010650848176062766,0.001285327380444512,-0.010309252673237679,0.002604079337098719,0.0,-0.010869508829898011,-0.003846192971253992
2025-07-22,0.013274267987551047,0.024691358024691468,0.0,0.013645174280321637,0.007619047619047636,0.020930268043695577,-0.003831417624521105,0.01575760896260814,0.016207455229087397,0.004683844226316181,0.032092425558804205,0.09895834920031099,0.038961045502944325,0.007533070106352069,0.0402930620657278,0.024453045051527456
2025-07-23,0.0,0.04819277108433728,0.0,-0.0038460894059746398,0.017013232514177634,-0.009111651753431205,-0.0038461538461538325,-0.00238663261768568,-0.001594932816611161,-0.0011655482052543853,-0.022388097233784654,0.023696743013845945,-0.0010168000857191384,-0.009345874989116876,-0.014084544912811414,0.0075376694173701075
2025-07-24,0.0,0.002873563218390718,0.0,-0.0019305286834349067,-0.0018587360594795044,0.0,-0.0038610038610038533,-0.0023923422597554866,0.0,-0.002333724121242664,-0.001272245242524006,0.038580245096642596,0.0,-0.0037735819806794524,0.0053571716715343776,-0.018703242606954662
2025-07-25,0.0,0.008595988538681931,-0.02097897533987525,0.009671195492867435,0.013035381750465591,0.0,0.003875968992248069,-0.0071942378585222455,-0.011182060148636652,0.0,0.02038214616714762,0.0995541849097612,-0.012722646557420059,-0.005681783835814858,0.0017761330845194045,0.026683687229323683
2025-07-28,-0.008733688141552176,-0.025568181818181768,-0.028571453966662497,0.005747088608785145,-0.016544117647058876,-0.016091971561826512,-0.0038610038610038533,-0.009661826623574066,-0.009693090048915609,-0.0023390904480435903,-0.031210986861725187,-0.031081122321051535,-0.010309219563065741,-0.007619041427822992,-0.010638242658487673,-0.025990173566830532
2025-07-29,0.017621166019098577,0.0,0.014705941557229485,0.009523825105856698,0.009345794392523255,-0.005841121599449162,0.003875968992248069,0.007317066192626953,0.003262655227221245,0.004689242138874894,0.09922686506501166,0.07949797517775847,0.031249919285380123,0.007677536899524107,0.010752631764414877,0.09911058899897496
2025-07-30,0.00432908963599532,0.03790087463556846,-0.007246450647661162,0.06981136443881075,0.042592592592592515,-0.02350176305359397,-0.0038610038610038533,-0.0024213052136878854,-0.009756072749936506,-0.005834264070607054,0.0,0.05813953373754677,-0.017676691293299962,0.009861932938856066,-0.021276598145283154,0.012716745365561888
2025-07-31,-0.021551827096565,0.011235955056179803,-0.02919701664490082,0.04585536506624255,-0.001776198934280604,-0.00842354947166668,0.015503875968992276,0.01941745730010025,0.02627255228296166,0.008216015058307491,-0.1125440300124092,-0.08058606045368166,-0.015424222757914219,0.01171875,-0.003623169609966004,-0.10045657049826306
2025-08-04,0.013215901760460058,0.02499999999999991,0.007518780109223577,0.06576726562473323,0.02491103202846978,0.004854387360093471,0.007633587786259444,0.0,0.004799987792968752,-0.002328382568384968,-0.01056797165936818,-0.022576421098790878,0.005221952138994457,0.0038610038610038533,0.0018182302019433827,-0.01015232259867238
2025-08-05,-0.021739128096456506,0.008130081300812941,-0.014925432733078225,-0.017405110755691844,0.0017361111111111605,-0.016908230365689447,0.0037878787878788955,0.0047619003287247,-0.0015923324098080505,0.0035006324143638246,0.025367176063707086,0.013586956803424588,-0.0025973629641842244,-0.007692307692307665,0.0054445597422718706,0.012820512820512775
2025-08-06,0.048888861522736526,0.045698924731182755,0.02651518829480959,0.003220656781607767,0.0017331022530329143,-0.007370988487393815,0.0,0.004739332101632021,0.0031898047927563233,-0.0193237444993265,-0.0052083529945868845,-0.004021386441011132,0.0,0.005813953488372103,0.014440473436452939,0.008860720863825167
2025-08-07,-0.004237266814572482,0.0,-0.003690028767365461,0.022471926710455614,0.00519031141868509,0.0024752096619857777,0.01132075471698113,0.004716976782145776,0.004769463112606065,0.0,-0.01701574641091419,-0.009421326364537186,-0.002604226167828738,-0.003853564547206201,-0.01601420807906162,-0.015056424017449777
2025-08-08,0.004255297646074352,0.01799485861182526,0.003703695510344218,0.0015697841686428404,-0.0017211703958691649,-0.0024690981264468004,0.003731343283582156,0.011737078428925019,0.01107596130520827,0.006157635699404196,0.02396808373275916,0.0828804157688392,0.010443904277988914,-0.007736943907156624,0.0,0.014012719415555264
2025-08-11,0.0,-0.005050505050505083,0.00369002876736535,0.006269679900702263,-0.024137931034482807,0.006188118578160484,0.0037174721189590088,0.005800504135279105,-0.004694883326979538,0.01591191065259623,0.03250975228080688,0.03889593754349563,0.007751918117475443,-0.0019493177387914784,0.005424983924354088,0.04145732556553616
2025-08-12,0.016949172086641928,0.0076142131979695105,0.007352925029846524,0.05140181690938084,-0.04063604240282681,0.0024599869709089894,-0.0037037037037036535,0.00807385521467796,0.0015723630694590707,0.01084339187805905,-0.010075604992237475,0.028985432464104566,0.007692288129757641,0.0078125,0.00899281563612031,-0.001206254189149547
2025-08-13,-0.0208333311858081,0.005037783375314797,0.014598599152123137,-0.00740741952677737,-0.0036832412523020164,0.001226975142590181,0.0,0.016018290870509322,0.014128692314007818,0.020262180182652578,0.0,-0.019953016539130952,0.010178156072372158,-0.005813953488372103,-0.0017825785080356482,0.0
2025-08-14,0.004255297646074352,0.03759398496240607,-0.014388546528965152,0.023880654692624903,0.0,0.009803959150949337,0.0037174721189590088,0.0,0.0015479640322462185,-0.011682243198898212,0.011450401314896164,0.028742533244058732,0.03274557209263618,-0.005847953216374324,-0.003571409902949574,0.013285005236455039
2025-08-15,0.0,0.01449275362318847,0.029197107474573603,0.0029154028737605753,-0.00554528650646946,-0.019417456850636006,0.014814814814814836,0.0022522500704735826,-0.004636714629264516,0.010638316100610945,0.01635223964475241,0.07683350822913226,-0.004878067388767171,0.0039215686274509665,0.00537637290296189,-0.011918950915531856
2025-08-18,0.004237371642924481,-0.00952380952380949,-0.01418436586775107,-0.0392441969344961,-0.0037174721189591198,0.016089051649299302,0.007299270072992803,-0.010112393709944878,-0.003105661069842447,-0.011695906432748537,-0.0297029880598092,-0.08864861565667226,-0.009803865653465582,0.0,0.0,-0.0156815805528302
2025-08-19,-0.04219419016587567,-0.03605769230769229,-0.025179889283614698,-0.05446295067456797,-0.03171641791044777,0.020706511683707074,-0.010869565217391353,-0.013620872662549077,-0.017133933433173043,-0.010650905631703012,-0.028061282331869886,-0.033214744370041016,-0.0024753040851818175,0.0,-0.0035651570160712964,-0.03063725547486207
2025-08-20,0.013215901760460058,0.027431421446383997,0.007380057534730922,0.036800022146452616,-0.0019267822736031004,-0.011933173789771434,0.0073260073260073,0.016110456583973143,0.022187029472799047,-0.005980861353182654,0.06430448454226534,0.038036791093510436,0.009925596363561606,0.005859375,0.017889108835600576,0.0847029672172337
2025-08-21,-0.013043519883074728,-0.016990291262135915,0.0,0.02469141763964844,-0.0019305019305019266,-0.0193237444993265,-0.010909090909090868,-0.004530007112509726,-0.010852725006813224,-0.01203369456512593,-0.006165228229437658,-0.028368812874305926,-0.009828047134661011,-0.009708737864077666,-0.008787356442031546,0.012820494580373598
2025-08-22,0.03083695879501458,0.024691358024691468,0.03296705200093686,0.01807226243824611,0.03675048355899424,-0.0012315083482680178,-0.003676470588235281,0.019340185688486722,0.012539173144626492,-0.001218008233612955,-0.007444149943920175,0.0352798252256008,0.012406948125700978,-0.0019607843137254832,0.014184436372957965,-0.00690447023688967
2025-08-25,0.004273588762603531,0.0072289156626506035,-0.007092182933875479,0.01331361282399457,-0.011194029850746245,0.03082614114718818,-0.014760147601476037,-0.02790180256599739,-0.018575804591124068,-0.023170750315596456,0.018750000000000044,0.04347831544041547,-0.01470584522894025,-0.00982318271119842,-0.019230724302769397,-0.013905035170358238
2025-08-26,0.012765998212650675,-0.004784688995215336,0.0,0.051094883319330764,0.015094339622641506,-0.02033489209654027,0.0037453183520599342,-0.016073463607173433,-0.01261834436125786,0.004993776947550543,-0.018404907975460127,0.010135066053542863,0.00995019163159827,-0.001984126984126977,-0.014260287769310875,-0.01645125206793796
2025-08-27,-0.025210059575393462,-0.009615384615384581,-0.010714261906253908,-0.015277819556464567,-0.01115241635687736,-0.008547064280768457,-0.007462686567164201,-0.0058343457526477405,-0.004792320197652522,0.002484434139654601,-0.022500038146972656,-0.04124857384752334,-0.007389144047672103,-0.003976143141153132,0.007233235184054054,-0.026284313362670786
2025-08-28,0.0,-0.012135922330097082,-0.010830390429177994,0.002820913772528577,-0.013157894736842146,-0.0024630166965359246,-0.003759398496240629,-0.015258156064822614,-0.012841079403812405,-0.00743492561103698,-0.0038362587477061005,0.004651180533475685,-0.002481351762139372,0.015968063872255467,-0.010771936823647854,-0.014723888935486928
2025-08-29,0.004310322765021857,-0.02457002457002455,-0.007299254161225233,-0.03234882246323656,-0.024761904761904763,0.006172839506172867,0.01132075471698113,0.00715136368046787,0.01788615405074956,0.0187265921170352,-0.003851130242380707,-0.01620372107817114,-0.007462667446939908,-0.011787819253438081,0.007259489983236556,-0.00747205579966026
2025-09-01,-0.0042918236199691595,0.0,0.0,-0.004360436600129303,-0.009765625,0.003681019039973199,0.00746268656716409,0.02721886218877745,0.01437702153061493,0.007352922614470181,-0.019329897287307718,-0.061176434685202175,-0.01002510051583505,0.001988071570576455,0.0018018497308920356,-0.010037584102830066
2025-09-02,0.0,0.010075566750629816,0.02573532910199927,-0.007299281841095073,0.0,0.0,-0.007407407407407418,-0.009216581558187942,0.0,0.0,-0.007884342787800813,-0.01503765077375252,-0.0025316069397745,0.001984126984126977,-0.0017986089079153889,-0.0038023199740929714
2025-09-03,0.0,0.012468827930174564,-0.007168442795359109,0.016176424678652213,0.013806706114398493,0.02689482721473957,0.00746268656716409,0.005813993667513451,0.009448794868048616,0.0,0.013245033112582849,-0.010178059006281992,0.007614193539142278,0.0,0.007207169607662323,0.007633568521234091
2025-09-04,0.017241291060087205,0.009852216748768461,0.03610109179003862,0.050651314651551926,0.005836575875486361,-0.01904760088239399,-0.0037037037037036535,0.005780386536792914,0.007800312198164239,0.003649672298001505,-0.011764725828482425,-0.011568142552387362,-0.015113407488356323,0.0,0.005366755418181546,-0.0037878211353887803
2025-09-05,0.0,-0.007317073170731714,-0.0034843994171682713,0.0,0.005802707930367523,0.009708682130449064,0.0,-0.011494331395139779,-0.012383889411096916,-0.009697006687973464,0.009259319996895776,-0.0013003702488542102,0.0,0.001980198019801982,0.01601420807906151,0.003802223277079131
2025-09-08,0.016949172086641928,0.019656019656019597,0.05594410827694318,0.07988973126644239,0.009615384615384581,-0.003605714343353994,0.0074349442379182396,0.004651158561314261,0.004702182455298187,0.013463967498217766,0.0,0.006510416407965902,-0.00255750583180403,0.0019762845849802257,0.007005329082964806,0.01893939466917227
2025-09-09,0.020833331185808213,0.012048192771084265,-0.013245086050412969,0.06760204341161913,0.040000000000000036,-0.004825108787893551,0.0,0.013888966828710991,0.01248054712639024,0.003623132986791733,0.0,-0.011642968827262457,-0.0025640634390023953,0.00591715976331364,0.006956485169963944,-0.009913202634646567
2025-09-10,0.012245038091242222,0.021428571428571352,-0.006711394822967565,-0.007168412014801562,-0.01098901098901095,-0.008484811493844724,-0.0073800738007380184,-0.00799090436847949,-0.0077041600653988684,-0.001203351094551941,-0.01834864311773643,-0.020942387986459976,-0.015424222757914219,-0.007843137254901933,0.0,-0.027534474788766472
2025-09-11,0.01612894859174463,0.013986013986013957,0.003378370993076807,0.007220169162172496,0.014814814814814836,0.006112469209611504,0.0074349442379182396,0.01841195038168353,0.01708072124313631,0.0012048008930252152,0.006675567287234951,0.006684491705889695,0.010443904277988914,0.0019762845849802257,0.04317794227180616,0.0025740615893452556
2025-09-12,-0.0039682337104207654,-0.006896551724137945,0.0,-0.0011946864673719748,0.007299270072992803,-0.0012151409454107531,-0.0036900369003689537,0.003389871544872358,-0.0015266942613907375,-0.002406702189103771,0.0013262396829896161,-0.003984104111544373,-0.005167978268646012,-0.007889546351084853,-0.008278154765767876,-0.003851130242380707
2025-09-15,0.023999965305577575,-0.0023148148148147696,0.03367004410923169,0.0059807974225318805,-0.009057971014492794,-0.0012165264943264642,-0.007407407407407418,0.0,0.010703317001685253,-0.004825108787893551,-0.0066225165562914245,-0.020000000000000018,-0.0025973629641842244,-0.005964214711729587,-0.011686135236934736,-0.007731939251534703
2025-09-16,-0.011718685329601297,-0.016241299303944357,-0.016286609303127197,-0.005945240145592834,-0.001828153564899404,0.009744251725047004,0.003731343283582156,-0.0011261690674962965,-0.006051460440434253,0.0,-0.002666625976562531,0.025850360896311653,0.0,0.0,-0.0033784680759489927,0.009090869457690776
2025-09-17,0.015810220860597468,0.014150943396226356,0.0,0.06698562100137417,0.023809523809523725,0.00844387135534208,-0.0037174721189591198,-0.004509578688974281,-0.010654444151552034,0.0048485033439866765,-0.0013369799389770787,-0.02122013848463833,0.007812479821345031,0.0020000000000000018,0.0016949604076015312,-0.0012869816994678374
2025-09-18,-0.01556414823942509,-0.0046511627906976605,-0.0463575951555083,-0.004484298455425861,0.005366726296958779,0.03468901410059977,0.0,-0.005662464609042628,0.007692307692307665,0.007237617166192534,0.028112532654729128,0.06368559287112707,0.0025839398488296528,-0.009980039920159722,-0.021996662545634815,0.0025773786284728484
2025-09-19,0.02371537998837492,0.009345794392523255,-0.024305587360831882,0.021396417170887805,0.0,-0.004624295096866016,-0.003731343283582045,0.009111608385031111,0.007633587786259444,-0.0035928509192552083,0.006510416407965902,0.03312099967033233,0.0025773786284728484,0.006048387096774244,0.015571018827642114,0.007712062346860504
2025-09-22,0.03474903217771841,0.02314814814814814,-0.02135235445650585,-0.015435512766431292,0.019572953736654908,0.019744536675545765,0.0,-0.002257334151475332,0.003030256791548336,0.0024039012616927646,-0.0012937399685309936,-0.018495684688312863,0.0,0.002004008016031955,-0.008517896982587647,0.0012754907165160034
2025-09-23,0.0,0.009049773755656076,-0.03272720164412035,-0.0022396727403768413,-0.010471204188481686,0.021640020847884633,0.0074906367041198685,0.0067873237120383845,-0.0030211020764631114,0.005995203727242826,-0.01424868546119984,-0.030150773516147478,-0.005141407585971369,0.0,0.01890029911806268,-0.006369426751592355
2025-09-24,-0.014925412930877124,0.03139013452914807,0.011278170163835366,-0.007856312749157213,0.005291005291005346,-0.012263082625920352,-0.0074349442379182396,-0.009550574533476519,-0.004545500784209233,0.0,0.022339088196103418,0.05958557364451256,0.015503836234951107,-0.008000000000000007,0.005059049247715386,0.029487218612279653
2025-09-25,-0.015151556163157665,-0.04565217391304344,-0.026022339569937714,-0.040723991950092575,0.0,0.01241533287884189,0.0074906367041198685,0.005813953488372103,-0.009132397290577798,0.0011918769046774802,-0.012853469932831874,-0.031784914505082695,-0.005089078036186079,0.010080645161290258,-0.013422855337522077,0.0
2025-09-26,0.0038462591897627796,-0.015945330296127547,0.003816785554329627,0.007075497635543826,0.01754385964912286,0.01560759836688419,-0.0074349442379182396,0.02080928383535041,0.007680491731482331,0.011904761904761862,0.003906190240137164,-0.0037878211353887803,-0.007672615058005872,-0.009980039920159722,0.008503411299397579,0.011207893677217973
2025-09-30,0.015325616601374437,0.01388888888888884,-0.022813638559880944,0.019906311828025824,-0.012068965517241348,-0.028540049590227823,0.0074906367041198685,-0.010192542409668603,-0.004573101057031681,-0.004705900304457722,-0.007782081530422924,0.0,-0.005154658940003776,0.0,-0.015177040432581723,0.0024631106546002535
2025-10-01,0.030188760650691426,0.029680365296803624,-0.003891041917234661,0.026406373184095555,0.02617801047120416,-0.010169508766993296,-0.01115241635687736,0.0,-0.004594227224155367,-0.0059101655912316975,-0.019607843137254943,-0.020278814235463627,-0.0051812682939942345,0.0,-0.005137013915615385,-0.02211305918938533
2025-10-02,0.025641002497488463,0.0044345898004434225,0.031249930125907488,0.05369133688781136,0.020408163265306145,0.0011415351125905193,0.0,-0.010297500116317693,0.0,-0.005945303318333095,-0.02266662597656255,-0.002587381238559616,-0.010416705989173769,0.0,-0.008605861970617856,-0.035175822563283
2025-10-03,0.024999977999174527,0.008830022075055233,0.003787964845137104,0.047770646913445125,0.02833333333333332,0.01026227545264402,0.0,0.004624295096866016,0.003076876126802963,0.0011961540184961539,0.023192317564322718,0.07522701902133777,-0.002631538792660315,-0.006048387096774244,0.006944518863462701,0.057291584917243954
2025-10-07,-0.013937233468042765,-0.015317286652078765,0.007547152800402079,-0.006078987677480718,-0.008103727714748765,0.014672720927162652,0.003759398496240518,0.011507479659850217,0.001533836015284118,0.00238954103857858,0.03333333333333344,0.00844387135534208,0.002638482060556502,-0.0020283975659228792,0.0017240739932093962,0.034482797499888695
2025-10-08,0.017667890673358055,-0.015555555555555545,0.007490619947091659,0.018348628443495052,-0.02614379084967322,0.015572875440673872,-0.0037453183520599342,0.021615489111448172,0.01684530509515003,0.0011918769046774802,0.010322620022681361,0.019138738078044115,0.0,0.0060975609756097615,0.0034423228828548424,0.0023809160505021687
2025-10-09,-0.017361155672965034,-0.038374717832957095,-0.022304875705368432,0.031030970414509973,-0.011744966442952975,-0.004381177574026451,-0.003759398496240629,-0.022271714165168377,-0.016566241699442985,-0.008333297002883211,-0.02426566349713888,-0.01643185383369028,0.0,-0.012121212121212088,-0.013722055784791354,-0.030878842854582422
2025-10-13,0.007066982128538735,-0.032863849765258246,-0.0076045461866269815,-0.036893182022876725,-0.035653650254668934,-0.01320137026945023,0.0,0.004555738981564472,0.0030627402587357633,0.0108042480613737,-0.02225136837282493,-0.0405728090938009,-0.007894716764751286,-0.006134969325153339,-0.001739176627413963,0.0
2025-10-14,0.028070166640973726,0.0024271844660195274,0.007662818443399555,0.023185497275763467,0.007042253521126751,-0.007803756656157845,-0.007547169811320753,0.015873033722443974,0.013740481311128372,-0.0023752607540488135,-0.009370776129043246,0.007462667446939797,-0.00795753928353915,-0.012345679012345734,-0.01045290720684866,0.008578487631451637
2025-10-15,0.013651999119318026,0.07990314769975781,0.01140691390857329,0.009852232828424734,0.019230769230769162,0.008988798334357506,0.0038022813688212143,0.0022321939848524153,-0.009036121390558205,-0.0035714649018787625,0.012162182782147424,0.023456808961467956,0.005347511766912616,-0.002083333333333326,0.0088028265662905,0.04252733742669346
2025-10-16,-0.023569086142765205,0.015695067264573925,0.0,-0.02536584676758258,-0.010291595197255532,0.018930923056454274,0.007575757575757569,-0.003340791108714103,-0.009118633369115003,-0.007168440812394761,0.03871831063817699,0.012062725954086195,0.013297872880078332,0.006263048016701411,0.00872590193122158,0.019813483540515486
2025-10-17,0.02068971142756104,0.052980132450331174,0.007518780109223577,0.016015992654679234,0.02772963604852685,0.007650239871499265,0.0,-0.004469290791943137,0.001533836015284118,0.004813496188011079,-0.0012854254446377222,0.0023837538093547384,-0.007873996038722075,0.012448132780082943,-0.013840758830645505,0.002285679408482233
2025-10-20,0.0,0.002096436058700135,0.0,0.004926116414212256,-0.018549747048903886,-0.014099733897963707,0.0,0.016835017123324247,0.0061254805174715266,0.0011975865164202126,-0.01029595178615228,-0.0035671275601223407,-0.0079364879131113,0.004098360655737654,0.008771939617599589,-0.007981721466367886
2025-10-21,-0.013513466265574592,0.014644351464435212,-0.007462669934954924,0.0,-0.005154639175257714,0.0011000932061879798,0.003759398496240518,0.011037527779712342,0.0,-0.0011961540184961539,0.013003900912322841,0.010739783576481532,0.00266662597656242,0.010204081632652962,0.01217390438235988,0.02183909799860806
2025-10-22,-0.006849417372948419,-0.014432989690721598,-0.026315823943668604,-0.009803937491026149,0.013816925734024155,-0.002197768662002053,0.0037453183520599342,0.0032751425409964785,0.0,-0.004790437435675532,0.032092425558804205,0.02479346138346239,0.005319169442975058,0.002020202020202033,0.0,0.046119217140030866
2025-10-23,0.02068971142756104,0.03138075313807542,0.030888058713342437,0.059405977282746436,0.054514480408858645,0.004405218976219372,-0.014925373134328401,0.002176245320146819,0.0,-0.00842354947166668,-0.004975143262281545,-0.009216624696208542,0.0026455632496498183,-0.008064516129032251,-0.005154666791750251,-0.015053779848160254
2025-10-27,-0.003378387377985792,0.014198782961460488,-0.014981333105152927,0.004672904698753699,-0.017770597738287597,0.008771963580347819,0.0,-0.013029283041512407,-0.013698537873500727,-0.006067961052682369,-0.007499980926513716,-0.01860463342001273,0.0,-0.008130081300813052,-0.005181375053674997,-0.005458515374771156
2025-10-28,0.02033895388663831,0.040000000000000036,-0.011406819279940472,-0.013953510670684177,0.013157894736842035,-0.008695685345193604,0.0,0.009901006719154726,0.0,-0.0061050059912637344,-0.013853884798258775,-0.005924170509009841,-0.010554129545503499,-0.002049180327868827,0.0,-0.006586152405826162
2025-10-29,0.0,0.007692307692307665,0.007692290757142395,-0.04716982988649454,-0.00649350649350644,0.005482456323806284,-0.0037878787878787845,0.006535930873366125,-0.0030864902502700797,0.006142506027362105,0.0012771196707999088,0.0,0.0,-0.010266940451745366,-0.015624974106784872,0.006629817393603243
2025-10-30,-0.0033222681112853314,-0.01717557251908397,0.0,-0.014851448760554886,-0.017973856209150374,0.011995704908654536,-0.0038022813688213253,-0.012987062314069653,-0.00928790229556209,-0.013430994549780473,-0.028061282331869886,-0.010727074010854487,-0.00799997965494792,-0.010373443983402453,-0.001763715341843164,-0.018660779107752767
2025-10-31,0.006666766873100194,-0.023300970873786353,-0.007633571108659365,-0.012060345508001391,-0.009983361064891838,0.025862002344394508,0.003816793893129722,0.008771963580347819,-0.0015624761581420898,0.0,-0.01049862801053214,-0.003614494599491702,-0.013440859939393479,-0.010482180293501009,0.012367595848783441,-0.017897074349131126
2025-11-03,-0.003311348516167656,-0.02982107355864816,0.011538436135713592,-0.008138340427672586,-0.03361344537815125,-0.004201616694398003,-0.0038022813688213253,0.005434782608695565,0.010954568568495082,0.006188118578160484,-0.0013262396829895051,0.0,-0.010899223911810862,-0.006355932203389814,0.0122163959710615,0.013667390734995788
2025-11-04,-0.029900249274484314,0.012295081967213184,0.01140691390857329,-0.008205116458661954,0.006956521739130528,-0.00632917810338085,0.007633587786259444,-0.020540557036528684,-0.007739938263315871,0.003689980456363484,-0.021248420168268112,-0.008464292310437216,-0.0027547789593064254,0.021321961620469176,-0.0034483674180076918,0.012359533417090951
2025-11-05,0.0034244977196598025,0.004048582995951344,-0.030075213998280392,0.011375355515549357,0.012089810017271052,-0.02760083395278301,-0.0037878787878787845,0.013245083861447071,0.009360350833133468,-0.008578394133967882,0.013568521593050775,0.015853695753144104,0.008287271567344101,-0.01670146137787054,0.010380679218428002,0.062153147269248255
2025-11-06,-0.0034128105576872736,-0.016129032258064502,-0.02325585881977532,-0.013292430458839877,-0.020477815699658675,-0.01746723254120064,0.0076045627376426506,-0.014161252816351833,-0.01854709435615809,-0.0037083194820688448,0.03346720350915389,0.021608587712114158,-0.0027396842224957085,0.002123142250530785,-0.0017123742933119468,0.04493211273646547
2025-11-07,0.01027391509260811,0.02254098360655732,-0.007936490692829756,0.017616634864151992,0.015679442508710784,0.004444461398654509,0.0037735849056603765,0.0011049555151501078,0.004724397434024308,0.003722122300711117,0.010362734240704219,0.01645125206793807,-0.002747315511711257,0.0021186440677967155,0.006861137043623788,0.038000030517578054
2025-11-10,-0.00677976266696001,-0.012024048096192397,-0.007999982479319656,-0.010183315676787985,0.0,0.0011061777924026295,-0.007518796992481258,0.004415027953815764,0.015674041170150588,-0.004944394540597807,0.023076962202023266,0.04739882629041725,0.0,0.00634249471458781,-0.018739416724664615,0.011560663901366564
2025-11-11,0.006826041609024003,0.018255578093306246,0.004032249162310597,-0.005144041234135588,-0.012006861063464824,-0.0055248618784530246,0.0,0.007692274156507528,0.0015431862563528576,-0.0012422170698273005,0.03634077425540272,0.09933775001741041,0.0,0.006302521008403339,0.005208361528167504,0.05333331880115333
2025-11-12,-0.0101694351790389,0.003984063745019917,0.0,-0.009307137898220907,-0.01041666666666663,-0.012222205268012099,-0.0037878787878787845,0.02508182255508684,0.015408320130797737,-0.004975143262281545,0.03143901087617751,0.08032128637108982,-0.005509663006693977,-0.01043841336116913,-0.008635588454361187,-0.0054249410705143886
2025-11-13,-0.020547998958667768,-0.04365079365079361,-0.012048166278547545,-0.037578297994296905,-0.019298245614035037,-0.006749139075621247,0.0,-0.007446776045129666,0.0015174274932576726,-0.002499961853027366,-0.0023447194663681614,0.03345723536405942,-0.0027700409514637148,-0.006329113924050667,0.024390227678635856,-0.03272725885564631
2025-11-14,0.010489452348543038,-0.020746887966805017,0.0,-0.006507616152793272,-0.012522361359570633,-0.006795085875183071,0.0038022813688212143,-0.016077169892136922,-0.010606014367305905,-0.008771986852966651,0.01292595174905431,0.016187078247813513,-0.002777735392252567,0.006369426751592355,0.022108891023047805,0.03195490110074806
2025-11-17,-0.027681565901050087,-0.025423728813559365,-0.048780480402341064,-0.019650593890986,-0.021739130434782594,0.007981808460607365,-0.007575757575757569,-0.025054498641585488,-0.0076569674828911305,-0.003792609711129491,-0.03712293574863568,0.014159278532045017,-0.01114210331134835,-0.002109704641350185,-0.01331118420272448,-0.014572004180741338
2025-11-18,-0.007117544136411413,-0.004347826086956497,-0.008546989457450915,-0.004454404764483111,-0.011111111111111072,0.003393613316572841,-0.003816793893129722,-0.015642475149485024,-0.009259353013245764,-0.011421338718575424,-0.0349397774202278,-0.061082025246106175,-0.002816858425946256,-0.0021141649048626032,0.011804376704293018,-0.01109054512095975
2025-11-19,0.04301087044648466,0.03275109170305668,0.021551675587665464,0.06711413679527212,0.02621722846441954,0.006764443338884707,0.011494252873563315,0.013620937553014967,0.007788162363981055,0.017971777900592345,0.031210986861725187,0.05204459622244273,0.0028248155313777,-0.008474576271186418,0.011666659065799667,0.050467303980176625
2025-11-20,-0.04810992256991797,-0.04862579281183932,-0.03375530483408551,-0.061844886787150055,-0.014598540145985384,0.007838711358570505,-0.0037878787878787845,-0.006718993090827352,-0.01700152281306988,-0.0037831404818736702,-0.03147697968705998,-0.0724381375380374,-0.005633824308153623,-0.004273504273504258,0.0230642355587225,-0.0569395145818159
2025-11-21,-0.0072203241891490855,-0.022222222222222254,0.004366802735519704,-0.0022345994166746985,0.007407407407407307,0.034444427490234464,0.0038022813688212143,0.03720409430998539,0.029874238545021692,0.0215189487119265,0.012499999999999956,0.04380950927734384,0.02266286839521081,-0.008583690987124415,-0.004830841639123062,0.04716981132075482
2025-11-24,0.029090987290210535,-0.004545454545454519,0.03043482495009009,0.019036943469871392,0.011029411764705843,-0.031149318726197528,-0.007575757575757569,0.009782625281292479,-0.006106893524868817,-0.019826499809501463,-0.03950613516348378,-0.04379557928093092,-0.01385041609789639,0.015151515151515138,-0.02589003761682407,-0.06126128875457493
2025-11-25,0.017667890673358055,0.0365296803652968,0.09704640951439458,0.038461533275206294,0.016363636363636358,0.00776058316319439,0.0,0.0032292294664786336,0.010752758741077173,0.0189633379132208,0.015424124693721009,-0.024809217822556295,0.019662943621986617,0.006396588486140775,0.004983415745454245,-0.036468287271167577
2025-11-26,-0.003472316693352462,0.017621145374449254,0.030769258749069106,-0.0031745823573182674,0.007155635062611854,0.011001099925342706,0.0,0.007510778975942101,0.0,0.006203474062850489,0.05189871486229225,0.0998043530549455,0.0027548840473876623,0.012711864406779627,-0.00495870445957336,0.0358565579622343
2025-11-27,0.003484415688112863,-0.023809523809523836,0.04104477750542035,-0.010615728261637702,0.001776198934280604,-0.0032644509986577974,-0.003816793893129722,-0.013844547717068223,-0.02431620105332022,-0.01109742962777116,0.0024067939989071974,0.04982204980514848,0.002747210712340298,0.0020920502092049986,0.013289073419125996,0.005769216097318175
2025-11-28,-0.020833472366317385,-0.01552106430155209,0.03584230317869164,0.04399143488573132,0.01773049645390068,0.015283859707426073,-0.003831417624521105,-0.008639259563128943,0.009345889907118599,0.004987550387776762,0.00600240074048175,0.03559319447662879,0.019178103094231513,0.0020876826722338038,-0.0344262064209967,0.001912089680251805
2025-12-01,0.014184435585167465,0.0,-0.020761285305668453,0.01644396355894595,0.005226480836237002,0.015053779848160254,0.0,0.0032679238822479473,0.027777705827044086,-0.002481351762139372,0.0369928205397132,0.05400987126301704,0.01344085993939359,-0.01666666666666672,0.0,0.02862595336489049
2025-12-02,0.013985965183751059,0.022522522522522515,-0.010600683407837042,0.008088967099263211,0.013864818024263537,0.0063559159366815,0.0,0.010857763480647487,0.015015015359025385,-0.002487619077623293,0.009205931050818794,0.05124216372940915,0.01061001864951816,-0.0021186440677966045,-0.005093405938640827,-0.011131767566468054
2025-12-03,-0.0034482852379268403,0.0066079295154184425,0.0035714206354180433,0.0020060459534554376,0.006837606837606813,0.010526315789473717,-0.0038461538461538325,0.017185805589092995,0.020710082211242264,0.011221964590095057,-0.023945251393343248,-0.06351544484781446,-0.007873996038722075,0.006369426751592355,0.0034129514933902705,0.0018762155769191935
2025-12-04,0.010380736422657577,0.010940919037199182,0.014234843926331342,-0.02002005223407377,0.01018675721561979,0.018750031789143806,0.0038610038610038533,0.002111980824519355,-0.004347870315330571,0.007398255060541814,-0.015186862681502267,0.0,-0.010581950244841987,0.006329113924050667,0.0,-0.03558055190238374
2025-12-05,0.02397258106505329,0.0043290043290042934,0.010526380133448532,0.0,0.0,0.008179912038856596,-0.0038461538461538325,0.006322428498143573,0.004366856842567657,-0.007343922846180795,-0.0059311978873003435,0.0,-0.005347613764161596,-0.023060796645702264,0.010204136848505296,0.0
2025-12-08,-0.010033471275810668,0.012931034482758674,-0.01388894409804775,-0.008171592026546715,-0.005042016806722671,0.006085177316494272,0.0038610038610038533,0.008376995306364599,0.002898506496263664,0.0036991745672294574,-0.03818621075300299,-0.02050477950268137,-0.008064495454511378,-0.015021459227467782,-0.0050505321035105855,-0.005825227904088237
2025-12-09,0.016891853643560273,-0.006382978723404209,0.02816904000366649,-0.003089578114241487,-0.011824324324324342,-0.005040322735704095,-0.0038461538461538325,-0.011422700609099778,-0.010115563281971607,-0.0012284824600317101,-0.012406948125700978,-0.011272092841256631,-0.008130163668080392,-0.004357298474945481,0.011844323624969011,-0.026367231810581204
2025-12-10,-0.020000000000000018,-0.032119914346895095,-0.04452053451847027,-0.023760343477647106,-0.01538461538461533,-0.014184335762629563,0.0038610038610038533,-0.001050404173599473,0.010218933550980802,0.006150061269760254,0.0012562622617839914,-0.024429966819590088,0.002732303087090715,-0.002188183807439792,-0.010033392499138039,-0.024072156167971537
2025-12-11,0.006802776777919517,0.004424778761061843,0.007168442795359109,-0.007407445400669954,-0.00520833333333337,0.003083200544235387,0.0038461538461538325,0.0178759685059231,0.01300580297065701,0.006112469209611504,0.0012547817734618327,0.02003333752376868,0.021798343880919058,0.0,0.005067487130272497,0.003083200544235387
2025-12-12,-0.02027035211885786,-0.024229074889867808,0.010676132944748451,-0.0170575453081645,-0.005235602094240788,0.0010245745459473987,0.0,-0.012396741113686605,0.0,0.007290382161271092,0.025062655683143475,-0.009819942538545567,0.010666707356770777,-0.006578947368421018,0.011764698332951129,0.028688556306691426
2025-12-15,-0.01034478553501661,-0.015801354401805856,0.0,-0.022776556717568286,-0.04210526315789476,0.007164837251812273,0.0,0.004184116446269481,0.0014265117874148192,-0.026538052317766736,-0.018337407628834623,-0.03801651631505032,-0.021108259091006998,-0.004415011037527616,-0.00830565767367164,-0.018924317699229976
2025-12-16,-0.0034843062458572716,-0.006880733944954143,0.003521119046527854,-0.01220869045320816,-0.02930402930402931,0.02439025903112113,-0.007662835249042099,0.013541698455810547,0.04273504459283495,0.0,-0.0062266498256260405,-0.01374569117823743,-0.00808623313744361,-0.01552106430155209,-0.020100505190742912,-0.02030456852791873
2025-12-17,0.0,-0.002309468822170868,-0.0035087642698276023,0.0011236111520904757,-0.018867924528301883,-0.0019841723371181175,0.0038610038610038533,-0.005138745984766602,0.016393505842428047,0.0012392330520132333,-0.006265663920785869,0.0,-0.008152153350003966,-0.0022522522522522292,0.0,-0.008290187064847743
2025-12-18,0.0,0.02546296296296302,-0.007042238093055708,0.02244672590054675,0.019230769230769162,0.00795231673848984,0.007692307692307665,0.005165289093355341,0.014784925424208062,0.0049504193239715555,0.008827199512026596,0.04355400581083391,0.03287673323121787,0.011286681715575675,-0.0068375715079793675,0.015673981691046945
2025-12-19,0.024475423592293488,0.011286681715575675,-0.007092182933875479,0.04610314945606486,0.007547169811320753,0.00394478816429622,-0.003816793893129722,0.009249680043747155,0.013245033112582849,0.014778382053408423,0.003750038146972612,0.008347245196379305,-0.0026525805515809076,-0.011160714285714302,-0.020654046824090444,-0.0020575818366401766
2025-12-22,0.017064861578240942,0.0,-0.007142841270835865,-0.01049319659240866,-0.009363295880149836,-0.017681758328068398,0.0,-0.001018314432064571,0.0026143391927082593,-0.006067961052682369,-0.0012454059740342194,-0.026490103450292568,-0.01063823743123149,0.0,-0.008787356442031546,0.016494829630114394
2025-12-23,0.003355773559827302,0.0,-0.007194228503099698,0.01272539169978315,-0.001890359168241984,-0.006999969482421875,0.0,-0.001019352453379252,-0.010430188451025946,-0.0061050059912637344,-0.008728141831401026,-0.011904775034389026,-0.0026882335152527137,0.0,-0.0035460808861625948,-0.013184537956199671
2025-12-24,0.010033485747365845,0.006696428571428603,0.0036231802380906064,0.0010470707043841454,-0.0037878787878787845,0.0060422805204582986,0.00766283524904221,-0.010204081632653073,-0.014492733228022914,-0.0024570586472670852,0.0,-0.010326996383456799,0.01617256909692033,0.006772009029345272,-0.0017792935477679572,0.001027733514745055
2025-12-26,0.013244978180249944,0.024390243902439046,0.025270701360860626,0.006276173855271905,0.0,-0.006005990640207015,0.0038022813688212143,0.01237110255919771,0.01604273929523581,-0.006157635699404085,-0.0062893081761006275,0.02086957848590343,0.01326259920109929,0.008968609865470878,0.0017824650763775818,0.006160148508433716
2025-12-29,-0.006536001218001131,-0.012987012987012991,0.0,-0.0010395154922822059,0.0,-0.0030211786761118464,-0.007575757575757569,-0.012219928569597305,0.002631538792660315,-0.004956554047219064,-0.010126620908326722,-0.006814335957069484,0.007853383012274673,-0.00666666666666671,-0.010676100976097724,0.0
2025-12-30,0.01973692395463611,0.010964912280701844,0.007042238093055708,0.0020811944184049302,0.034220532319391594,-0.005050505050505083,-0.003816793893129722,-0.009278366246174286,-0.0052492639436201305,-0.0037360278998301855,-0.00255750583180403,0.03259007805734404,-0.012987012987012991,-0.008948545861297563,-0.01079142454403581,-0.02448981148856022
2025-12-31,0.02258063136119315,0.006507592190889477,0.02797205413847159,0.03322950672090896,0.018382352941176405,-0.011167497199198961,0.011494252873563315,-0.005202913714245749,-0.007915647484946997,0.007499980926513716,-0.014102544540014028,-0.053156158179144875,-0.013157894736842146,0.0,-0.007272689407174848,-0.025104618872233364
2026-01-02,0.05362777247214234,0.010775862068965525,0.037414968289817274,0.015075339391069198,0.0036101083032491488,-0.004106791782468533,0.007575757575757569,0.016736385979694512,0.01728727532598917,0.0,-0.011703530663468631,-0.024561430278577268,-0.00799997965494792,-0.004514672686230292,0.005494534951671071,0.010729614085237982
2026-01-05,0.020958071063631012,0.006396588486140775,-0.007352941176470562,0.039603964606216735,0.014388489208633004,0.01443300542143211,-0.003759398496240629,-0.008230405838276611,-0.006535947712418277,0.006203474062850489,0.00526317797209086,0.0593525745022061,-0.005376364484882101,-0.006802721088435382,-0.003643083947642567,-0.004246219845465027
2026-01-06,-0.01759530770668416,0.010593220338983134,0.0033670033670034627,-0.019047650211713285,0.0,0.09959344786987545,0.0037735849056603765,-0.0031120648029997477,-0.00526317797209086,-0.004932201398333502,0.06413614434574488,0.09847190614782808,0.05135139259132182,0.004566210045662045,-0.005484374134759551,0.01705755247404661
2026-01-07,0.0059701980545410205,-0.037735849056603765,-0.030201342281879207,-0.019417448546963145,-0.03191489361702127,-0.024029561436723634,0.003759398496240518,0.009365260563674926,0.01058205116276123,0.002478371563817916,0.02583023856449529,0.03554873508877798,-0.015424222757914219,-0.006818181818181834,-0.009191186577005017,-0.002096484008781374
2026-01-08,-0.0029674195998651287,0.004357298474945592,-0.01730103806228378,0.00495050316913237,0.03663003663003672,0.04356059224042874,0.0,-0.015463917525773141,-0.006544502487092707,0.004944394540597807,-0.016786588732189522,-0.07611938021076259,-0.007832878408265298,0.011441647597254079,0.009276448142656157,0.0
2026-01-09,0.0059523565882315665,-0.008676789587852451,0.01760563380281699,0.03940887086610223,-0.00883392226148405,0.0036297780123057954,0.0,-0.005235602094240788,0.0026350058527204734,-0.008610142083156802,0.012195121951219523,0.04523417372118588,0.028947328266344607,0.009049773755656076,-0.007353019447443265,0.019957999861196285
2026-01-12,0.011834416693187633,-0.008752735229759279,0.02768166089965396,-0.023696721051204572,-0.005347593582887722,-0.007233231766729853,0.0,-0.00842108475534542,0.017082826252616812,0.002481446419641431,-0.0313252828207361,-0.03863981921517934,-0.00511501166360806,0.0022421524663676085,0.0018519011712876399,-0.025746653339714487
2026-01-13,0.0,0.03532008830022071,0.010101010101010166,0.02912626217138503,0.02508960573476693,-0.016393469961101248,-0.0037453183520599342,-0.004246219845465027,-0.034883779385120106,0.0024752096619857777,0.021144240248490487,0.019292616530873774,-0.0025707528250823453,-0.0022371364653244186,0.029574824188748794,0.012685038023177109
2026-01-14,-0.011696001339689621,-0.004264392324093813,-0.00666666666666671,-0.014150966330375603,-0.010489510489510523,0.012962977091471428,0.003759398496240518,0.0031982453369190367,0.006693440701830866,0.0037037413797260665,0.03775881281043203,0.0993690105794669,0.0025773786284728484,0.006726457399103047,-0.008976671142834958,0.04384130286481369
2026-01-15,0.029585823753119023,0.004282655246252709,0.010067114093959662,0.076555032351042,0.0229681978798586,0.06946982054952988,-0.0037453183520599342,0.009564309675588634,0.013297872880078332,0.006150061269760254,0.009389707516583634,0.05882361955568238,-0.01028281517194285,-0.020044543429844075,-0.007246339219932008,-0.03400001525878904
2026-01-16,0.011494205825550718,-0.021321961620469065,-0.013289036544850474,-0.004444451716066444,-0.025906735751295318,0.06837606837606836,0.007518796992481258,0.0,0.01574809220073603,-0.008557512854783123,0.016279087510219892,0.07588073499392234,0.020779200962611544,-0.013636363636363669,-0.010948964018379415,-0.0010351809078742447
2026-01-19,0.008522762554181718,-0.02614379084967322,0.0,0.008928586101955682,-0.015957446808510634,0.08480004882812509,-0.007462686567164201,-0.010526315789473717,-0.010335956537291913,-0.013563483289979361,-0.029748265774929505,-0.037783374588755025,-0.025445293114840117,0.0023041474654377225,-0.0055349680526805,-0.03937826996640226
2026-01-20,-0.019718298556432146,-0.020134228187919434,-0.013468013468013518,0.00442478596847562,-0.009009009009009028,0.008849534618207366,0.0,-0.010638297872340385,-0.011749367412624223,-0.00500001907348635,-0.012971769621803353,-0.035340373347010345,-0.010443804677536028,-0.0022988505747126853,-0.016697618462933383,-0.011866219097453334
2026-01-21,0.011494205825550718,0.020547945205479534,0.013651877133105783,0.09691624050197456,0.029090909090909056,-0.011695950788175535,0.0,0.0,-0.0013209838593449819,-0.0012562622617838803,0.0418160110825847,0.05563102134719178,0.002638482060556502,-0.016129032258064502,-0.011320755623142276,0.029476032997964863
2026-01-22,0.005681864959476757,-0.008948545861297563,0.09764309764309775,0.012048212958306825,-0.010600706713780883,-0.04142005156161632,0.007518796992481258,0.005376344086021501,0.013227513494491916,-0.001257842441774737,0.01834869448980969,-0.008997487791498227,0.007894716764751175,-0.00936768149882905,0.005725160942922525,0.0074230851069854165
2026-01-23,-0.00847454158324501,0.011286681715575675,0.08588957055214719,-0.0238094658405974,0.02499999999999991,0.06944444117395654,0.0,-0.0032085887888536613,0.006527415273629877,-0.003778375894111674,0.09909904414343473,0.05966275700595647,0.026109661094519288,0.011820330969267046,0.01328278423048146,0.09894738448293583
2026-01-26,0.014245025408133438,0.006696428571428603,0.0028248587570620654,0.016260088793151883,0.0017421602787457413,0.09956700710865785,-0.007462686567164201,-0.008583642151914983,-0.015564163060845848,-0.0025284064740863643,0.045081983551931826,-0.025703776653155375,-0.01526713704246807,-0.014018691588784993,0.014981194856229285,-0.011494296552661099
2026-01-27,0.022471886083483605,0.0,0.0028169014084507005,0.024000040052095217,-0.0017391304347825765,-0.003936947957715153,0.003759398496240518,0.0010822345505383524,-0.0013175029263602367,-0.001267407759026451,0.005882337981579333,0.011306552049388685,0.012919896386121454,-0.011848341232227444,0.0018450676229317953,0.021317874444706453
2026-01-28,-0.008241724321426003,-0.006651884700665134,0.0,-0.0195312818305442,-0.013937282229965153,-0.0988142272624698,0.0,-0.002162129170185767,0.007915546833308307,-0.0012691129396269485,-0.03898635535563799,-0.042236043799738,0.05612246735003601,0.026378896882494063,-0.0036832220440645713,-0.005692585061052191
2026-01-29,-0.016620565703346024,-0.015625,-0.011235955056179803,-0.02788839479519878,-0.010600706713780883,-0.08771929628875696,0.0,-0.015167946691115985,-0.013089004974185414,-0.013977109488892636,-0.0405679519462655,-0.015564163060845848,0.0024154219911944885,-0.002336448598130869,0.005545316293224634,0.01908396890992692
2026-01-30,-0.005633779821706764,-0.027210884353741527,-0.03125,-0.036885305260820234,-0.025000000000000022,-0.027243601303990617,-0.0037453183520599342,-0.004400456756483373,-0.014588838884088795,0.0,-0.06342494816890898,-0.06982876080642397,0.016867488263601293,-0.007025761124121788,-0.027573559731015163,-0.087078677771674
2026-02-02,0.01983001650327232,0.00932400932400923,0.05278592375366564,0.034042610074075386,0.012820512820512775,0.001647421299245666,0.003759398496240518,0.014364674605058747,0.005383497712722063,0.0025773786284728484,0.014672720927162652,0.03399435662535666,-0.021327049990702784,0.011792452830188704,-0.005671107976000012,0.0
2026-02-03,-0.008333367443142392,0.011547344110854452,0.0027855153203342198,-0.004115232987308537,0.005424954792043302,0.016447368627440007,-0.0037453183520599342,0.009803854755614294,0.020080322105492376,0.006426734966415992,0.04226913635000784,0.06301367772768618,0.014527900724025766,-0.002331002331002363,-0.0038022615889192757,0.021538445888421576
2026-02-04,-0.011204436316181732,-0.01598173515981738,-0.01666666666666672,-0.04958675590659456,-0.017985611510791366,-0.004854356646668778,-0.003759398496240629,0.00863002241741695,-0.0026246319718100652,0.014048511254769247,0.007470700111371187,-0.03994843473038101,0.0,0.02336448598130847,-0.005725221663498425,-0.0030120022787071266
2026-02-05,0.008498618257067658,-0.002320185614849146,-0.03389830508474578,0.008695666091714571,0.023809523809523725,0.006504089851689487,0.0037735849056603765,-0.011764689562792419,-0.0039474085757607025,0.0025188532040141265,-0.030720354650459414,-0.01342281879194629,-0.026253036963231557,0.022831050228310446,0.00575818856943866,-0.02114809706925236
2026-02-06,0.019662839960186806,0.016279069767441756,0.07017543859649122,0.017241300884803135,0.01610017889087656,0.008077544227377054,-0.007518796992481258,0.015151531415146247,0.019815060243999483,0.0,0.019672164500085465,0.061224489795918435,-0.0024509430389955122,-0.015625,0.01145038260642095,0.028806616663257456
2026-02-09,0.03581272976762806,0.011441647597254079,0.008196721311475308,0.004237295185787193,0.0035211267605634866,0.0,0.0037878787878788955,0.007462653789637175,0.009067417167205605,0.0,-0.0267952831535615,-0.06666662754156649,0.007370988487393815,0.009070294784580435,0.005660347794984588,-0.020000000000000018
2026-02-10,0.01861700998515281,0.02714932126696823,0.005420054200542035,0.06329114055128593,0.0035087719298245723,0.006410219573724785,0.0037735849056603765,0.007407375113673842,0.011553292788831548,0.006281407155586338,0.024229040465870266,0.082417578962658,0.019512176513671875,0.0022471910112360494,0.03001884460507509,0.015306122448979664
2026-02-11,-0.00783286602717348,0.0066079295154184425,-0.03234501347708896,0.03571434484259073,-0.00874125874125875,0.017515960225827687,0.015037593984962516,0.005252101008698995,0.010152225778948587,0.022471948639791295,0.01182794058194725,0.060913645132862904,-0.021531046115036534,0.0,0.0,0.039195995234963865
2026-02-23,0.034210449441165025,0.015317286652078765,0.01671309192200554,0.06130268595527011,0.0017636684303350414,0.056338002944540166,0.0037037037037037646,-0.01671889785938474,-0.017587959204974912,-0.0036630408567577266,0.03294366125812043,0.08612445824225134,0.012224938419223008,-0.004484304932735439,0.018214840183018888,0.013539666394768002
2026-02-24,0.025445314246337558,0.0625,0.024657534246575352,0.03610105200710101,0.04753521126760574,-0.029629629629629672,0.0036900369003689537,-0.012752358849104639,-0.016623983031913703,-0.006127451094972369,0.09876549799304524,0.04515416669957606,0.026570010472910077,0.0022522522522523403,-0.003577798999618742,0.06870225895591164
2026-02-25,-0.009925517786398386,-0.014198782961460488,0.04010695187165769,-0.003484326218513689,-0.020168067226890796,-0.0015266942613907375,-0.014705882352941124,0.013993491937684732,0.0364108630273694,0.0,-0.033707921354374615,-0.03266594756877572,-0.02352941176470591,0.0022471910112360494,0.0502692670028706,-0.0267857142857143
2026-02-26,-0.010025082865290358,-0.016460905349794275,-0.023136246786632397,-0.0034965091971826956,0.032590051457976,-0.013761490900313977,0.029850746268656803,-0.01273882151929917,-0.022584636026174665,-0.008631281891645859,-0.017441816623948503,-0.025054498641585488,-0.02409638554216864,-0.006726457399103158,-0.01709392876994853,0.03669724770642202
2026-03-02,-0.020253205796983198,-0.04184100418410042,-0.044736842105263186,-0.05964913428852592,-0.021594684385382035,-0.029457387998122586,0.0,0.0010752524099042482,-0.003851130242380707,0.004975143262281545,-0.01479289918567872,-0.05027932960893855,-0.009876580885898933,0.009029345372460584,-0.043478308986889536,0.04070795109841674
2026-03-03,-0.03617569058880199,-0.05240174672489084,-0.052341597796143224,-0.06343284880521183,-0.04584040747028861,-0.041533522963198455,-0.018115942028985477,-0.035445708662181996,-0.0567010517061578,-0.03712871146896246,-0.06006005914269896,-0.06705878762637862,-0.04239394047207501,-0.017897091722595126,-0.04727271254723464,0.025510204412631632
2026-03-04,0.018766811106437853,0.032258064516129004,0.03197674418604657,0.06374502810076388,0.030249110320284656,0.034999974568684866,0.011070110701107083,0.007795065973870141,0.0054645019474759415,0.010282717107749528,0.00958468063103135,0.03909203473923917,0.005208253653516293,0.002277904328018332,-0.013358769587395236,-0.06467657977654984
2026-03-05,-0.005263200754040742,-0.004464285714285698,-0.005633802816901401,-0.011235973646048225,-0.0017271157167529916,-0.001610281426379867,-0.0036496350364964014,-0.01878449666565951,-0.008152153350003966,0.0,0.0590717119604276,-0.0012135736925888985,0.031088103895754893,-0.006818181818181834,-0.009671190835453425,0.09929075040098279
2026-03-06,-0.042328063985063946,-0.056053811659192876,-0.056657223796033995,-0.07575751660052488,-0.02422145328719727,-0.037096761888073315,-0.00366300366300365,-0.018018086132081,-0.04109589041095896,-0.002544490485048012,-0.05677295309768993,-0.09963553187816776,-0.037688442933517585,0.0022883295194509046,-0.013671865775542358,0.09999995077809976
2026-03-09,0.022099493242051516,-0.004750593824228044,0.024024024024023927,0.05737704093599727,0.0017730496453900457,0.01172530576203945,-0.007352941176470562,0.012614749335009057,0.015714263916015714,-0.003826569463251661,-0.017951393907344237,0.048582976359687446,0.0026110258697236155,-0.006849315068493178,-0.00792081366313735,-0.09970668220885526
2026-03-10,0.0486486475722836,0.04534606205250591,0.035190615835777095,0.08527126547495989,0.023008849557522026,0.029801311118995866,0.0037037037037037646,0.01019245600656249,0.00984535292066857,0.006402048780649761,0.013978527438256005,0.06048912177908461,0.015624959642690062,-0.0045977011494252595,0.015968107732174275,-0.06026059724737909
2026-03-11,-0.02835052541517946,-0.020547945205479423,0.011331444759206777,-0.021428519465225282,-0.0017301038062284002,-0.02572350915101096,0.0036900369003689537,0.0022422038618765683,0.00974926070320059,-0.012722646557420059,-0.0190880487116194,-0.05946603683423468,-0.007692288129757641,-0.006928406466512715,-0.027504954697453288,0.02079723998392402
2026-03-12,-0.010610101174867714,0.0,-0.036414565826330514,0.01094892276164261,0.0017331022530329143,-0.018151790459051576,0.0,-0.014541420912408953,-0.011034524851831873,-0.0012886401557654636,-0.01621621621621616,0.07741935483870965,-0.012919896386121454,0.016279069767441756,-0.013131276901926503,-0.016977928252864816
2026-03-13,-0.010723816812831521,0.00932400932400923,-0.005813953488372103,-0.01805057030268986,0.0,0.01680672268907557,0.003676470588235281,0.007945568555739912,0.009762965236135512,0.006451612903225712,0.029670296134529428,0.0682634365058945,0.0026177610503639315,0.006864988558352492,-0.01535313900140478,0.0017270893175433955
2026-03-16,0.01685696722609853,-0.020785219399538146,0.011695906432748648,0.05882353471923096,0.0,0.00330579773453632,0.00366300366300365,0.011261260874249501,0.011049660297000496,0.008974319849258894,-0.008537838296891143,-0.04147978783439976,0.005221952138994457,0.0,0.09771311627877433,-0.022413779949319812
2026-03-17,0.01871657018983819,-0.009433962264150941,0.0,0.017361139220001043,0.01384083044982698,0.006589748042076904,0.0036496350364962904,-0.003340791108714103,0.002732303087090715,-0.0012706286912165243,0.018299213351128163,0.008187098809850246,0.0025973629641842244,-0.002272727272727315,-0.051136396848155186,0.00529099176408887
2026-03-18,-0.028871379946219022,-0.023809523809523836,-0.028901734104046284,-0.006825949429643652,-0.022184300341296925,-0.0392798325878545,-0.014545454545454528,-0.014525173762657162,-0.024523201830223162,-0.008905813763757986,0.027484128076728842,-0.023201856969912393,-0.025906736775402672,-0.02277904328018221,-0.030938121407383723,0.007017570629454406
2026-03-19,-0.005405403259676089,-0.009756097560975618,0.011904761904761862,0.013745642157384497,-0.010471204188481686,-0.015332223410244428,-0.011070110701106972,0.004535164849423179,0.005586613608986157,-0.005134807677070752,-0.020576132333265162,-0.06888355858170092,0.034574550651978564,0.011655011655011593,0.02162717408949133,-0.020905936080828025
2026-03-20,-0.01630434131873948,-0.03448275862068961,-0.044117647058823484,-0.044067786739898085,-0.012345679012345734,-0.01903111572042704,0.0,-0.020315975771591388,-0.004166709052191853,-0.010322620022681472,-0.05987391944288745,-0.058673448783067794,-0.020565630343885588,-0.032258064516129004,-0.030241906642978766,-0.026690391096741095
2026-03-23,0.0,-0.005102040816326481,-0.003076923076923088,0.003546105154327961,0.005357142857142838,-0.0035273502689294745,0.0,0.003456168338892729,-0.012552216663747617,0.013037810166730557,0.006703893565598751,-0.020325202411550225,0.007874096162013844,0.02857142857142847,0.005197511111016961,0.007312572314489785
2026-03-24,0.019337008728929295,0.02564102564102555,0.0,0.09540634418320382,0.01243339253996445,0.04601767210833785,0.00746268656716409,0.019517848535230753,0.008474554353937958,0.007722086577626186,0.013318585992888599,0.05117561261502912,0.005208253653516293,0.0,0.03205790786668161,-0.010889264804660459
2026-03-25,-0.0027100260215834338,0.0024999999999999467,-0.01851851851851849,-0.022580603534847588,0.007017543859649145,-0.015228388061223619,-0.0037037037037036535,-0.002252303724811222,-0.008403339794098241,-0.0012772171087850337,0.03943043103821431,-0.01578943352950246,0.023316102628405666,0.0185185185185186,0.016032044066649043,0.02201836262274215
2026-03-26,-0.01086956087915969,-0.004987531172069848,-0.0031446540880503138,-0.003300335379259889,0.006968641114982521,-0.006872878361431578,-0.0037174721189591198,-0.010158030941070373,-0.0028249232911827793,0.0,-0.011591132312270047,-0.008021471644866773,-0.007594917393937917,0.015909090909090873,-0.01873766911798025,0.010771965276530349
2026-03-27,-0.021978013109819505,-0.027568922305764465,-0.04731861198738174,-0.01655631829933324,-0.02768166089965396,-0.013840817432876351,0.0,-0.014823209436717555,-0.002832818024996131,-0.011508873805711861,0.028784614716402146,0.09703510611542265,-0.022959222152102332,0.0,0.0030150916387934323,0.001776239612318431
2026-03-30,-0.01123595042055392,-0.03350515463917525,-0.013245033112582738,-0.07070702229636339,-0.008896797153024938,-0.00877192982456143,-0.007462686567164201,-0.004629647208502563,-0.0014204328402511734,-0.0051746637786168614,-0.04870463158800198,-0.09213759041043235,-0.013054830547259644,0.004474272930648837,-0.03106212124564489,-0.02304969887565178
2026-03-31,0.053977250204769955,0.05066666666666664,-0.016778523489932917,0.0688405120541653,0.04308797127468589,0.015929230546529283,0.007518796992481258,0.020930268043695577,0.022759579013717834,0.013003900912322841,0.016339868737850427,0.0649525754161504,0.031746052570364336,0.00445434298440972,0.01654599785825228,0.010889334036917608
2026-04-01,-0.02425875050401738,-0.02030456852791873,0.0,-0.0305084421453794,-0.02065404475043031,-0.06620214199897845,0.0,0.0,-0.0013907993323908352,0.007702162546450841,-0.016077169892136922,-0.020330349887730637,0.0,0.006651884700665134,-0.01220752909512346,-0.017953321118540422
2026-04-02,0.02762429818418477,-0.005181347150259086,0.0034129692832765013,0.05944057054188212,0.01581722319859402,0.08768658389437611,0.0,-0.0011390216405422482,0.0013927363491754718,0.003821694926851027,0.03485835339719978,0.04409859394511062,0.0,0.017621145374449254,-0.00411944300684608,0.03839119643200983
2026-04-07,0.04838707766972283,0.04947916666666674,0.0748299319727892,0.09900989938622207,0.06401384083044981,0.034305317773119626,0.0,0.01710376342299358,0.02642561176017555,-0.0012691129396269485,-0.006315773411801007,0.057142838187839606,0.023076962202023266,-0.008658008658008698,0.024819029690771988,-0.044014085098240896
2026-04-08,0.002564101598453883,-0.007444168734491274,-0.0031645569620253333,-0.012012031487989794,0.01788617886178856,-0.004975111788660946,0.00746268656716409,-0.00784749968823828,-0.002710089015801942,0.010165223415242952,0.004237304231073047,0.0011750702222574905,0.012531327841571738,0.008733624454148492,0.004036305818905905,-0.029465902331524685
2026-04-09,0.023017894166858177,0.0024999999999999467,0.0,0.05471126139166804,0.02715654952076685,0.03333333333333344,0.0037037037037037646,-0.010169508766993296,-0.009510828298295637,0.002515684883549474,-0.00949368667622863,-0.042253504730851654,-0.007425817832349302,-0.015151515151515138,0.02110551356167667,-0.013282746732552586
2026-04-10,-0.004999998164060271,-0.0024937655860348684,0.02857142857142847,0.0028818490682560594,-0.007776049766718529,-0.03064518590127263,-0.0073800738007380184,-0.010273990200408312,-0.01234569968505983,-0.013801737970397188,0.09478169735094255,0.05024508027927688,0.007481373146470904,-0.01098901098901095,-0.01968499966961068,0.05961535527155948
2026-04-13,0.03266336603458675,0.03750000000000009,0.06172839506172845,0.00574713575868091,0.012539184952978122,-0.006655536128738482,0.0037174721189590088,0.010380640802285068,0.009722179836697098,0.001272245242524006,0.056420187258585,0.038506454717271765,0.014851446818306524,0.011111111111111072,0.02610440869005859,0.01996374445155391
2026-04-14,0.012165385489543379,0.0,0.04069767441860472,0.01999996213562638,-0.04489164086687303,0.040200966172709185,0.0037037037037037646,-0.0011415351125906303,0.002751094718464797,0.0038119830164049517,-0.0368324130405322,-0.005617977528089901,-0.019512176513671875,0.01758241758241752,0.0019569369270304726,-0.03202845574065438
2026-04-15,0.0024039041493533198,-0.002409638554216831,0.05865921787709505,0.03361343209143275,0.03241491085899506,0.09983904557132073,0.007380073800737907,0.004571446010044555,0.017832584295650378,0.011392424378213972,0.04206502476161611,0.02259887005649719,-0.007462667446939908,0.010799136069114423,0.007812521361901803,0.01286759059940823
2026-04-16,-0.02637894474593705,-0.004830917874396157,0.0158311345646438,-0.0027099650975437317,0.014128728414442682,0.06881400788050507,0.0073260073260073,0.0011376390487507493,0.010781712731280146,-0.011264098982368687,-0.02018345824075396,-0.03093926024041782,0.007518777583654268,0.014957264957264904,-0.0019380360006064912,-0.003629708780048757
2026-04-17,-0.0024630532961539275,0.00728155339805836,-0.012987012987012991,0.032608681154463914,0.018575851393188847,0.053424678436697404,-0.0036363636363636598,-0.009090943769975102,-0.0053333536783853885,0.006329113924050667,-0.014981330129178239,-0.02280501789732492,-0.012437810709221453,0.002105263157894832,-0.015533961748098735,-0.016393469961101248
2026-04-20,0.012345674535126472,0.01686746987951815,0.10000000000000009,0.060526284347514725,0.033434650455927084,-0.00910279016576021,0.0,0.005733945154800635,0.012064363864445982,-0.0075471506178753645,-0.015209111411935483,0.03150530541170693,-0.005037802496118737,-0.006302521008403339,0.021696264967285606,-0.01851851851851849
2026-04-21,0.0,0.04739336492891,0.09808612440191378,0.0,-0.014705882352941124,0.03149608427818018,-0.0036496350364964014,0.006841574964588926,0.005298033455349849,0.001267407759026451,0.0019305461446186278,0.011312216999309177,-0.010126620908326722,0.008456659619450413,0.0019304918512901281,-0.005660362963406551
2026-04-22,0.01463414109904182,0.018099547511312153,-0.034858387799564294,-0.017369694709474137,-0.03880597014925369,-0.0636132327871004,-0.00366300366300365,0.0,-0.014492733228022914,0.007594917393937806,-0.017341069352958316,-0.04697991617394914,-0.020460339342213474,-0.016771488469601636,-0.030828478342219356,-0.018975331793604777
2026-04-23,0.05048081025198159,-0.015555555555555545,0.09932279909706554,0.047979813316810116,0.0031055900621117516,0.012228281855132916,-0.003676470588235281,-0.0056625139605818164,0.0013368779417282095,-0.006281407155586227,-0.01568625955020675,0.0082160164637326,-0.007832878408265298,-0.02771855010660984,-0.018886738900376843,-0.0019342802193930142
2026-04-24,0.03661325795459014,0.02934537246049662,0.0,-0.026506066418300445,0.007739938080495445,-0.024161114788695426,0.011070110701107083,0.0011389347453911736,-0.005340474202002565,0.006321112637740267,0.0019920014462413427,0.022118760094625767,-0.013157894736842146,-0.00877192982456143,-0.013171189813834583,0.003875983892514201
2026-04-27,-0.022075046837401358,-0.010964912280701733,0.07392197125256672,0.05198016178220555,-0.01382488479262678,0.03301240201684674,0.0,0.007963560137551395,0.002684522795197042,0.008794027525820924,0.015904557638066752,0.01936215135710251,0.0,-0.008849557522123908,-0.0051334760616471575,0.021235565733973116
2026-04-28,-0.01580140354754933,-0.0022172949002217113,-0.015296367112810683,0.018823560933869832,0.0031152647975076775,-0.007989327380983235,-0.0036496350364964014,0.030474092823211008,0.05220885790104002,-0.0012454059740342194,-0.001956917360217414,0.02346367010191175,0.01333333333333342,0.0022321428571427937,-0.009287910041287373,0.02079392140627756
2026-04-29,-0.020642138736184035,-0.02444444444444449,0.013592233009708687,0.0,-0.029503105590062084,0.037583933580641826,-0.00366300366300365,-0.014238806224582956,-0.017811724593606137,-0.024937656809272957,0.009803921568627416,-0.0218340614990844,-0.013157894736842146,-0.00222717149220486,-0.007291661626121049,0.044444472701461235
2026-04-30,0.065573744177162,0.036446469248291535,0.09961685823754785,0.025404142121635997,0.01760000000000006,0.05045270042063321,-0.003676470588235281,0.011111111111111072,-0.012953368387701336,-0.00255750583180403,-0.013592247824067094,-0.013392823311138558,-0.00799997965494792,0.006696428571428603,-0.007345220488492399,-0.042553217392692355
2026-05-04,-0.010988953050086292,0.05274725274725278,0.0993031358885017,-0.024774760582762068,0.009433962264151052,0.023399034449348433,0.0036900369003689537,0.013186779651013003,0.013123360105633974,0.0025640634390025063,0.009842519832859109,0.06334839793505775,0.0,-0.006651884700665134,0.010570769060530338,0.025925954182942634
2026-05-05,0.0,0.05219206680584554,0.08716323296354989,0.02078519688527547,0.07943925233644866,0.09987970161446613,0.0,0.006507658604939515,0.01943005258155206,0.011508971368305643,-0.011695876862462762,-0.002127627108959418,0.010752626424140876,0.013392857142857206,-0.008368157389200936,-0.010830365925857954
2026-05-06,0.026666655061715394,0.005952380952380931,-0.002915451895043719,0.0316742609054097,-0.00721500721500723,0.05579866946366607,-0.003676470588235281,0.018318932029496082,0.0038119830164049517,0.002528502926610665,-0.022682475514271272,-0.03731343162183842,0.002659635448846842,0.0066079295154184425,0.02742615099093637,-0.04562043859134368
2026-05-07,-0.008658004988033263,-0.013806706114398382,0.06140350877192979,-0.035087775950424005,-0.01017441860465118,-0.053885978738261064,0.007380073800737907,0.02328039098668988,0.012658227848101333,0.013871354751438636,-0.02018163502315573,-0.01882618516261092,-0.005305059917560029,0.015317286652078765,0.0,0.013384336006709185
2026-05-08,-0.024017510427442046,0.008000000000000007,0.06887052341597788,0.02045463545777282,0.008810572687224738,0.04052570454071791,-0.0073260073260073,-0.012409482793308446,-0.019999980926513672,-0.002487619077623293,0.014418141584750188,0.03273139476098241,-0.00799997965494792,-0.0193965517241379,-0.023613937616502545,0.018867924528301883
2026-05-11,0.008948542430934125,-0.007936507936507908,-0.046391752577319534,-0.02227175022494754,-0.010189228529839833,0.10000000000000009,0.0,-0.018848199494846174,-0.025510203585134117,-0.022443834050578926,-0.03248727866235723,-0.02622952487299346,-0.005376364484882101,-0.00659340659340657,-0.011566811432756063,-0.016666694923683445
2026-05-12,-0.015521112682025384,0.0040000000000000036,-0.055405405405405395,-0.013667448125839643,0.0014705882352941124,-0.05837319113991479,0.014760147601476037,0.010672358938841553,0.011780124449003448,0.008928532329315342,-0.015739768646023444,-0.02918067922163048,-0.005405426025390625,-0.0022123893805309214,0.007446803541391711,-0.003766420979082641
2026-05-13,0.0225226253387254,-0.02589641434262946,-0.025751072961373356,-0.004618945236360639,-0.017621145374449365,0.09756095858998859,0.0,-0.0010559501303442076,-0.007762045017176478,-0.006321112637740267,-0.017057633810872663,-0.013872797089505062,-0.005434803453420622,0.0044345898004434225,-0.010559674295472332,-0.00945179556857667
2026-05-14,-0.0022026961406231838,0.01635991820040905,-0.042584434654919234,-0.03712291725600969,-0.08520179372197312,0.0185185185185186,0.0036363636363636598,0.015856237042227272,0.01564543188243528,0.0025445875511380667,-0.008676740226058466,0.0,-0.008196700807861168,0.004415011037527616,-0.001067196357542155,-0.02099240948065806
2026-05-15,-0.011037469380741238,0.0,0.042944785276073594,-0.026506066418300445,-0.019607843137254943,0.009090909090909038,-0.007246376811594235,-0.009365260563674926,-0.014120647658211749,0.003807048359709242,0.004376384236335573,-0.012895733460269287,0.0027548840473876623,-0.00879120879120876,-0.014957254643106377,-0.0019492880235533194
2026-05-18,-0.015625047810926218,-0.014084507042253502,-0.07205882352941173,-0.051980161782205436,-0.033333333333333326,0.018018018018018056,0.04014598540145986,0.021008404034795758,0.013020832815932026,0.027812953477571734,0.0010893079607492417,-0.029691212477558127,0.0,0.008869179600886845,0.016268929648981745,0.001953095168574226
2026-05-19,-0.00907029126023895,-0.020408163265306145,0.023771790808240878,0.0,0.0,-0.04424778761061943,-0.024561403508771895,-0.014403229839913045,0.001285327380444512,-0.008610142083156802,-0.011969515297682976,-0.011015837577748377,-0.005494526224051444,-0.0241758241758242,-0.004268921257629121,-0.0019492880235533194
2026-05-20,0.020594901582991598,0.03125,0.09907120743034059,0.0600521873659976,0.06206896551724128,0.07407407407407418,-0.010791366906474864,0.0031314761253316004,0.010269517415831153,-0.002481351762139372,0.007709217232549914,0.08044554151608518,0.005524882837687928,-0.0045045045045044585,-0.0010718398712836752,0.001953095168574226
2026-05-21,0.011210813526040697,0.010101010101010166,0.08732394366197194,0.03201975669238011,0.025974025974025983,-0.017241379310344862,-0.0036363636363636598,-0.010405827428491499,0.012706480797676,-0.007462667446939908,-0.010928961748633892,-0.0068729219076876236,-0.002747315511711257,-0.004524886877828038,-0.008583646445204485,-0.005847938431231325
2026-05-22,0.024390288913128,0.04400000000000004,0.09974093264248696,0.09307873043266168,0.0015822784810126667,0.09649122807017552,-0.0036496350364964014,0.027339626875268808,0.02258473175258402,-0.01002510051583505,-0.00994476824175583,0.004613627911863594,0.09917361885624865,-0.03409090909090906,-0.0032467706876605495,-0.02941176470588236
2026-05-25,-0.017316009976066526,-0.007662835249042099,0.004711425206124886,0.026200808312206725,0.0,0.04400000000000004,-0.00366300366300365,0.05936543738921962,0.019631883118050197,-0.0025316069397745,-0.0011160544176792575,0.042479961451848514,-0.022556428357406677,-0.014117647058823568,0.0032573465449421413,-0.00404041945332223
2026-05-26,0.013215853330157179,0.019305019305019266,0.08792497069167649,0.07234044197453748,-0.014218009478673022,0.09961685823754785,0.007352941176470562,0.06280193236714982,0.027677534223710998,0.0012690161199031547,0.015642475149485024,0.051762079188071075,-0.020512800950270416,-0.014319809069212375,0.00974024319375788,0.016227165303060787
2026-05-27,-0.0021739653336291243,-0.0037878787878787845,-0.049568965517241326,-0.05158728960705683,-0.011217948717948678,-0.010452961672473893,-0.0036496350364964014,0.0,-0.0070257431311552265,0.008871951010198442,-0.008800913512966857,-0.05235602094240843,-0.013089004974185414,0.002421307506053294,-0.022508023452934012,-0.003991955176315898
2026-05-28,0.026143781089645213,0.09885931558935357,-0.0226757369614512,0.023012538767452906,0.09886547811993518,0.01760563380281699,0.00366300366300365,0.0,0.010613135189807332,0.005025144893802347,0.05327417461762218,0.08397788369194581,0.01326259920109929,0.033816425120772875,0.05921049555952851,0.03006011932128061
2026-05-29,0.0,0.015570934256055269,0.05684454756380508,-0.010224915622137787,0.09882005899705004,0.01038062283737018,0.025547445255474477,0.00454545454545463,0.029171529626889736,0.03625001907348624,0.053740762825281285,0.09582060827818095,0.0,0.06308411214953269,-0.019668733513979908,0.03696493491785269
2026-06-01,0.010615759363370447,0.027257240204429323,-0.00658616904500553,-0.024793428659338312,0.07516778523489931,-0.03082191780821919,0.01067615658362997,0.02714932126696823,0.011337868873020795,0.006031362977042987,0.018000030517578036,0.04651162790697683,-0.007853383012274673,0.02417582417582409,-0.004223842839555569,0.022514085930888106
2026-06-02,0.01890750381947437,0.02487562189054726,0.0044198895027625085,0.04025425226979751,0.04119850187265928,-0.07773851590106007,-0.007042253521126751,-0.004405286343612369,0.029148051485071935,-0.0011990224495387336,0.02161097133880885,0.004444444444444473,0.0237466404999247,0.025751072961373467,0.02863204441423961,0.0256881013922734
2026-06-03,-0.016494839533064076,-0.05177993527508096,-0.025302530253025313,-0.01221997942293862,-0.031175059952038398,-0.04214559386973182,0.0035460992907800915,0.008849557522123908,0.028322422523833657,0.0108042480613737,-0.02307693774883568,-0.017699115044247815,-0.007731939251534703,0.029288702928870203,0.0010308896228434783,0.028622512172568948
2026-06-04,-0.008385741222360688,-0.029010238907849817,-0.02934537246049662,-0.051546326022800404,-0.033415841584158446,0.052000000000000046,-0.0035335689045936647,0.03508771929824572,0.059322016775454234,-0.0035628911310732203,-0.037401530309384756,-0.058558558558558516,0.0025973629641842244,-0.05691056910569103,0.01956745258606829,-0.03826088283372964
2026-06-05,-0.029598297945455432,-0.0527240773286467,-0.05348837209302326,-0.019565195354785292,-0.035851472471190804,-0.07984790874524716,-0.01773049645390068,-0.016949152542372836,-0.050000000000000044,-0.01787842637329784,-0.062372248600926716,-0.06698564593301437,-0.0336787380427519,-0.0431034482758621,-0.04444440587767806,-0.0488246075983666
2026-06-08,0.004357296848274128,0.029684601113172615,0.09950859950859958,0.07095333111169988,-0.003984063745019917,0.05371900826446274,0.025270758122743597,0.07758620689655182,0.09473684210526323,0.05703879685931912,-0.006543058823216152,0.01743586613581738,0.005361950858721043,0.009009009009008917,0.021141605388673934,-0.0038022234609110805
2026-06-09,-0.021691965906692978,-0.052252252252252274,-0.07150837988826819,-0.08902691195790735,0.014666666666666606,-0.07058823529411762,0.014084507042253502,-0.020000000000000018,-0.03942306225116432,-0.0034442643813870077,-0.02524693151357893,-0.044354778546818685,-0.002666625976562531,0.015625,0.008281596275590664,-0.026717585593723392
2026-06-10,0.0004446420631392112,-0.017110266159695797,-0.016847172081829176,-0.018181737052148428,-0.02759526938239154,0.05485232067510548,0.00694444444444442,0.02448979591836742,0.006005990640207015,0.0,-0.013513564599060723,0.02215188192530504,-0.008021471644866773,0.00659340659340657,0.0051334760616472686,0.007843167174096166
2026-06-11,0.026666666666666616,0.007736943907156624,0.023255813953488413,0.025462946656519714,0.00540540540540535,0.06800000000000006,0.0,-0.027888446215139417,0.0,0.0,0.033105040826406196,0.09907119012332766,0.018867945868723757,0.004366812227074135,-0.018104366347177825,0.02723730874748642
2026-06-12,0.02813852813852824,0.026871401151631558,0.06937799043062198,-0.002257395368605586,-0.005376344086021501,0.059925093632958726,0.0034482758620688614,0.04508196721311486,0.03482587064676612,0.013824849148065699,0.04419889502762442,0.09859154929577474,0.005291025581380504,-0.008695652173912993,0.005422993492407713,0.00946969710653045
2026-06-15,0.010526315789473717,0.005607476635514086,0.020134228187919545,0.00904978883011709,-0.020270270270270285,-0.0035335689045936647,0.0068728522336769515,0.03529411764705892,0.05288461538461542,0.011363636363636465,-0.010582010582010581,-0.017094017094017144,-0.018421072708933006,0.0,0.010787486515641875,-0.01125700718029099
2026-06-16,-0.006249999999999978,0.011152416356877248,-0.021929824561403466,-0.028579113385628796,0.03172413793103446,-0.007092198581560294,-0.0068259385665528916,0.026515151515151603,0.0365296803652968,0.0134831117780021,0.025668465517421524,0.10000000000000009,0.005361950858721043,0.004385964912280604,-0.014941302027748127,-0.001897576610448315
2026-06-17,0.01048218029350112,-0.012867647058823484,-0.015695067264574036,-0.002320185614849146,0.005347593582887722,0.03928571428571437,-0.010309278350515427,0.01845018450184499,0.017621145374449254,0.008869213734196357,0.07820646382342455,0.09881422924901195,0.018666687011718697,-0.024017467248908297,0.044420368364030294,0.017110295665154762
2026-06-18,,,,,,,,,,,,,,,,
