,dealer_net_buy,eps_growth,foreign_net_buy,macd_signal,momentum_20d,revenue_yoy,roa,roe,rsi_14,trust_net_buy,volume_ratio
2021-01-07,-0.2647058823529412,,0.2441176470588235,,,,,,,-0.21239030460388722,
2021-01-08,0.33529411764705885,,-0.16764705882352943,,,,,,,0.2823529411764706,
2021-01-11,0.06181017125905231,,-0.2178072701509463,,,,,,,-0.02207506116394726,
2021-01-12,0.19117647058823528,,0.023529411764705882,,,,,,,0.7852941176470588,
2021-01-13,-0.3852941176470588,,0.5676470588235295,,,,,,,-0.49979704043076023,
2021-01-14,-0.07058823529411765,,-0.5,,,,,,,0.02941176470588235,
2021-01-15,0.049999999999999996,,-0.31176470588235294,,,,,,,-0.18529411764705883,
2021-01-18,0.1103753058197363,,0.035320097862315616,,,,,,,0.5636498950527866,0.3502576371346298
2021-01-19,0.3,,-0.2029411764705882,,,,,,,0.30882352941176466,0.4970588235294117
2021-01-20,0.5200142667050798,,0.2829707263266958,,,,,,,0.17481961102905813,0.48593925777568703
2021-01-21,-0.18823529411764706,,-0.044117647058823525,,,,,,,0.3029411764705882,-0.03823529411764706
2021-01-22,-0.31764705882352945,,0.10882352941176471,,,,,,,0.044117647058823525,-0.7352941176470589
2021-01-25,0.11470588235294117,,0.03529411764705882,,,,,,-0.2676470588235294,-0.2411764705882353,-0.023529411764705882
2021-01-26,-0.14749326708603278,,-0.18879138187012195,,,,,,0.2389390926793731,0.7286167394050018,0.3067859955389482
2021-01-27,0.5548198705872077,,-0.244297343547683,,,,,,-0.1427520621935256,0.09860193986563108,-0.4738779796527344
2021-01-28,0.004415012232789452,,-0.10882352941176471,,,,,,-0.02058823529411765,0.12352941176470587,0.2735294117647059
2021-01-29,0.05294117647058824,,-0.15882352941176472,,,,,,-0.0058823529411764705,0.4382352941176471,0.5588235294117647
2021-02-01,-0.4088235294117647,,0.27941176470588236,,,,,,0.10882352941176471,-0.19705882352941176,-0.35000000000000003
2021-02-02,0.16593047826486876,,-0.2622294165435872,,-0.017778265528378797,,,,-0.17778265528378798,0.09481741615135357,-0.005926088509459598
2021-02-03,0.2531273680132619,,-0.27520242917720916,,-0.22369395312799886,,,,-0.43267119881336624,-0.3590876616002087,0.19278886749847268
2021-02-04,-0.34705882352941175,,0.15294117647058825,,0.02058823529411765,,,,-0.0058823529411764705,-0.13856571322582598,0.011764705882352941
2021-02-05,0.5268581264462079,,0.05003680530494712,,0.09565859837710479,,,,0.06769685423610491,0.1780721600558412,-0.5504048583544183
2021-02-17,0.07352941176470588,,-0.19117647058823528,,-0.3029411764705882,,,,-0.06764705882352941,-0.3029411764705882,-0.055882352941176466
2021-02-18,0.1323529411764706,,-0.28823529411764703,,-0.6529411764705881,,,,-0.5470588235294118,0.08606776829170192,0.22352941176470587
2021-02-19,0.0029411764705882353,,0.3323529411764706,,-0.5735294117647058,,,,-0.7352941176470589,0.1176470588235294,0.10294117647058824
2021-02-22,-0.3970588235294118,,-0.15588235294117647,,-0.7529411764705882,,,,-0.5058823529411764,0.5823529411764706,0.6235294117647059
2021-02-23,0.1339220377279467,,-0.13686537921647302,,-0.17954383080010436,,,,-0.478292991885524,0.21633559940668312,0.5680649072855761
2021-02-24,-0.3764705882352941,,0.0058823529411764705,,0.07647058823529412,,,,0.2088235294117647,0.02647058823529412,-0.09117647058823529
2021-02-25,0.27058823529411763,,0.10294117647058824,,-0.19705882352941176,,,,0.11176470588235293,-0.12941176470588234,0.4852941176470588
2021-02-26,-0.3126857262223895,,-0.22713963131249046,,-0.061947172176133755,,,,-0.20354070857872522,-0.1592927284529154,-0.14749326708603278
2021-03-02,-0.411764705882353,,-0.29411764705882354,,-0.09999999999999999,,,,-0.4441176470588235,-0.2323529411764706,0.11176470588235293
2021-03-03,0.38557773499694536,,-0.04120678083936821,,0.5504048583544183,,,,0.3649743445772613,0.2413540020591567,0.1633554526132097
2021-03-04,0.34289928341331405,,0.057395159026262875,,0.07799854944594697,,,,0.1810155015443675,0.31346586852805103,0.03973511009510507
2021-03-05,0.04415012232789452,,0.2604857217345777,,0.7667404577611014,,,,0.538631492400313,0.22663729461652515,0.08388523242299958
2021-03-08,0.22941176470588234,,0.4764705882352941,,0.3529411764705882,,,,0.38823529411764707,0.008823529411764706,-0.4676470588235294
2021-03-09,0.16224259379463604,,-0.1533929977694741,0.05014771080925114,0.17404205516151866,,,,0.09439569093506098,-0.42773047454949503,-0.20354070857872522
2021-03-10,-0.27058823529411763,,-0.4941176470588235,-0.4705882352941176,-0.22058823529411767,,,,-0.45294117647058824,-0.6235294117647059,0.1264705882352941
2021-03-11,0.45033124774452404,,-0.08241356167873642,-0.6342900907774178,-0.5018397237937344,,,,-0.3046358440624721,-0.04120678083936821,-0.016188378186894652
2021-03-12,-0.31176470588235294,,-0.008823529411764706,0.0058823529411764705,0.2441176470588235,,,,0.4264705882352941,-0.1176470588235294,0.23823529411764705
2021-03-15,-0.085546094909899,,0.02949865341720655,-0.6519202405202648,-0.5545746842434832,,,,-0.45132939728326027,0.04719784546753049,0.25958815007141767
2021-03-16,-0.008849596025161967,,-0.10914501764366427,0.2507385540462557,-0.28908680348862426,,,,-0.061947172176133755,-0.20059084323700457,-0.09734555627678164
2021-03-17,0.29411764705882354,,0.34705882352941175,0.14411764705882352,0.03529411764705882,,,,0.1264705882352941,0.03823529411764706,0.1411764705882353
2021-03-18,-0.2676470588235294,,0.07352941176470588,0.32647058823529407,-0.1411764705882353,,,,0.22941176470588234,-0.15044313242775342,0.07352941176470588
2021-03-19,0.08823529411764705,,0.23823529411764705,0.05294117647058824,0.2911764705882353,,,,0.11176470588235293,-0.10882352941176471,0.7999999999999999
2021-03-22,-0.16176470588235295,,0.3529411764705882,0.5411764705882353,0.2823529411764706,,,,0.5735294117647058,0.3911764705882353,-0.15882352941176472
2021-03-23,-0.6033850051478917,,-0.40765279616089267,0.14716707442631505,0.15305375740336766,,,,0.07947022019021013,-0.15894044038042027,-0.1339220377279467
2021-03-24,0.09999999999999999,,-0.11470588235294117,-0.22941176470588234,-0.15588235294117647,,,,-0.17058823529411765,-0.03823529411764706,0.15
2021-03-25,-0.3333424786571024,,-0.7037230104983273,-0.24148810676047866,-0.4355675054452805,,,,-0.456308815228389,0.11852177018919197,0.14815221273648996
2021-03-26,0.3058823529411765,,-0.17058823529411765,0.15588235294117647,0.5323529411764706,,,,0.3911764705882353,-0.10882352941176471,-0.34705882352941175
2021-03-29,0.35260226631284614,,-0.2874152927087905,0.27704463781723626,0.013333699146284097,,,,0.13037394720811116,0.205931575703721,0.019259787655743696
2021-03-30,0.3767477105313665,,0.37969105201989284,-0.33554092969199834,-0.11184697656399943,,,,0.03384842711805246,0.027199302095009616,0.26490073396736713
2021-03-31,0.3982318211322885,,0.1828916511866806,0.1386436710608708,-0.2123903046038872,,,,0.1386436710608708,0.26548788075485896,0.08849596025161967
2021-04-01,-0.032376756373789305,,-0.28991913661984064,-0.03384842711805246,-0.3527245949926362,,,,-0.26342906322310394,0.2369389898263672,-0.019131719675420957
2021-04-07,,,,-0.13245036698368357,-0.4120678083936822,,,,-0.3679176860657877,,-0.27373075843294603
2021-04-08,-0.03529411764705882,,-0.22941176470588234,-0.10882352941176471,-0.45294117647058824,,,,-0.19705882352941176,-0.28529411764705886,0.22352941176470587
2021-04-09,-0.02647058823529412,,0.13823529411764704,-0.014705882352941175,0.18235294117647058,,,,0.3588235294117647,0.34705882352941175,-0.11176470588235293
2021-04-12,-0.4088235294117647,,-0.5235294117647059,-0.14411764705882352,-0.10882352941176471,,,,-0.07352941176470588,0.45630881522838906,0.3294117647058824
2021-04-13,-0.0029411764705882353,,-0.07647058823529412,0.1176470588235294,-0.1764705882352941,,,,-0.06176470588235294,-0.0823529411764706,0.1647058823529412
2021-04-14,-0.5882352941176471,,-0.25,0.3294117647058824,-0.047058823529411764,,,,0.3205882352941176,0.1647058823529412,0.3911764705882353
2021-04-15,0.33554092969199834,,0.13245036698368357,0.20014722121978848,0.2295806361050515,,,,0.05445181753773658,-0.3622974963181148,0.2604857217345777
2021-04-16,0.3852941176470588,,0.4382352941176471,0.35000000000000003,0.4970588235294117,,,,0.7676470588235293,0.6130441039724733,0.7352941176470589
2021-04-19,-0.23303936199593175,,0.2123903046038872,-0.2389390926793731,-0.1386436710608708,,,,-0.27433747678002096,-0.2450190507139496,-0.40118168647400915
2021-04-20,0.0588235294117647,,0.10882352941176471,-0.2323529411764706,0.19117647058823528,,,,0.3735294117647059,0.10294117647058824,0.049999999999999996
2021-04-21,0.38116272276415597,,-0.244297343547683,0.596026651426576,0.10007361060989424,,,,0.05298014679347341,0.1398087207049993,0.030905085629526156
2021-04-22,-0.17352941176470588,,-0.30882352941176466,-0.3235294117647059,-0.25588235294117645,,,,-0.6176470588235293,-0.17941176470588235,-0.2823529411764706
2021-04-23,0.5929229336858518,,0.2861369381469036,0.1917412472118426,0.5162264348011146,,,,0.32153532224755144,0.011799461366882622,0.0914458255933403
2021-04-26,-0.5284145792505661,,0.017699192050323935,-0.08259622956817834,-0.06784690285957506,,,,-0.014749326708603275,-0.42773047454949503,-0.5516248189017626
2021-04-27,0.4414935939547401,,-0.10518807104290787,0.05777936296723109,-0.10370654891554298,,,,0.03703805318412249,0.45715577936120083,0.07703915062297478
2021-04-28,0.16777046484599917,,-0.3119941977837879,-0.2369389898263672,-0.2192789408952094,,,,-0.19573220898699903,-0.15599709889189395,-0.39146441797399806
2021-04-29,-0.2735294117647059,,0.17058823529411765,-0.02647058823529412,0.07647058823529412,,,,0.21470588235294116,-0.21176470588235297,0.1176470588235294
2021-05-03,-0.19411764705882353,,-0.07647058823529412,0.05294117647058824,-0.23823529411764705,,,,-0.3911764705882353,-0.3058823529411765,0.12941176470588234
2021-05-04,0.44705882352941173,,0.31176470588235294,0.0058823529411764705,0.3529411764705882,,,,0.44117647058823534,0.3058823529411765,0.03529411764705882
2021-05-05,-0.06764705882352941,,0.4147058823529412,0.31764705882352945,0.3147058823529411,,,,0.3911764705882353,0.31764705882352945,0.4205882352941176
2021-05-06,-0.2088235294117647,,-0.25,-0.3852941176470588,-0.5117647058823529,,,,-0.4176470588235294,-0.19117647058823528,0.24705882352941175
2021-05-07,0.40294117647058825,,0.06176470588235294,0.5794117647058823,0.7647058823529411,,,,0.7764705882352941,0.4852941176470588,0.44117647058823534
2021-05-10,-0.3558823529411765,,0.4441176470588235,-0.13823529411764704,0.02647058823529412,,,,0.13823529411764704,0.2088235294117647,-0.17058823529411765
2021-05-11,-0.7235294117647059,,-0.3764705882352941,-0.45294117647058824,-0.6941176470588235,,,,-0.6,-0.40294117647058825,-0.4558823529411765
2021-05-12,-0.1647058823529412,,-0.11470588235294117,-0.4617647058823529,-0.6588235294117648,,,,-0.4676470588235294,-0.03529411764705882,-0.36176470588235293
2021-05-13,0.5323529411764706,,-0.4382352941176471,-0.30882352941176466,-0.10294117647058824,,,,-0.3588235294117647,0.411764705882353,0.4852941176470588
2021-05-14,-0.12352941176470587,,-0.55,-0.07647058823529412,-0.1647058823529412,,,,-0.28529411764705886,-0.1323529411764706,0.02941176470588235
2021-05-17,-0.15294117647058825,,-0.2088235294117647,0.3323529411764706,-0.06176470588235294,,,,-0.0823529411764706,-0.6735294117647058,-0.4676470588235294
2021-05-18,0.007358353721315752,,0.026490073396736705,-0.18984552600994642,-0.05445181753773658,,,,0.035320097862315616,-0.4518029184887871,-0.2619573924788408
2021-05-19,-0.03679176860657876,,-0.03679176860657876,-0.16777046484599917,-0.014716707442631503,,,,-0.27520242917720916,-0.47976466262978706,0.07652687870168383
2021-05-20,-0.21764705882352942,,0.2588235294117647,0.1411764705882353,-0.1176470588235294,,,,0.1323529411764706,-0.06489703751785442,0.1176470588235294
2021-05-21,-0.19867555047552532,,-0.1692421355902623,-0.06181017125905231,-0.12950702549515722,,,,-0.2281089653607883,-0.2842415316642121,-0.8535690316726273
2021-05-24,-0.07064019572463123,,-0.020603390419684106,-0.2516556972689987,-0.6328184200331548,,,,-0.5871966269609971,-0.0615284264208007,-0.7667404577611014
2021-05-25,-0.3588235294117647,,0.24705882352941175,0.14411764705882352,0.4176470588235294,,,,0.36176470588235293,0.053097576150971805,-0.2764705882352941
2021-05-26,0.055923488281999716,,0.1942605382427359,0.09271525688857848,0.41648282062647163,,,,0.46799129667568184,-0.22222228238373573,-0.23988233131489353
2021-05-27,-0.34411764705882353,,-0.14705882352941177,-0.2352941176470588,-0.55,,,,-0.35000000000000003,0.22352941176470587,0.12352941176470587
2021-05-28,-0.40294117647058825,,-0.12058823529411765,0.34705882352941175,-0.5705882352941177,,,,-0.25588235294117645,0.15882352941176472,-0.37058823529411766
2021-05-31,-0.21470588235294116,,-0.2676470588235294,-0.4205882352941176,0.19117647058823528,,,,-0.1764705882352941,-0.12000329231655686,-0.21470588235294116
2021-06-01,-0.1176470588235294,,-0.18529411764705883,-0.5,-0.0588235294117647,,,,-0.0411764705882353,0.1176470588235294,-0.21470588235294116
2021-06-02,-0.4926275120673494,,-0.12684420969398819,0.3480841103230373,-0.7433660661136052,,,,-0.38643235976540585,-0.26331360946745563,0.17699192050323934
2021-06-03,0.15555982337331448,,-0.12148481444392176,0.5555707977618374,0.24148810676047866,,,,0.06518697360405558,-0.17185656677432837,0.10518807104290787
2021-06-04,-0.1061951523019436,,0.09439569093506098,0.03539838410064787,0.07079676820129574,,,,0.40118168647400915,0.1592927284529154,0.1651924591363567
2021-06-07,0.07064019572463123,,0.06328184200331548,-0.18543051377715697,0.3958794302067875,,,,0.10743196433120998,0.14422373293778876,0.038263439350841914
2021-06-08,0.12941176470588234,,-0.06764705882352941,0.06470588235294117,0.3941176470588235,,,,0.23823529411764705,0.06470588235294117,0.02941176470588235
2021-06-09,-0.005886682977052602,,-0.042678451583631365,0.21633559940668312,0.2384106605706304,,,,-0.2060339041968411,-0.032376756373789305,-0.08682857391152587
2021-06-10,0.250377239524668,,-0.48445773564832223,0.05777936296723109,-0.23111745186892435,,,,-0.4681609922473082,0.09212572956874589,0.008889132764189399
2021-06-11,-0.02647058823529412,,-0.0588235294117647,0.488235294117647,0.4676470588235294,,,,-0.011764705882352941,-0.10301695209842054,0.5058823529411764
2021-06-15,0.2016188919640516,,-0.2735294117647059,0.27941176470588236,-0.09117647058823529,,,,0.15588235294117647,0.22058823529411767,-0.3529411764705882
2021-06-16,-0.01764705882352941,,-0.19411764705882353,-0.28529411764705886,0.09999999999999999,,,,-0.19117647058823528,-0.21239030460388722,0.18823529411764706
2021-06-17,-0.11470588235294117,,-0.0029411764705882353,-0.008823529411764706,-0.29705882352941176,,,,-0.008823529411764706,0.10588235294117648,0.2676470588235294
2021-06-18,0.2088235294117647,,-0.6411764705882352,0.07058823529411765,-0.19411764705882353,,,,-0.07941176470588236,0.3807511867327792,0.3147058823529411
2021-06-21,-0.33112591745920883,,-0.07652687870168383,-0.5062547360265238,0.05003680530494712,,,,-0.08094189093447328,-0.1192053302853152,0.17954383080010436
2021-06-22,-0.31764705882352945,,-0.5294117647058824,0.2911764705882353,0.38235294117647056,,,,0.0411764705882353,-0.11470588235294117,0.42352941176470593
2021-06-23,-0.12058823529411765,,-0.13529411764705881,-0.02647058823529412,-0.09999999999999999,,,,-0.05294117647058824,0.0588235294117647,-0.31176470588235294
2021-06-24,0.12684420969398819,,0.10029542161850229,-0.09734555627678164,0.07079676820129574,,,,0.2300894966542111,0.011799461366882622,-0.11209488298538492
2021-06-25,-0.7147058823529412,,-0.31764705882352945,-0.5117647058823529,-0.5794117647058823,,,,-0.7441176470588236,-0.6441176470588235,-0.25
2021-06-28,-0.016296743401013895,,-0.05629784083986619,0.20000548719426145,0.3881587973696037,,,,-0.26371093867095213,-0.010370654891554297,-0.016296743401013895
2021-06-29,-0.04129811478408917,,-0.03539838410064787,-0.1858415165284013,-0.05604744149269246,,,,0.26253801541313837,0.2514792899408284,0.45722912796670157
2021-06-30,-0.43414286955762943,,-0.2516556972689987,0.13539370847220983,-0.13833704996073615,,,,-0.2869757951313143,-0.017660048931157808,-0.011773365954105204
2021-07-01,-0.1411764705882353,,-0.36764705882352944,-0.15588235294117647,-0.06764705882352941,,,,-0.5117647058823529,0.09825015015781494,-0.1647058823529412
2021-07-02,-0.65,,0.26176470588235295,0.18235294117647058,0.4518029184887872,,,,0.42352941176470593,0.08849596025161967,-0.1411764705882353
2021-07-05,0.035320097862315616,,-0.4323529411764706,-0.03529411764705882,0.02941176470588235,,,,-0.4735294117647058,-0.1162619887967889,-0.2352941176470588
2021-07-06,0.04129811478408917,,-0.32153532224755144,-0.3569337063481993,-0.4306803398912157,,,,-0.4601789933084222,-0.10324528696022295,-0.16814232447807734
2021-07-07,0.09151313942328239,,-0.17404205516151866,-0.09439569093506098,-0.14749326708603278,,,,-0.18879138187012195,0.3256006435692383,0.12389434435226751
2021-07-08,-0.22941176470588234,,0.05294117647058824,0.0029411764705882353,0.03823529411764706,,,,0.09411764705882353,-0.05150847604921027,0.19705882352941176
2021-07-09,-0.09999999999999999,,0.18823529411764706,-0.09705882352941177,0.2352941176470588,,,,0.31176470588235294,-0.3411764705882353,0.31176470588235294
2021-07-12,-0.17352941176470588,,-0.5794117647058823,-0.4088235294117647,0.1162619887967889,,,,-0.26176470588235295,-0.11470588235294117,0.23823529411764705
2021-07-13,0.1533929977694741,,0.6283213177864996,-0.26253801541313837,-0.14159353640259148,,,,0.1858415165284013,0.4483795319415397,0.43363020523293644
2021-07-14,-0.6941176470588235,,-0.3382352941176471,0.2529411764705882,-0.08823529411764705,,,,-0.21470588235294116,-0.10588235294117648,0.2058823529411765
2021-07-15,-0.1176470588235294,,-0.1647058823529412,0.55,0.17941176470588235,,,,0.19117647058823528,0.047058823529411764,0.29411764705882354
2021-07-16,0.048565134560683974,,-0.4709346381642081,-0.5047830652822606,-0.2869757951313143,,,,-0.43708621104615575,-0.28256078289852493,-0.3590876616002087
2021-07-19,-0.6,,-0.02941176470588235,-0.032352941176470584,-0.42352941176470593,,,,-0.21470588235294116,0.011764705882352941,-0.2323529411764706
2021-07-20,0.3235294117647059,,-0.21470588235294116,-0.08529411764705883,-0.10882352941176471,,,,0.15,0.43952993591637773,0.6411764705882352
2021-07-21,-0.10294117647058824,,0.411764705882353,0.05294117647058824,0.3558823529411765,,,,0.16176470588235295,-0.14705882352941177,0.02941176470588235
2021-07-22,-0.7058823529411764,,-0.15294117647058825,0.008823529411764706,-0.0058823529411764705,,,,-0.15882352941176472,-0.3558823529411765,-0.032352941176470584
2021-07-23,-0.12941176470588234,,0.5470588235294118,0.08823529411764705,-0.4264705882352941,,,,-0.10588235294117648,0.4088235294117647,-0.1323529411764706
2021-07-26,-0.11176470588235293,,0.07058823529411765,-0.14411764705882352,-0.5764705882352941,,,,-0.3735294117647059,0.3382352941176471,-0.1323529411764706
2021-07-27,0.43267119881336624,,-0.10743196433120998,-0.17954383080010436,-0.3929360887182612,,,,-0.08388523242299958,-0.1633554526132097,-0.166298794101736
2021-07-28,-0.17941176470588235,,0.4735294117647058,0.07352941176470588,0.1264705882352941,,,,0.19117647058823528,-0.3941176470588235,-0.1647058823529412
2021-07-29,0.30882352941176466,,0.06176470588235294,0.2823529411764706,0.30882352941176466,,,,0.5088235294117647,0.3735294117647059,-0.07058823529411765
2021-07-30,-0.1323529411764706,,-0.1264705882352941,-0.38823529411764707,-0.12058823529411765,,,,-0.19999999999999998,-0.15,-0.4294117647058823
2021-08-02,0.3529411764705882,,0.2764705882352941,0.34411764705882353,0.5147058823529412,,,,0.4911764705882353,0.3294117647058824,0.10882352941176471
2021-08-03,-0.35000000000000003,,0.23823529411764705,0.6088235294117647,0.4176470588235294,,,,0.4058823529411764,-0.12941176470588234,0.3
2021-08-04,-0.11941628680530642,,0.1522557656767657,0.014927035850663302,0.27764286682233746,,,,0.032839478871459264,-0.07762058642344917,0.23286175927034755
2021-08-05,-0.055882352941176466,,-0.2323529411764706,-0.3558823529411765,-0.3558823529411765,,,,-0.4294117647058823,-0.15,-0.3764705882352941
2021-08-06,-0.09713026912136795,,-0.3752760397871034,-0.32523923448215625,-0.16777046484599917,,,,-0.31346586852805103,0.2207506116394726,-0.2325239775935778
2021-08-09,-0.09411764705882353,,-0.06470588235294117,0.13529411764705881,0.014705882352941175,,,,-0.08529411764705883,-0.1592927284529154,0.0058823529411764705
2021-08-10,0.2855041243870512,,-0.07211186646889438,-0.18690218452142013,0.35320097862315614,,,,0.055923488281999716,-0.09340459914482997,-0.18543051377715697
2021-08-11,0.1970368732287556,,0.18509524454822493,0.5463295121342768,0.5821543981758689,,,,0.47169433288096035,-0.032839478871459264,0.20599309473915356
2021-08-12,0.09705882352941177,,-0.4294117647058823,-0.011764705882352941,-0.25,,,,-0.22941176470588234,0.1323529411764706,0.2529411764705882
2021-08-13,0.4253128450920505,,0.11331864730826258,0.1162619887967889,0.05003680530494712,,,,0.010301695209842053,-0.244297343547683,0.4120678083936822
2021-08-17,0.13823529411764704,,0.08823529411764705,0.0411764705882353,0.0588235294117647,,,,0.15294117647058825,-0.22647058823529412,-0.33529411764705885
2021-08-18,0.06176470588235294,,0.22941176470588234,-0.28823529411764703,-0.3911764705882353,,,,-0.15882352941176472,0.3294117647058824,
2021-08-19,-0.38823529411764707,,0.02647058823529412,0.1647058823529412,0.03823529411764706,,,,0.12058823529411765,-0.2058823529411765,-0.4294117647058823
2021-08-20,-0.29411764705882354,,-0.19999999999999998,-0.5,-0.21764705882352942,,,,-0.17941176470588235,-0.25,0.09411764705882353
2021-08-23,-0.02647058823529412,,0.1323529411764706,-0.0411764705882353,-0.10882352941176471,,,,-0.10294117647058824,0.2058823529411765,0.0029411764705882353
2021-08-24,0.4617647058823529,,0.08823529411764705,-0.17941176470588235,-0.21470588235294116,,,,-0.13823529411764704,0.3205882352941176,0.0058823529411764705
2021-08-25,-0.061947172176133755,,-0.26253801541313837,0.26548788075485896,0.3569337063481993,,,,0.03244851875892721,0.171092189819798,0.25958815007141767
2021-08-26,0.36764705882352944,,-0.3294117647058824,0.18823529411764706,0.11176470588235293,,,,0.22352941176470587,0.09705882352941177,-0.09117647058823529
2021-08-27,0.15294117647058825,,-0.07941176470588236,0.1264705882352941,-0.0058823529411764705,,,,0.11176470588235293,-0.29411764705882354,0.2411764705882353
2021-08-30,0.014716707442631503,,0.33701260043626147,-0.1633554526132097,0.15452542814763082,,,,-0.004415012232789452,0.3762886597938144,-0.36350267383299817
2021-08-31,-0.12352941176470587,,-0.1176470588235294,0.10588235294117648,-0.18235294117647058,,,,-0.1411764705882353,0.011764705882352941,-0.18823529411764706
2021-09-01,-0.33529411764705885,,0.0823529411764706,-0.4205882352941176,-0.2529411764705882,,,,-0.28529411764705886,-0.29037833696352033,-0.39999999999999997
2021-09-02,0.13245036698368357,,0.1486387451705782,0.32229589299362993,0.39146441797399806,,,,0.46799129667568184,0.41180912740477077,-0.07652687870168383
2021-09-03,0.0029411764705882353,,0.06764705882352941,-0.36764705882352944,0.19411764705882353,,,,-0.0588235294117647,0.12941176470588234,-0.06176470588235294
2021-09-06,0.27373075843294603,,-0.15158208665910447,-0.09271525688857848,-0.3046358440624721,,,,-0.2207506116394726,-0.21192058717389364,-0.12656368400663096
2021-09-07,-0.047093463816420815,,-0.11184697656399943,-0.6460634567315231,-0.61663004184626,,,,-0.5827816147282076,-0.4738779796527344,-0.28991913661984064
2021-09-08,0.1486387451705782,,-0.24871235578047243,0.6666668471512072,0.578366602495418,,,,0.4385578817904188,0.37969105201989284,0.17218547707878862
2021-09-09,-0.0058823529411764705,,0.35000000000000003,-0.3911764705882353,0.15882352941176472,,,,0.2529411764705882,0.10294117647058824,0.45
2021-09-10,-0.22058823529411767,,-0.0588235294117647,-0.055882352941176466,-0.0588235294117647,,,,0.16764705882352943,0.09705882352941177,0.1176470588235294
2021-09-13,-0.02501840265247356,,0.1427520621935256,-0.31052252703952476,-0.5989699929151022,,,,-0.5901399684495234,-0.20777244655910124,0.15746876963615708
2021-09-14,0.05604744149269246,,0.085546094909899,-0.2920366688303449,-0.09439569093506098,,,,-0.0265487880754859,0.25151504349833814,0.1533929977694741
2021-09-15,0.1604121111246834,,0.18395884303289384,-0.20014722121978848,-0.2369389898263672,,,,-0.3164092100165774,-0.25394640345746583,-0.055923488281999716
2021-09-16,0.2352941176470588,,0.12941176470588234,-0.21764705882352942,-0.4323529411764706,,,,-0.34705882352941175,-0.14705882352941177,0.2911764705882353
2021-09-17,0.2352941176470588,,-0.08823529411764705,-0.36470588235294116,-0.5441176470588236,,,,-0.3,0.19131719675420955,-0.18235294117647058
2021-09-22,0.15,,0.3941176470588235,0.4588235294117647,0.19705882352941176,,,,0.3764705882352941,-0.3764705882352941,0.4852941176470588
2021-09-23,-0.19117647058823528,,0.047058823529411764,0.008823529411764706,0.04856513456068397,,,,-0.3235294117647059,-0.31764705882352945,-0.2764705882352941
2021-09-24,0.18235294117647058,,0.36176470588235293,0.03823529411764706,-0.07941176470588236,,,,-0.0058823529411764705,-0.19705882352941176,0.4058823529411764
2021-09-27,0.19999999999999998,,0.2588235294117647,0.45,0.29705882352941176,,,,0.36764705882352944,0.07463517925331652,0.15882352941176472
2021-09-28,0.3382352941176471,,-0.14411764705882352,0.10588235294117648,-0.3411764705882353,,,,-0.15588235294117647,0.09999999999999999,0.12058823529411765
2021-09-29,-0.02113945186111977,,-0.2929324043612311,-0.2159244011528662,-0.19780487098619212,,,,-0.3684304467223731,-0.5315062182224398,-0.3623906033334818
2021-09-30,0.1456954036820519,,-0.4150111498822085,-0.33406925894773515,-0.578366602495418,,,,-0.351729307878893,-0.06033850051478917,-0.3958794302067875
2021-10-01,0.020649057392044586,,-0.2684377460965796,0.4542792626249809,0.38643235976540585,,,,0.28023720746346226,0.02949865341720655,0.6342210484699409
2021-10-04,0.03529411764705882,,0.4205882352941176,0.36176470588235293,0.24705882352941175,,,,0.38235294117647056,-0.1764705882352941,0.07058823529411765
2021-10-05,0.09411764705882353,,0.4852941176470588,0.3735294117647059,0.49006635783962915,,,,0.5176470588235293,0.22941176470588234,0.36176470588235293
2021-10-06,0.566593236541313,,-0.45033124774452404,-0.1751288185673149,-0.5415748338888393,,,,-0.5121414190035765,0.12950702549515722,0.09271525688857848
2021-10-07,0.35398384100647867,,0.5781736069772485,0.3775827637402439,0.26253801541313837,,,,0.13274394037742948,0.2300894966542111,0.2861369381469036
2021-10-08,0.4253128450920505,,-0.14422373293778876,-0.002943341488526301,0.08094189093447328,,,,0.08977191540005218,0.4297278573248399,0.14716707442631505
2021-10-12,0.20944043926216654,,0.5575245495852039,0.5280258961679973,0.5840733376606898,,,,0.6047223950527344,0.25958815007141767,-0.15634286311119475
2021-10-13,0.34705882352941175,,-0.22058823529411767,-0.4735294117647058,-0.3235294117647059,,,,-0.3382352941176471,0.10588235294117648,0.05294117647058824
2021-10-14,-0.03529411764705882,,-0.44705882352941173,-0.4058823529411764,-0.5529411764705882,,,,-0.5529411764705882,-0.06764705882352941,-0.09117647058823529
2021-10-15,-0.2064905739204459,,-0.2359892273376524,0.061947172176133755,-0.04870860646723096,,,,-0.0796463642264577,-0.49889421169466847,0.30973586088066885
2021-10-18,0.12352941176470587,,-0.2088235294117647,-0.13529411764705881,-0.40470945467236635,,,,-0.4147058823529412,-0.005886682977052602,0.4441176470588235
2021-10-19,0.06176470588235294,,0.4970588235294117,-0.08529411764705883,-0.02941176470588235,,,,0.1323529411764706,-0.17941176470588235,-0.1764705882352941
2021-10-20,-0.2911764705882353,,0.1176470588235294,-0.5176470588235293,-0.566593236541313,,,,-0.4323529411764706,-0.5930833099380496,0.2529411764705882
2021-10-21,0.047058823529411764,,0.1323529411764706,0.0,-0.07058823529411765,,,,0.023529411764705882,0.342184379639596,-0.11176470588235293
2021-10-22,0.14411764705882352,,0.6676470588235294,-0.05294117647058824,0.1411764705882353,,,,0.2411764705882353,0.0,0.3
2021-10-25,0.4900663578396291,,-0.032376756373789305,0.478292991885524,-0.2178072701509463,,,,0.13833704996073615,-0.11266568483063327,-0.13686537921647302
2021-10-26,-0.12684420969398819,,-0.023598922733765244,-0.1917412472118426,-0.04129811478408917,,,,-0.3126857262223895,-0.6489703751785442,0.13569380571915013
2021-10-27,0.07352941176470588,,0.3735294117647059,0.55,0.36470588235294116,,,,0.18529411764705883,0.6764705882352942,0.44117647058823534
2021-10-28,-0.23399564833784092,,-0.09271525688857848,-0.17660048931157807,0.11331864730826258,,,,-0.13245036698368357,0.19719494018881972,-0.34584262490184037
2021-10-29,0.29411764705882354,,0.4176470588235294,-0.07352941176470588,0.27941176470588236,,,,0.21176470588235297,0.14031413699623504,0.07352941176470588
2021-11-01,-0.27058823529411763,,-0.4735294117647058,0.15,0.38823529411764707,,,,0.37941176470588234,-0.10619515230194361,-0.18235294117647058
2021-11-02,-0.1858415165284013,,-0.2300894966542111,0.10324528696022295,-0.3923320904488472,,,,-0.32153532224755144,-0.7905639115811357,-0.12094447901054688
2021-11-03,-0.21470588235294116,,-0.18823529411764706,0.10882352941176471,0.3147058823529411,,,,0.1264705882352941,0.7617647058823529,0.3
2021-11-04,0.19278886749847268,,0.22663729461652515,0.27078741694441966,0.17452135493372606,,,,0.19720387973126216,0.2325239775935778,-0.18837385526568326
2021-11-05,-0.19117647058823528,,-0.09705882352941177,-0.011764705882352941,-0.4690285893335842,,,,-0.4205882352941176,-0.4058823529411764,0.09999999999999999
2021-11-08,0.2647058823529412,,0.2676470588235294,0.2735294117647059,0.4735294117647058,,,,0.2823529411764706,-0.10448862284268369,0.26176470588235295
2021-11-09,-0.6588235294117648,,-0.10882352941176471,0.0,0.004415012232789452,,,,0.25588235294117645,-0.23693898982636719,-0.4676470588235294
2021-11-10,0.058866829770526014,,-0.5106697482593132,-0.12656368400663096,-0.3590876616002087,,,,-0.18837385526568326,0.4709346381642081,0.042678451583631365
2021-11-11,0.2588235294117647,,-0.3558823529411765,-0.18235294117647058,0.049999999999999996,,,,-0.2676470588235294,-0.1327439403774295,-0.055882352941176466
2021-11-12,-0.18235294117647058,,0.06470588235294117,0.09117647058823529,0.4147058823529412,,,,0.4735294117647058,0.23988233131489356,-0.36470588235294116
2021-11-15,0.23303936199593175,,0.4188808785243331,0.12684420969398819,0.30973586088066885,,,,0.7846641808976944,0.46789782576097605,0.6696194325705888
2021-11-16,-0.03679176860657876,,-0.15158208665910447,0.13539370847220983,0.10154528135415737,,,,0.026490073396736705,0.24282567280341982,0.011773365954105204
2021-11-17,0.3237675637378931,,0.35467264936741927,0.38557773499694536,0.351729307878893,,,,0.3723326982985771,0.3929360887182612,0.31788088076084053
2021-11-18,-0.2029411764705882,,0.21764705882352942,0.17352941176470588,0.3294117647058824,,,,0.02058823529411765,-0.047058823529411764,-0.5176470588235293
2021-11-19,-0.04415012232789452,,-0.02207506116394726,-0.2855041243870512,-0.30169250257394586,,,,-0.2943341488526301,0.057395159026262875,-0.43119952806910306
2021-11-22,-0.3294117647058824,,-0.65,-0.25,-0.5470588235294118,,,,-0.45,-0.29411764705882354,-0.13529411764705881
2021-11-23,-0.07058823529411765,,-0.3529411764705882,-0.7205882352941175,-0.75,,,,-0.7852941176470588,-0.38938222510712656,0.2676470588235294
2021-11-24,0.061947172176133755,,-0.04129811478408917,0.16814232447807734,0.2920366688303449,,,,0.32743505293099273,-0.04754876364838498,-0.31563559156411014
2021-11-25,-0.13529411764705881,,-0.3058823529411765,-0.23823529411764705,-0.4676470588235294,,,,-0.2911764705882353,-0.23823529411764705,0.02647058823529412
2021-11-26,-0.0029498653417206555,,-0.023598922733765244,-0.2979363995137862,0.171092189819798,,,,0.14159353640259148,0.1533929977694741,-0.11504474832710555
2021-11-29,0.3529411764705882,,-0.4764705882352941,0.07352941176470588,0.25588235294117645,,,,0.18235294117647058,0.09999999999999999,0.4382352941176471
2021-11-30,0.31764705882352945,,0.3205882352941176,0.13529411764705881,0.0823529411764706,,,,0.0,-0.5117647058823529,-0.3529411764705882
2021-12-01,0.09411764705882353,,0.12058823529411765,0.014705882352941175,-0.01764705882352941,,,,-0.047058823529411764,0.09999999999999999,0.1647058823529412
2021-12-02,-0.15259677911858463,,0.13778155784493568,0.35112074418548117,-0.022222831910473497,,,,0.12889242508074628,-0.19259787655743693,-0.30815660249189913
2021-12-03,-0.42352941176470593,,-0.10882352941176471,-0.44117647058823534,-0.31764705882352945,,,,-0.33529411764705885,-0.13135791548583706,-0.2323529411764706
2021-12-06,-0.665195176406944,,0.18248717228863065,0.004415012232789452,0.007358353721315752,,,,-0.032376756373789305,-0.38733431516936667,0.057395159026262875
2021-12-07,-0.37778814247804937,,-0.010370654891554297,-0.15852286762804424,0.4000109743885229,,,,0.13926307997230056,-0.02823207841622858,-0.13630003571757074
2021-12-08,0.28256078289852493,,0.026490073396736705,0.005886682977052602,-0.33701260043626147,,,,-0.1751288185673149,0.11479031805252575,-0.30316417331820894
2021-12-09,-0.5088235294117647,,-0.2647058823529412,0.3,0.35320097862315614,,,,0.5647058823529412,0.2088235294117647,-0.12058823529411765
2021-12-10,-0.06470588235294117,,0.4176470588235294,0.3588235294117647,0.5058823529411764,,,,0.6205882352941177,0.19411764705882353,-0.3852941176470588
2021-12-13,-0.19705882352941176,,-0.5,-0.4088235294117647,-0.34411764705882353,,,,-0.2735294117647059,0.08956221510397981,-0.12352941176470587
2021-12-14,-0.19411764705882353,,0.28823529411764703,0.1764705882352941,0.12941176470588234,,,,0.11470588235294117,-0.33735101022499064,0.06470588235294117
2021-12-15,0.01764705882352941,,0.18529411764705883,-0.6323529411764706,0.2676470588235294,,,,0.411764705882353,-0.08977191540005218,-0.05294117647058824
2021-12-16,-0.0029411764705882353,,-0.19117647058823528,0.6617647058823529,-0.07647058823529412,,,,-0.22941176470588234,0.3323529411764706,0.19117647058823528
2021-12-17,-0.4735294117647058,,-0.0029411764705882353,0.65,0.3382352941176471,,,,0.01764705882352941,-0.02941176470588235,0.0588235294117647
2021-12-20,0.06764705882352941,,-0.5235294117647059,-0.4147058823529412,-0.09999999999999999,,,,-0.2735294117647059,-0.2735294117647059,-0.16176470588235295
2021-12-21,-0.10914501764366427,,0.20354070857872522,-0.11209488298538492,0.24188895802109375,,,,0.3362846489561547,0.0073800918889743855,0.08849596025161967
2021-12-22,0.16176470588235295,,0.02058823529411765,-0.11470588235294117,-0.2411764705882353,,,,-0.3941176470588235,-0.2323529411764706,-0.2764705882352941
2021-12-23,-0.2861369381469036,,0.03244851875892721,-0.5368754921931592,-0.1386436710608708,,,,-0.20354070857872522,-0.04437869822485207,-0.28318707280518296
2021-12-24,0.6696194325705888,,0.02949865341720655,-0.46902858933358416,0.21534016994560784,,,,0.10324528696022295,-0.38165680473372776,0.06784690285957506
2021-12-27,0.3480841103230373,,0.28908680348862426,-0.3716830330568026,0.42183074386605374,,,,0.28318707280518296,-0.26049772362327883,0.0589973068344131
2021-12-28,-0.016188378186894652,,0.06328184200331548,-0.2943341488526301,0.010301695209842053,,,,0.1427520621935256,0.5316642120765831,-0.02501840265247356
2021-12-29,0.07669649888473705,,-0.0265487880754859,-0.3185854569058308,0.36283343703164056,,,,0.39528195579056785,0.46902858933358416,-0.07079676820129574
2021-12-30,0.17352941176470588,,0.1764705882352941,0.4058823529411764,-0.18823529411764706,,,,-0.36470588235294116,-0.008823529411764706,-0.09411764705882353
2022-01-03,0.5301914580265096,,-0.11773365954105203,0.1192053302853152,0.22516562387226202,,,,0.17954383080010436,-0.37702503681885124,0.2663724047116302
2022-01-04,0.04129811478408917,,-0.6283213177864996,-0.4778781853587462,-0.4247806092077744,,,,-0.6194717217613377,-0.2979363995137862,-0.35398384100647867
2022-01-05,0.06328184200331548,,0.23399564833784092,0.08830024465578903,-0.027961744140999858,,,,-0.0014716707442631505,0.09418692763284163,-0.40470945467236635
2022-01-06,-0.05777936296723109,,0.14963373486385487,-0.41482619566217194,-0.4651979479925785,,,,-0.34519465567602164,0.019259787655743696,-0.4770501250114976
2022-01-07,0.07647058823529412,,-0.08529411764705883,0.2529411764705882,-0.22352941176470587,,,,0.011764705882352941,0.2588235294117647,-0.2029411764705882
2022-01-10,0.07555762849560989,,-0.03259348680202779,0.27704463781723626,0.16148591188277406,,,,0.41038162928007715,0.018656716417910453,0.21926527485000516
2022-01-11,0.29874916108541955,,-0.166298794101736,0.23546731908210405,0.3267109052264194,,,,0.2604857217345777,0.5165564312363659,-0.030905085629526156
2022-01-12,0.5558823529411765,,0.31176470588235294,-0.27941176470588236,-0.2058823529411765,0.12058823529411765,,,0.1323529411764706,-0.032352941176470584,0.09117647058823529
2022-01-13,-0.15,,0.014705882352941175,-0.049999999999999996,0.17352941176470588,-0.17352941176470588,,,0.23823529411764705,0.4382352941176471,0.03823529411764706
2022-01-14,-0.31764705882352945,,-0.25588235294117645,-0.6470588235294118,-0.3323529411764706,0.27058823529411763,,,-0.4794117647058824,0.1764705882352941,-0.3411764705882353
2022-01-17,0.488235294117647,,-0.06470588235294117,0.03529411764705882,0.19117647058823528,-0.33529411764705885,,,0.14705882352941177,0.008823529411764706,0.1176470588235294
2022-01-18,-0.2772873421217416,,-0.3982318211322885,-0.22418976597076984,-0.42773047454949503,-0.32153532224755144,,,-0.6224215871030583,-0.02949865341720655,-0.3038361301972275
2022-01-19,-0.2529411764705882,,-0.1647058823529412,0.4264705882352941,-0.1176470588235294,0.35000000000000003,,,0.2764705882352941,-0.3147058823529411,-0.01764705882352941
2022-01-20,-0.22222228238373573,,0.38116272276415597,-0.5106697482593132,-0.3473142956461035,-0.5091980775150501,,,-0.22663729461652515,0.2678440754558934,0.28256078289852493
2022-01-21,0.08529411764705883,,-0.02941176470588235,-0.0058823529411764705,0.30882352941176466,0.24705882352941175,,,0.17058823529411765,-0.36176470588235293,0.19705882352941176
2022-01-24,0.46075338161048385,,0.14815221273648996,-0.44001207182737523,-0.411863151407442,-0.3422316114212918,,,-0.05629784083986619,0.5096436118135255,-0.25778485016149255
2022-01-25,0.11176470588235293,,0.15,0.23823529411764705,0.17058823529411765,0.06764705882352941,,,0.25588235294117645,0.16764705882352943,-0.19411764705882353
2022-01-26,-0.11176470588235293,,-0.09705882352941177,0.2088235294117647,0.15588235294117647,0.16176470588235295,,,0.2029411764705882,-0.10588235294117648,0.11470588235294117
2022-02-07,-0.06470588235294117,,-0.06470588235294117,-0.08529411764705883,-0.23823529411764705,-0.2764705882352941,,,-0.30882352941176466,-0.21470588235294116,0.06176470588235294
2022-02-08,-0.2325239775935778,,0.08682857391152587,-0.2281089653607883,-0.46799129667568184,0.43708621104615575,,,-0.2045622334525779,0.12803535475089411,0.07211186646889438
2022-02-09,-0.44885957700026086,,-0.1339220377279467,-0.2384106605706304,-0.31935255150510367,0.03973511009510507,,,-0.3208242222493668,-0.3046358440624721,0.08535690316726273
2022-02-10,0.21764705882352942,,0.09411764705882353,0.45294117647058824,0.5235294117647059,0.0,,,0.2823529411764706,-0.4058823529411764,-0.21176470588235297
2022-02-11,-0.0588235294117647,,0.25588235294117645,0.5441176470588236,0.4176470588235294,-0.22352941176470587,,,0.33529411764705885,0.31260116887399386,0.07058823529411765
2022-02-14,0.20014722121978848,,-0.5430465046331026,-0.3267109052264194,-0.2943341488526301,-0.18543051377715697,,,-0.3473142956461035,0.048600883652430045,-0.7873438481807855
2022-02-15,-0.0058823529411764705,0.7358353721315752,-0.15,-0.1411764705882353,-0.3294117647058824,0.15588235294117647,0.4835164835164835,-0.1043956043956044,-0.1264705882352941,-0.3735294117647059,-0.21176470588235297
2022-02-16,-0.4823529411764706,-0.23841066057063037,0.0411764705882353,0.37941176470588234,0.13529411764705881,-0.17352941176470588,-0.21428571428571427,0.22527472527472525,0.22647058823529412,-0.3764705882352941,0.2647058823529412
2022-02-17,-0.032352941176470584,-0.11331864730826259,0.2647058823529412,-0.06176470588235294,0.07647058823529412,-0.06176470588235294,-0.010989010989010988,-0.054945054945054944,0.0,0.3205882352941176,0.25
2022-02-18,-0.09418692763284163,0.057437407952871875,0.020603390419684106,0.5239147849576816,0.5886682977052602,-0.2869757951313143,-0.2747252747252747,0.46703296703296704,0.41648282062647163,0.03679176860657876,-0.002943341488526301
2022-02-21,-0.026490073396736705,-0.07658321060382917,0.23105230684931463,-0.11331864730826258,0.1309786962394204,0.07799854944594697,-0.02751034239403647,0.01925723967582553,0.15599709889189395,0.5724799195183656,0.5989699929151022
2022-02-22,-0.38410606425268223,-0.41973490427098675,-0.07211186646889438,0.08682857391152587,-0.055923488281999716,0.12803535475089411,0.2692307692307692,-0.3681318681318681,-0.18690218452142013,-0.1103753058197363,0.1250920132623678
2022-02-23,0.011764705882352941,-0.654893481197102,-0.31764705882352945,-0.09999999999999999,-0.01764705882352941,-0.2323529411764706,-0.45604395604395603,0.03296703296703297,0.02941176470588235,-0.18529411764705883,0.6941176470588235
2022-02-24,-0.08830024465578903,0.34609720176730485,0.22663729461652515,0.4827080041183134,0.43267119881336624,0.39146441797399806,0.02751034239403647,-0.1045393010973386,0.39146441797399806,-0.5194997727248921,-0.3649743445772613
2022-02-25,-0.28108911215426174,-0.24005891016200293,0.4032377839281032,0.1309786962394204,0.038263439350841914,0.332597588203472,0.187070328279448,0.02751034239403647,0.03973511009510507,-0.005886682977052602,-0.704930286502049
2022-03-01,0.31176470588235294,-0.18837385526568326,-0.023529411764705882,0.19411764705882353,0.39999999999999997,0.3382352941176471,-0.15384615384615383,0.04395604395604395,0.34411764705882353,0.19117647058823528,-0.13823529411764704
2022-03-02,0.492592183071889,-0.11801038748905765,0.6687312061097159,0.1283725083157044,-0.1522557656767657,0.6657457989395833,0.28729720245711154,-0.4088460188812741,0.06269355057278586,-0.08359140076371449,0.31645316003406204
2022-03-03,-0.22352941176470587,-0.3311259174592089,0.5147058823529412,0.4588235294117647,0.2911764705882353,-0.15294117647058825,-0.45604395604395603,0.4725274725274725,0.44705882352941173,0.5970588235294118,0.40294117647058825
2022-03-04,-0.5323529411764706,-0.6357617615216811,0.40294117647058825,0.4558823529411765,0.5529411764705882,0.15,-0.32417582417582413,-0.07142857142857142,0.6676470588235294,0.2411764705882353,0.5705882352941177
2022-03-07,-0.02647058823529412,-0.19573220898699903,0.38235294117647056,-0.11470588235294117,0.1323529411764706,-0.2823529411764706,-0.22527472527472525,-0.1043956043956044,0.17352941176470588,-0.36764705882352944,-0.055882352941176466
2022-03-08,-0.19573220898699903,-0.22091310751104568,0.13833704996073615,0.40029444243957696,-0.2045622334525779,0.3752760397871034,0.3906468619953179,-0.016506205436421884,-0.10743196433120998,-0.14716707442631505,-0.3723326982985771
2022-03-09,0.02058823529411765,0.469462967419945,-0.31764705882352945,-0.7058823529411764,-0.7764705882352941,-0.27058823529411763,0.021978021978021976,0.3186813186813187,-0.7058823529411764,-0.11176470588235293,0.3
2022-03-10,0.19117647058823528,-0.12656368400663096,0.06470588235294117,0.09117647058823529,0.22958063610505147,-0.13823529411764704,0.027472527472527472,0.1758241758241758,0.3323529411764706,0.2823529411764706,-0.411764705882353
2022-03-11,0.25482180590676273,-0.5567210631568834,0.26667398292568195,-0.05777936296723109,0.3377870450391971,-0.18222722166588265,0.08839913921757277,-0.07182430061427789,0.34371313354865674,-0.3614913990770355,-0.3629729212044004
2022-03-14,0.3588235294117647,-0.5371598216560499,0.2735294117647059,0.07058823529411765,0.5411764705882353,-0.8323529411764706,-0.48901098901098894,0.41208791208791207,0.4735294117647058,-0.044117647058823525,-0.36176470588235293
2022-03-15,-0.02058823529411765,-0.6195733833347864,0.3058823529411765,-0.17941176470588235,0.055882352941176466,-0.1411764705882353,0.17032967032967034,-0.6208791208791209,0.14705882352941177,0.0411764705882353,-0.11470588235294117
2022-03-16,-0.3235294117647059,0.45327458923305036,-0.4294117647058823,-0.33529411764705885,-0.7352941176470589,0.45294117647058824,0.4725274725274725,-0.1868131868131868,-0.6558823529411765,-0.5088235294117647,0.45294117647058824
2022-03-17,0.0823529411764706,-0.38557773499694536,0.4794117647058824,0.07647058823529412,0.2647058823529412,-0.19411764705882353,0.1758241758241758,-0.17032967032967034,0.31176470588235294,0.29411764705882354,0.09411764705882353
2022-03-18,0.35467264936741927,0.3254786450662739,0.007358353721315752,0.1427520621935256,-0.032376756373789305,0.2104489164296305,0.25274725274725274,0.19780219780219782,-0.1221486717738415,0.011773365954105204,-0.1192053302853152
2022-03-21,0.16121198718716367,-0.467560142836393,-0.12240169397543908,0.017912443020795966,0.17016820869756163,-0.24480338795087817,-0.3977961264790775,0.2928221486582098,-0.050751921892255226,0.2955553098431334,0.24480338795087817
2022-03-22,-0.2325239775935778,-0.09278350515463918,0.017660048931157808,0.30169250257394586,-0.08830024465578903,-0.2045622334525779,0.03851447935165106,0.11829447229435683,0.23105230684931463,0.18984552600994642,0.02207506116394726
2022-03-23,-0.4764705882352941,0.2619573924788408,-0.055882352941176466,-0.01764705882352941,0.17352941176470588,-0.21470588235294116,-0.47802197802197804,0.7087912087912087,0.09117647058823529,-0.1411764705882353,0.1176470588235294
2022-03-24,-0.18543051377715697,-0.23269513991163476,-0.030905085629526156,0.16482712335747285,0.19278886749847268,0.6225167248233127,0.514443402768482,-0.5749661560353623,0.016188378186894652,0.020618556701030927,-0.596026651426576
2022-03-25,0.31556421312872357,-0.324692177979647,-0.16889352251959855,0.25778485016149255,0.17481961102905813,-0.3422316114212918,-0.15600398929587578,0.2841501233603452,0.26519246079831704,0.44104477611940307,0.11704024806182706
2022-03-28,0.28823529411764703,0.2722590876886829,-0.16176470588235295,0.22352941176470587,-0.19411764705882353,0.09411764705882353,-0.15934065934065936,0.23626373626373626,-0.1264705882352941,0.1323529411764706,-0.5176470588235293
2022-03-29,-0.013245036698368353,0.21502209131075106,-0.1162619887967889,0.10448862284268369,-0.18543051377715697,0.20014722121978848,0.20632756795527354,-0.01100413695761459,-0.2369389898263672,0.04415012232789452,-0.332597588203472
2022-03-30,-0.17333808890169325,-0.2594572198467499,0.3763066203506845,0.4414935939547401,0.5333479658513639,-0.5511262313797427,-0.48751246654961183,0.6658027400306127,0.5407555764881883,0.12592938082601646,-0.3644544433317653
2022-03-31,-0.1179946136688262,-0.5033222668280531,0.19764097789528393,0.0589973068344131,0.36873316771508197,-0.40118168647400915,0.12154881642416257,-0.08839913921757277,0.4601789933084222,-0.4985272427507907,-0.3067859955389482
2022-04-01,0.6194717217613377,-0.5328426343839507,0.171092189819798,-0.1651924591363567,0.19469111255356328,-0.5545746842434832,-0.6906182751372874,0.16022343983185064,0.2064905739204459,-0.27011136313646256,0.37463289839852326
2022-04-06,0.5735294117647058,-0.4473879062559977,0.5205882352941177,-0.0411764705882353,0.5823529411764706,-0.42352941176470593,-0.16483516483516483,0.08241758241758242,0.7294117647058823,-0.1176470588235294,-0.13529411764705881
2022-04-07,0.21333918634054555,-0.5048296191875333,0.5526077535071076,0.14074460209966547,0.17333808890169325,-0.45927185948311894,-0.4373683271330803,0.31200797859175156,0.5051990454314308,-0.08740980551452907,-0.5511262313797427
2022-04-08,0.4558823529411765,-0.46357628444289245,0.5617647058823529,0.07647058823529412,0.18235294117647058,-0.7441176470588236,-0.24725274725274726,0.07142857142857142,0.5323529411764706,0.10294117647058824,0.17941176470588235
2022-04-11,0.5176470588235293,0.5739515902626287,-0.3235294117647059,-0.11470588235294117,-0.2029411764705882,-0.29411764705882354,-0.2692307692307692,0.24725274725274726,-0.3058823529411765,0.30882352941176466,-0.02647058823529412
2022-04-12,-0.33529411764705885,0.6254600663118389,-0.4911764705882353,0.0029411764705882353,-0.7617647058823529,0.5088235294117647,0.20329670329670327,-0.027472527472527472,-0.7676470588235293,-0.08529411764705883,0.2676470588235294
2022-04-13,-0.019259787655743696,0.08747414840547568,-0.19407939868480184,-0.20148700932162633,0.02518587616520329,0.13778155784493568,-0.002785785523140639,-0.013928927615703196,0.06222392934932578,-0.205931575703721,-0.04148261956621719
2022-04-14,0.2411764705882353,-0.41795449137073476,0.07647058823529412,-0.02647058823529412,0.3382352941176471,-0.3382352941176471,-0.5,0.19780219780219782,0.4941176470588235,0.16764705882352943,-0.6911764705882353
2022-04-15,-0.10294117647058824,0.4518029184887872,-0.3235294117647059,0.21764705882352942,-0.14705882352941177,0.32647058823529407,-0.021978021978021976,-0.13736263736263735,-0.09117647058823529,0.19573220898699903,-0.22647058823529412
2022-04-18,-0.18529411764705883,0.4091244669051558,-0.4970588235294117,-0.3,-0.5970588235294118,0.4264705882352941,0.4505494505494505,-0.39560439560439564,-0.5705882352941177,-0.5705882352941177,0.19705882352941176
2022-04-19,0.0,0.4415012232789452,0.3735294117647059,0.6911764705882353,-0.02941176470588235,-0.19411764705882353,-0.22527472527472525,0.4450549450549451,-0.0058823529411764705,0.14705882352941177,-0.3235294117647059
2022-04-20,-0.17699192050323934,0.23025886693600087,0.02949865341720655,-0.09439569093506098,-0.39528195579056785,0.32153532224755144,0.48143099189563826,-0.2861075608979793,-0.3392345142978754,-0.2300894966542111,0.16224259379463604
2022-04-21,0.11331864730826258,-0.27982326951399117,0.04562179307215766,0.16188378186894656,0.7682121285053645,-0.7490804088299435,-0.7427792446389849,0.38514479351651065,0.6401767737544705,0.18690218452142013,0.1751288185673149
2022-04-22,-0.31935255150510367,-0.30927835051546393,-0.2575423802460513,0.4385578817904188,0.6328184200331548,-0.5827816147282076,-0.07142857142857142,-0.16483516483516483,0.45033124774452404,0.2207506116394726,0.04562179307215766
2022-04-25,-0.08823529411764705,0.06769685423610493,0.3058823529411765,0.07647058823529412,0.18529411764705883,-0.27058823529411763,-0.5824175824175823,0.6263736263736264,0.08823529411764705,-0.19999999999999998,-0.01764705882352941
2022-04-26,0.35000000000000003,-0.44885957700026086,0.25588235294117645,0.15294117647058825,0.5117647058823529,-0.15588235294117647,-0.5879120879120878,0.09890109890109891,0.3029411764705882,0.12058823529411765,-0.18529411764705883
2022-04-27,0.19411764705882353,0.5150847604921027,-0.2441176470588235,-0.17941176470588235,-0.6,0.45,0.33516483516483514,0.07692307692307691,-0.4911764705882353,-0.1323529411764706,0.2058823529411765
2022-04-28,0.055882352941176466,-0.17365714782305175,-0.0588235294117647,-0.5705882352941177,0.044117647058823525,-0.05294117647058824,0.0,-0.2747252747252747,-0.06176470588235294,0.12941176470588234,0.0
2022-04-29,-0.13823529411764704,0.31052252703952476,-0.17352941176470588,-0.16176470588235295,0.17352941176470588,-0.19411764705882353,-0.3021978021978022,0.32417582417582413,-0.09999999999999999,0.2411764705882353,-0.27058823529411763
2022-05-03,0.22418976597076984,0.2671593263808728,-0.5280258961679973,-0.04719784546753049,-0.45132939728326027,0.28023720746346226,0.374140656558896,-0.3246220402496304,-0.5457250882183213,-0.061947172176133755,-0.20059084323700457
2022-05-04,-0.03529411764705882,0.15011041591484134,-0.12941176470588234,0.34705882352941175,-0.4058823529411764,0.7529411764705882,0.2857142857142857,-0.3736263736263736,-0.3911764705882353,-0.5411764705882353,0.3382352941176471
2022-05-05,-0.24705882352941175,-0.03679176860657876,0.22941176470588234,0.3323529411764706,0.5441176470588236,0.28823529411764703,-0.14285714285714285,-0.25274725274725274,-0.0058823529411764705,0.31176470588235294,0.11176470588235293
2022-05-06,-0.1323529411764706,0.08977191540005218,0.4617647058823529,0.33529411764705885,0.2735294117647059,0.7147058823529412,-0.054945054945054944,-0.35714285714285715,0.07352941176470588,0.2588235294117647,-0.02058823529411765
2022-05-09,-0.1221486717738415,0.14432989690721648,0.3208242222493668,0.3208242222493668,0.09124358614431533,0.24576901429194614,0.28335652665857564,-0.21733170491288817,0.25901405099031444,-0.5194997727248921,-0.1810155015443675
2022-05-10,0.0,0.18101550154436752,0.10294117647058824,0.23823529411764705,0.15588235294117647,0.3323529411764706,0.005494505494505494,-0.03846153846153846,0.1764705882352941,-0.02941176470588235,-0.42352941176470593
2022-05-11,-0.15588235294117647,0.2678440754558934,0.27058823529411763,0.7029411764705883,0.7735294117647058,0.4852941176470588,-0.30769230769230765,0.0,0.7588235294117647,0.17352941176470588,-0.5352941176470588
2022-05-12,-0.10890363507547315,0.4204712812960235,0.1192053302853152,0.5106697482593132,0.6666668471512072,0.7196469939446807,0.3246220402496304,-0.4209082386287581,0.5813099439839444,-0.7167036524561544,-0.2781457706657354
2022-05-13,-0.07211186646889438,0.03829160530191458,0.1250920132623678,-0.013245036698368353,0.32229589299362993,0.47534965039699756,0.08803309566091672,-0.12379654077316414,0.39735110095105064,-0.29286247810836696,-0.24871235578047243
2022-05-16,0.4588235294117647,0.5298014679347343,0.5882352941176471,0.3735294117647059,0.4058823529411764,0.6617647058823529,0.3516483516483516,-0.23626373626373626,0.5558823529411765,-0.0029411764705882353,-0.3382352941176471
2022-05-17,-0.3029411764705882,-0.351729307878893,0.03529411764705882,-0.13529411764705881,-0.23823529411764705,-0.15294117647058825,-0.054945054945054944,0.20329670329670327,-0.17941176470588235,-0.1647058823529412,-0.10588235294117648
2022-05-18,-0.02058823529411765,-0.03679176860657876,-0.023529411764705882,0.28823529411764703,0.5882352941176471,0.24705882352941175,-0.2692307692307692,0.09890109890109891,0.3764705882352941,0.0588235294117647,-0.0058823529411764705
2022-05-19,-0.3235294117647059,0.03973511009510507,-0.0588235294117647,-0.0058823529411764705,-0.1647058823529412,0.07352941176470588,0.12637362637362637,-0.13736263736263735,-0.03529411764705882,-0.044117647058823525,-0.3147058823529411
2022-05-20,0.2411764705882353,0.11479031805252574,-0.13823529411764704,-0.0058823529411764705,0.014705882352941175,-0.08529411764705883,-0.13186813186813187,-0.13186813186813187,-0.09411764705882353,-0.06764705882352941,0.008823529411764706
2022-05-23,0.13037394720811116,-0.37065317120964275,-0.010370654891554297,-0.4251968505537262,-0.06815001785878537,-0.26371093867095213,-0.5027701042999452,0.22099784804393194,-0.06370545147669068,-0.411863151407442,0.22222831910473495
2022-05-24,0.16764705882352943,0.3002208318296827,0.2352941176470588,0.3735294117647059,0.44705882352941173,0.2441176470588235,-0.5384615384615384,0.5054945054945055,0.4323529411764706,-0.0823529411764706,0.3382352941176471
2022-05-25,0.3205882352941176,-0.13539370847220986,-0.31764705882352945,-0.5352941176470588,-0.3235294117647059,-0.3735294117647059,-0.5659340659340659,0.5824175824175823,-0.34705882352941175,-0.16777046484599917,0.31176470588235294
2022-05-26,0.05294117647058824,0.3046358440624721,-0.12941176470588234,0.16176470588235295,-0.2323529411764706,0.03529411764705882,0.40659340659340654,-0.16483516483516483,-0.17058823529411765,0.06470588235294117,-0.07647058823529412
2022-05-27,-0.27058823529411763,0.37821938127562965,-0.5470588235294118,-0.03529411764705882,-0.22941176470588234,0.0,0.35714285714285715,-0.15934065934065936,-0.42352941176470593,0.07058823529411765,-0.2735294117647059
2022-05-30,0.03823529411764706,0.5548198705872078,0.08823529411764705,0.08823529411764705,0.09117647058823529,-0.09999999999999999,-0.14285714285714285,0.4505494505494505,0.02058823529411765,0.02058823529411765,0.07352941176470588
2022-05-31,0.10007361060989424,0.20103092783505153,-0.15599709889189395,0.28256078289852493,0.1309786962394204,-0.07799854944594697,0.26409928698275015,-0.3191199717708231,0.23546731908210405,0.44885957700026086,-0.07947022019021013
2022-06-01,0.3029411764705882,-0.2119205871738937,-0.411764705882353,-0.09705882352941177,-0.09999999999999999,-0.2823529411764706,-0.027472527472527472,-0.2747252747252747,-0.1647058823529412,0.22352941176470587,0.4705882352941176
2022-06-02,0.11176470588235293,0.007358353721315752,0.45,0.047058823529411764,0.30882352941176466,0.45294117647058824,-0.07692307692307691,0.15934065934065936,0.18529411764705883,-0.10294117647058824,0.3411764705882353
2022-06-06,0.7088235294117646,-0.5003680530494712,-0.7617647058823529,-0.65,-0.7264705882352941,-0.3147058823529411,0.0934065934065934,-0.10989010989010989,-0.7999999999999999,-0.28823529411764703,0.02647058823529412
2022-06-07,-0.10666959317027278,0.43737074202737847,0.020741309783108595,0.48742077990305194,0.6815001785878538,0.5926088509459598,0.39614893047412525,-0.40990410167114344,0.5644599305260267,0.016296743401013895,0.38519575311487386
2022-06-08,-0.05150847604921027,0.2812960235640648,0.1604121111246834,0.17071380633452546,0.15011041591484137,-0.17218547707878862,-0.43956043956043955,-0.07142857142857142,0.30316417331820894,0.2474226804123711,-0.06181017125905231
2022-06-09,0.15746876963615708,0.016200294550810013,-0.5018397237937344,-0.09418692763284163,-0.332597588203472,-0.3046358440624721,0.0934065934065934,0.22527472527472525,-0.4459162355117346,0.011773365954105204,-0.06475351274757861
2022-06-10,0.1176470588235294,-0.6048566758921547,-0.047058823529411764,-0.014705882352941175,-0.42352941176470593,-0.044117647058823525,-0.26373626373626374,-0.19230769230769232,-0.2029411764705882,-0.1264705882352941,-0.1647058823529412
2022-06-13,0.06489703751785442,-0.28487154691441136,0.2920366688303449,-0.4601789933084222,-0.25368841938797637,-0.3451342449813167,-0.7679675219526635,0.23204774044612855,-0.14454340174431213,0.0014858988640120306,0.038348249442368525
2022-06-14,0.2958058195968933,0.18556701030927836,0.1221486717738415,0.05298014679347341,0.08241356167873642,0.042678451583631365,-0.14030274620958602,0.1458048146883933,0.5018397237937344,0.10301695209842054,-0.43414286955762943
2022-06-15,-0.5680649072855761,0.22533136966126655,0.2722590876886829,0.17218547707878862,-0.38116272276415597,-0.48123633337405025,-0.11279240381554954,0.27235238970096115,-0.5827816147282076,0.06033850051478917,-0.10743196433120998
2022-06-16,-0.16764705882352943,-0.2531273680132619,0.09117647058823529,0.5088235294117647,0.3205882352941176,-0.10294117647058824,-0.24725274725274726,-0.23626373626373626,0.2823529411764706,-0.0588235294117647,0.011764705882352941
2022-06-17,-0.6323529411764706,0.42678451583631366,0.07352941176470588,-0.5558823529411765,0.055882352941176466,0.39999999999999997,0.2582417582417582,-0.18131868131868134,0.3382352941176471,0.10294117647058824,-0.18529411764705883
2022-06-20,-0.3588235294117647,-0.019131719675420957,-0.10294117647058824,0.1176470588235294,0.055882352941176466,-0.31764705882352945,-0.12087912087912088,0.027472527472527472,-0.1411764705882353,0.0411764705882353,0.044117647058823525
2022-06-21,0.07647058823529412,-0.12067700102957835,0.17352941176470588,-0.01764705882352941,0.19117647058823528,-0.30882352941176466,-0.45604395604395603,0.18131868131868134,0.26176470588235295,-0.13529411764705881,-0.2441176470588235
2022-06-22,0.25607070950178823,,0.7299486891545226,0.15011041591484137,0.26342906322310394,-0.2972774903411564,,,0.4473879062559977,-0.07652687870168383,-0.11331864730826258
2022-06-23,0.1176470588235294,,0.4794117647058824,0.1264705882352941,0.2735294117647059,-0.43529411764705883,,,0.37058823529411766,-0.23823529411764705,-0.5588235294117647
2022-06-24,-0.08977191540005218,,-0.2693157462001565,-0.7196469939446807,-0.4238411743477873,0.38704940574120855,,,-0.43119952806910306,-0.18543051377715697,0.40470945467236635
2022-06-27,0.33529411764705885,,0.17352941176470588,0.1264705882352941,0.3205882352941176,-0.44117647058823534,,,0.34705882352941175,0.5,-0.411764705882353
2022-06-28,0.08823529411764705,,0.09999999999999999,0.2352941176470588,0.2411764705882353,0.31176470588235294,,,0.4647058823529412,-0.15294117647058825,0.13529411764705881
2022-06-29,0.19117647058823528,,0.24705882352941175,0.1411764705882353,0.2088235294117647,-0.17941176470588235,,,0.15294117647058825,0.0029411764705882353,0.12941176470588234
2022-06-30,0.02941176470588235,,0.31764705882352945,0.2676470588235294,0.38235294117647056,-0.22941176470588234,,,0.4705882352941176,0.3411764705882353,0.14705882352941177
2022-07-01,-0.1764705882352941,,0.5235294117647059,0.4264705882352941,0.38823529411764707,0.0823529411764706,,,0.411764705882353,0.0588235294117647,-0.34705882352941175
2022-07-04,-0.40294117647058825,,-0.032352941176470584,-0.6058823529411764,-0.6441176470588235,-0.02647058823529412,,,-0.6058823529411764,-0.4382352941176471,0.3764705882352941
2022-07-05,-0.2323529411764706,,0.4823529411764706,0.30882352941176466,0.1647058823529412,0.26176470588235295,,,0.13529411764705881,-0.2029411764705882,-0.6147058823529412
2022-07-06,-0.25,,0.11470588235294117,-0.411764705882353,-0.4382352941176471,0.2764705882352941,,,-0.21764705882352942,-0.1323529411764706,-0.25588235294117645
2022-07-07,-0.01764705882352941,,0.03529411764705882,-0.31764705882352945,-0.6,0.4911764705882353,,,-0.5647058823529412,-0.4941176470588235,-0.1323529411764706
2022-07-08,0.008823529411764706,,0.22058823529411767,0.4558823529411765,0.6,-0.33529411764705885,,,0.36176470588235293,0.15,0.11176470588235293
2022-07-11,0.37058823529411766,,0.07941176470588236,0.3205882352941176,0.4735294117647058,-0.11176470588235293,,,0.3558823529411765,-0.1764705882352941,-0.06176470588235294
2022-07-12,-0.5558823529411765,,-0.1647058823529412,-0.07058823529411765,-0.17941176470588235,-0.18235294117647058,,,-0.02647058823529412,0.34705882352941175,-0.488235294117647
2022-07-13,0.2647058823529412,,0.1647058823529412,-0.0029411764705882353,-0.29705882352941176,0.5764705882352941,,,0.13823529411764704,-0.19999999999999998,0.14411764705882352
2022-07-14,-0.6019133344036285,,0.31935255150510367,0.5459898461216288,0.07799854944594697,0.40765279616089267,,,0.34437095415757724,0.4017661131838401,0.4650479551871556
2022-07-15,0.2772873421217416,,-0.45132939728326027,-0.28908680348862426,-0.684368759279192,0.061947172176133755,,,-0.6165218564196171,-0.4044290355157964,-0.28023720746346226
2022-07-18,-0.4617647058823529,,-0.12352941176470587,-0.4323529411764706,-0.21176470588235297,0.02941176470588235,,,-0.2676470588235294,-0.1764705882352941,-0.45
2022-07-19,-0.07652687870168383,,0.03384842711805246,0.6666668471512072,-0.016188378186894652,0.28108911215426174,,,0.3885210764854718,0.22222228238373573,0.10154528135415737
2022-07-20,0.032352941176470584,,0.014705882352941175,-0.06470588235294117,-0.5176470588235293,0.3558823529411765,,,-0.15294117647058825,-0.17058823529411765,-0.3411764705882353
2022-07-21,0.1411764705882353,,-0.0029411764705882353,0.36176470588235293,0.4588235294117647,-0.24705882352941175,,,0.38235294117647056,0.3205882352941176,0.4058823529411764
2022-07-22,-0.020603390419684106,,-0.2619573924788408,-0.43414286955762943,-0.4091244669051558,-0.055923488281999716,,,-0.5548198705872077,-0.21633559940668312,-0.22663729461652515
2022-07-25,0.09439569093506098,,0.4985272427507907,-0.3923320904488472,-0.3569337063481993,-0.48967764672562875,,,-0.1858415165284013,-0.24778868870453502,-0.17699192050323934
2022-07-26,-0.2352941176470588,,-0.19117647058823528,-0.16764705882352943,-0.17352941176470588,0.3382352941176471,,,-0.18823529411764706,-0.23823529411764705,-0.15294117647058825
2022-07-27,0.4176470588235294,,-0.12058823529411765,-0.044117647058823525,-0.18823529411764706,-0.45294117647058824,,,-0.008823529411764706,0.43529411764705883,-0.15882352941176472
2022-07-28,-0.02647058823529412,,-0.0823529411764706,-0.16764705882352943,-0.3382352941176471,0.40294117647058825,,,-0.32647058823529407,-0.38235294117647056,-0.22647058823529412
2022-07-29,-0.4915380285838923,,-0.4091244669051558,0.15158208665910447,-0.05150847604921027,-0.18690218452142013,,,-0.2575423802460513,-0.19720387973126216,-0.2766740999214723
2022-08-01,-0.08535690316726273,,-0.5077264067707868,-0.1221486717738415,-0.06622518349184178,-0.1810155015443675,,,0.28991913661984064,-0.09713026912136795,0.05298014679347341
2022-08-02,0.38410606425268223,,-0.43708621104615575,-0.06769685423610491,0.46946296741994503,0.5033113945379974,,,0.06769685423610491,-0.3767477105313665,-0.1192053302853152
2022-08-03,0.5205882352941177,,-0.15294117647058825,0.3205882352941176,0.2029411764705882,-0.08823529411764705,,,-0.16176470588235295,-0.008823529411764706,0.18823529411764706
2022-08-04,0.2441176470588235,,0.4764705882352941,-0.36176470588235293,0.09411764705882353,0.049999999999999996,,,-0.2441176470588235,-0.2441176470588235,-0.55
2022-08-05,-0.004415012232789452,,-0.21192058717389364,0.4944813700724185,0.002943341488526301,-0.3237675637378931,,,0.08241356167873642,0.45360824742268036,0.2045622334525779
2022-08-08,-0.2369389898263672,,-0.5930833099380497,0.03973511009510507,0.10007361060989424,0.19278886749847268,,,0.21192058717389364,-0.2501840265247356,-0.14128039144926247
2022-08-09,0.528329797190471,,0.33112591745920883,0.25901405099031444,0.17660048931157807,-0.18395884303289384,,,0.36055933234447185,0.2722590876886829,0.03973511009510507
2022-08-10,-0.0588235294117647,,-0.06470588235294117,0.2529411764705882,-0.07352941176470588,-0.24705882352941175,,,-0.0823529411764706,-0.044117647058823525,0.12058823529411765
2022-08-11,-0.2676470588235294,,-0.3764705882352941,0.07941176470588236,-0.34705882352941175,0.05294117647058824,,,-0.8852941176470588,-0.5176470588235293,-0.37941176470588234
2022-08-12,0.6088235294117647,,-0.2323529411764706,-0.06470588235294117,0.17058823529411765,-0.06176470588235294,,,-0.5617647058823529,-0.06764705882352941,-0.29705882352941176
2022-08-15,-0.21176470588235297,,-0.02647058823529412,0.02647058823529412,0.09411764705882353,0.18235294117647058,,,0.06470588235294117,-0.03973511009510507,-0.12058823529411765
2022-08-16,-0.4294117647058823,,-0.1264705882352941,0.5764705882352941,0.09411764705882353,-0.3,,,0.37941176470588234,0.03823529411764706,-0.1764705882352941
2022-08-17,-0.04296414169358209,,0.22370984123209986,-0.4370490275726454,-0.2607478944162223,0.2607478944162223,,,-0.20000548719426145,-0.2533402837793978,-0.016296743401013895
2022-08-18,-0.18370874379324756,,-0.3318609565297375,0.32149030163818326,0.03111196467466289,0.035556531056757594,,,-0.15555982337331448,0.3614913990770355,-0.17333808890169325
2022-08-19,-0.3294117647058824,,0.09117647058823529,-0.055882352941176466,0.2735294117647059,-0.06176470588235294,,,0.02647058823529412,-0.17058823529411765,0.16764705882352943
2022-08-22,-0.1323529411764706,,-0.032352941176470584,-0.3294117647058824,-0.4264705882352941,-0.24705882352941175,,,-0.6235294117647059,-0.25588235294117645,0.6
2022-08-23,-0.2064905739204459,,0.1533929977694741,0.3480841103230373,0.4188808785243331,0.06784690285957506,,,0.4306803398912157,0.0029498653417206555,0.22713963131249046
2022-08-24,-0.1061951523019436,,-0.2684377460965796,0.22713963131249046,0.085546094909899,0.4100312824991711,,,-0.1592927284529154,0.30973586088066885,0.5486749535600419
2022-08-25,0.022222831910473497,,-0.47260555862940296,-0.19556092081216678,-0.10815111529763767,0.02518587616520329,,,-0.12296633657128667,-0.21037614208581573,0.4311229390631858
2022-08-26,-0.30882352941176466,,-0.1264705882352941,-0.19705882352941176,-0.023529411764705882,-0.1264705882352941,,,0.19411764705882353,0.1764705882352941,-0.12058823529411765
2022-08-29,0.2088235294117647,,0.3147058823529411,-0.16764705882352943,0.06764705882352941,0.10294117647058824,,,0.15882352941176472,-0.011764705882352941,-0.2676470588235294
2022-08-30,0.02647058823529412,,-0.4735294117647058,-0.03529411764705882,-0.4617647058823529,0.4088235294117647,,,-0.22058823529411767,-0.032352941176470584,-0.13529411764705881
2022-08-31,-0.6902135790594175,,-0.07211186646889438,0.20750557494110425,-0.40029444243957696,-0.41795449137073476,,,-0.34584262490184037,0.09124358614431533,0.2678440754558934
2022-09-01,-0.008849596025161967,,-0.12979407503570883,-0.3451342449813167,0.20354070857872522,0.12094447901054688,,,0.03539838410064787,-0.1386436710608708,-0.04129811478408917
2022-09-02,0.035320097862315616,,-0.2045622334525779,-0.5106697482593132,-0.3061075148067353,0.02207506116394726,,,0.06916852498036807,-0.12067700102957835,-0.24576901429194614
2022-09-05,0.011764705882352941,,-0.3029411764705882,0.19411764705882353,-0.055882352941176466,-0.049999999999999996,,,-0.2735294117647059,-0.14411764705882352,0.18235294117647058
2022-09-06,-0.07352941176470588,,0.5294117647058824,-0.10588235294117648,0.31176470588235294,0.02941176470588235,,,0.4558823529411765,0.45,0.21176470588235297
2022-09-07,-0.026490073396736705,,0.4253128450920505,-0.05150847604921027,0.2016188919640516,0.1692421355902623,,,0.44444456476747146,0.1456954036820519,0.2722590876886829
2022-09-08,-0.09705882352941177,,-0.4970588235294117,0.08529411764705883,0.18235294117647058,0.03529411764705882,,,-0.09999999999999999,0.0823529411764706,0.4323529411764706
2022-09-12,0.2352941176470588,,-0.13529411764705881,-0.3205882352941176,-0.17352941176470588,0.1764705882352941,,,-0.2352941176470588,-0.3970588235294118,-0.023529411764705882
2022-09-13,0.17058823529411765,,0.35000000000000003,0.12352941176470587,0.3294117647058824,-0.044117647058823525,,,0.2735294117647059,0.44117647058823534,0.2764705882352941
2022-09-14,0.2441176470588235,,-0.10294117647058824,0.15882352941176472,-0.12352941176470587,-0.15588235294117647,,,0.15588235294117647,0.43529411764705883,0.0058823529411764705
2022-09-15,-0.2676470588235294,,-0.1647058823529412,0.15882352941176472,0.28529411764705886,0.06176470588235294,,,0.0588235294117647,0.055882352941176466,-0.0058823529411764705
2022-09-16,0.5415748338888393,,0.46210461369862926,0.1427520621935256,0.16188378186894656,-0.026490073396736705,,,0.18248717228863065,0.420897832859261,-0.30905085629526163
2022-09-19,0.010301695209842053,,0.2045622334525779,0.042678451583631365,-0.28256078289852493,0.10154528135415737,,,-0.3046358440624721,-0.5989699929151022,-0.08830024465578903
2022-09-20,0.02058823529411765,,-0.21470588235294116,-0.19411764705882353,-0.07352941176470588,-0.2676470588235294,,,-0.39999999999999997,-0.07647058823529412,0.4147058823529412
2022-09-21,0.28823529411764703,,-0.1323529411764706,0.02941176470588235,0.38235294117647056,-0.06470588235294117,,,0.2529411764705882,-0.1764705882352941,0.4911764705882353
2022-09-22,-0.6647058823529411,,0.38823529411764707,-0.07352941176470588,-0.3911764705882353,-0.4176470588235294,,,-0.3529411764705882,-0.35467264936741927,-0.4823529411764706
2022-09-23,-0.38235294117647056,,-0.09705882352941177,-0.3558823529411765,-0.11176470588235293,-0.03529411764705882,,,-0.2676470588235294,-0.4617647058823529,-0.0058823529411764705
2022-09-26,0.38823529411764707,,-0.44117647058823534,0.18529411764705883,0.18235294117647058,0.5676470588235295,,,0.15294117647058825,0.17941176470588235,0.2764705882352941
2022-09-27,-0.09705882352941177,,0.3029411764705882,0.16176470588235295,0.30882352941176466,0.2647058823529412,,,0.23823529411764705,0.5088235294117647,-0.4647058823529412
2022-09-28,-0.08529411764705883,,0.22941176470588234,0.6058823529411764,0.27941176470588236,-0.15294117647058825,,,0.3029411764705882,0.008823529411764706,-0.17941176470588235
2022-09-29,-0.0029411764705882353,,-0.32647058823529407,0.1264705882352941,0.15588235294117647,-0.4823529411764706,,,-0.044117647058823525,-0.19411764705882353,-0.28823529411764703
2022-09-30,-0.15294117647058825,,0.02941176470588235,0.12941176470588234,0.07647058823529412,-0.11176470588235293,,,0.18529411764705883,-0.03823529411764706,-0.08529411764705883
2022-10-03,0.611764705882353,,-0.4676470588235294,-0.27058823529411763,-0.5823529411764706,0.15882352941176472,,,-0.3941176470588235,-0.5617647058823529,-0.3029411764705882
2022-10-04,0.16764705882352943,,-0.28529411764705886,-0.2823529411764706,-0.4911764705882353,-0.12058823529411765,,,-0.3323529411764706,-0.10588235294117648,0.008823529411764706
2022-10-05,0.06470588235294117,,0.16764705882352943,-0.2735294117647059,-0.10294117647058824,0.3558823529411765,,,-0.1176470588235294,0.44117647058823534,0.12941176470588234
2022-10-06,0.15044313242775342,,-0.19764097789528393,-0.061947172176133755,0.05604744149269246,-0.41593101318261244,,,-0.20354070857872522,-0.1858415165284013,-0.1061951523019436
2022-10-07,-0.1323529411764706,,-0.65,0.15294117647058825,-0.18823529411764706,-0.5470588235294118,,,-0.43529411764705883,-0.3235294117647059,-0.3411764705882353
2022-10-11,-0.15,,0.4823529411764706,-0.4088235294117647,-0.06176470588235294,0.2735294117647059,,,0.03529411764705882,-0.3558823529411765,0.02058823529411765
2022-10-12,-0.5323529411764706,,-0.2352941176470588,-0.11470588235294117,-0.17941176470588235,0.5411764705882353,,,0.044117647058823525,-0.5147058823529412,0.5529411764705882
2022-10-13,0.05014771080925114,,-0.3185854569058308,0.30088626485550685,-0.3775827637402439,0.3392345142978754,,,-0.13274394037742948,-0.6961682206460746,0.28023720746346226
2022-10-14,-0.1179946136688262,,-0.6489703751785442,0.13569380571915013,0.3657833023733612,-0.2359892273376524,,,-0.0914458255933403,0.017699192050323935,0.011799461366882622
2022-10-17,-0.12352941176470587,,0.07058823529411765,0.19999999999999998,-0.2676470588235294,-0.33529411764705885,,,-0.008823529411764706,0.2411764705882353,0.38823529411764707
2022-10-18,0.4558823529411765,,-0.2588235294117647,0.15,-0.1176470588235294,-0.09705882352941177,,,0.02941176470588235,0.011764705882352941,0.1264705882352941
2022-10-19,0.044117647058823525,,0.28823529411764703,-0.1264705882352941,-0.15882352941176472,-0.22941176470588234,,,-0.11470588235294117,-0.22647058823529412,0.17941176470588235
2022-10-20,-0.2823529411764706,,-0.22647058823529412,-0.02058823529411765,0.22352941176470587,0.0029411764705882353,,,-0.15588235294117647,-0.15294117647058825,0.17352941176470588
2022-10-21,0.032352941176470584,,-0.08529411764705883,0.4647058823529412,0.2676470588235294,-0.06470588235294117,,,0.2676470588235294,0.07941176470588236,-0.07058823529411765
2022-10-24,-0.11470588235294117,,0.21764705882352942,-0.15,-0.09705882352941177,-0.2352941176470588,,,-0.19705882352941176,-0.06328184200331548,-0.28529411764705886
2022-10-25,0.25588235294117645,,0.008823529411764706,-0.047058823529411764,-0.30882352941176466,-0.2058823529411765,,,-0.19999999999999998,-0.1764705882352941,-0.22647058823529412
2022-10-26,-0.24483882336281437,,0.005899730683441311,0.342184379639596,0.1386436710608708,0.32153532224755144,,,0.1917412472118426,-0.13274394037742948,0.25368841938797637
2022-10-27,0.058866829770526014,,-0.18395884303289384,-0.4415012232789452,-0.18690218452142013,-0.35320097862315614,,,-0.12067700102957835,0.26342906322310394,-0.7373070428758384
2022-10-28,0.1264705882352941,,0.31176470588235294,0.19411764705882353,0.014705882352941175,0.36176470588235293,,,-0.02647058823529412,-0.2088235294117647,0.5088235294117647
2022-10-31,-0.36470588235294116,,0.02058823529411765,0.08823529411764705,0.33529411764705885,-0.35000000000000003,,,0.2764705882352941,-0.2823529411764706,0.4794117647058824
2022-11-01,0.16176470588235295,,-0.08823529411764705,-0.19117647058823528,0.09999999999999999,0.29411764705882354,,,-0.3058823529411765,0.0058823529411764705,0.09117647058823529
2022-11-02,-0.002943341488526301,,-0.10007361060989424,0.5136130897478395,0.1692421355902623,-0.4429728940232083,,,0.36350267383299817,0.07064019572463123,-0.12803535475089411
2022-11-03,-0.06176470588235294,,-0.044117647058823525,-0.15294117647058825,-0.023529411764705882,-0.12941176470588234,,,-0.09411764705882353,0.14705882352941177,0.3294117647058824
2022-11-04,0.0411764705882353,,0.2323529411764706,0.5647058823529412,0.21764705882352942,-0.19411764705882353,,,0.4147058823529412,0.5857249562167338,0.1264705882352941
2022-11-07,-0.023704354037838393,,0.28593377058142566,0.2281544076141945,-0.13333699146284098,-0.44001207182737523,,,-0.005926088509459598,0.4770501250114976,-0.3570468326949408
2022-11-08,0.6048566758921549,,-0.38410606425268223,-0.2016188919640516,-0.18690218452142013,0.29874916108541955,,,-0.351729307878893,0.20959460964687257,0.4532745892330503
2022-11-09,-0.11176470588235293,,0.19117647058823528,0.2029411764705882,0.5647058823529412,-0.17941176470588235,,,0.45294117647058824,0.16176470588235295,-0.09411764705882353
2022-11-10,-0.21176470588235297,,0.2676470588235294,0.4558823529411765,0.488235294117647,0.03823529411764706,,,0.5176470588235293,0.3058823529411765,0.19117647058823528
2022-11-11,0.36176470588235293,,0.2735294117647059,-0.18235294117647058,-0.13529411764705881,0.1323529411764706,,,-0.14411764705882352,-0.02058823529411765,-0.1264705882352941
2022-11-14,-0.12352941176470587,,0.38823529411764707,0.02941176470588235,0.5441176470588236,0.3529411764705882,,,0.5852941176470587,0.5029411764705883,0.4441176470588235
2022-11-15,0.2588235294117647,0.6264705882352941,-0.5294117647058824,-0.25,-0.3058823529411765,0.21764705882352942,0.4450549450549451,-0.03846153846153846,-0.5441176470588236,-0.30350213029179096,-0.1764705882352941
2022-11-16,-0.32839478871459266,-0.032839478871459264,0.34332182456525595,-0.005970814340265321,0.07164977208318386,0.1373287298261024,0.011049892402196596,0.5082950505010434,0.36720508192631723,0.11046006529490845,-0.19106605888849026
2022-11-17,0.31935255150510367,0.18395884303289384,-0.5033113945379974,-0.0014716707442631505,-0.2369389898263672,0.016188378186894652,0.3108668690526121,0.19807446523706262,-0.2384106605706304,-0.23399564833784092,0.0
2022-11-18,-0.07947022019021013,-0.7108169694791018,0.35467264936741927,0.2722590876886829,-0.11773365954105203,-0.5548198705872077,-0.514443402768482,-0.19257239675825533,-0.019131719675420957,0.5445181753773658,-0.2869757951313143
2022-11-21,0.4150111498822085,-0.24871235578047243,-0.1456954036820519,-0.035320097862315616,0.20750557494110425,-0.017660048931157808,-0.09628619837912766,-0.08253102718210943,0.15305375740336766,-0.1398087207049993,0.20309056270831474
2022-11-22,-0.23303936199593175,-0.017699192050323935,0.2772873421217416,0.333334783614434,0.05604744149269246,-0.46902858933358416,0.24309763284832514,0.6132690283219111,0.04129811478408917,0.24188895802109375,0.5693240109520865
2022-11-23,0.0029411764705882353,-0.02058823529411765,-0.08529411764705883,-0.06470588235294117,0.06470588235294117,0.0411764705882353,-0.1758241758241758,-0.11538461538461539,0.1264705882352941,-0.15111525699121975,-0.5058823529411764
2022-11-24,0.13185546933547607,-0.16000438975540918,-0.023704354037838393,0.12296633657128667,-0.020741309783108595,0.06222392934932578,-0.10497397782086768,-0.060774408212081285,0.08592828338716418,-0.07561324692676712,-0.23111745186892435
2022-11-25,-0.0411764705882353,-0.0588235294117647,-0.22058823529411767,-0.07941176470588236,-0.4735294117647058,-0.4441176470588235,-0.3021978021978022,0.4450549450549451,-0.3735294117647059,-0.03823529411764706,0.06764705882352941
2022-11-28,-0.2647058823529412,-0.32647058823529407,0.05294117647058824,0.18235294117647058,0.049999999999999996,-0.38823529411764707,-0.10989010989010989,-0.13736263736263735,-0.014705882352941175,0.4794117647058824,0.2088235294117647
2022-11-29,0.12941176470588234,0.10588235294117648,0.12352941176470587,-0.13823529411764704,0.36176470588235293,-0.10588235294117648,0.26373626373626374,-0.32967032967032966,0.1647058823529412,0.18529411764705883,-0.21176470588235297
2022-11-30,-0.03823529411764706,0.5470588235294118,-0.36176470588235293,-0.31764705882352945,0.2441176470588235,0.2441176470588235,0.3131868131868132,0.2747252747252747,0.01764705882352941,-0.033848427118052464,-0.2676470588235294
2022-12-01,-0.17941176470588235,0.32647058823529407,-0.6411764705882352,-0.07941176470588236,0.011764705882352941,0.23823529411764705,0.15384615384615383,0.39010989010989006,-0.1264705882352941,0.055882352941176466,-0.3911764705882353
2022-12-02,0.08259622956817834,0.020649057392044586,-0.5368754921931592,-0.37463289839852326,-0.5634242802686452,0.0589973068344131,-0.21547290184283366,-0.16022343983185064,-0.7168172780381192,-0.12094447901054688,0.023598922733765244
2022-12-05,0.055882352941176466,-0.3529411764705882,0.16176470588235295,0.34411764705882353,-0.35000000000000003,0.02058823529411765,-0.33516483516483514,0.06043956043956044,-0.38235294117647056,-0.4735294117647058,-0.26176470588235295
2022-12-06,-0.07555762849560989,-0.36889900971386,-0.03703805318412249,0.26519246079831704,-0.5229773109598095,-0.4340859833179155,-0.2916096293767866,-0.20082549947646627,-0.5200142667050798,0.0,0.4414935939547401
2022-12-07,0.4941176470588235,0.3205882352941176,-0.17058823529411765,0.5470588235294118,-0.42352941176470593,0.2029411764705882,0.07142857142857142,0.17032967032967034,-0.3058823529411765,-0.45033124774452404,0.3323529411764706
2022-12-08,0.18529411764705883,0.2647058823529412,-0.18529411764705883,-0.13823529411764704,0.5323529411764706,-0.02058823529411765,0.5,-0.3626373626373627,0.2029411764705882,-0.22092013058981688,-0.4088235294117647
2022-12-09,0.06567895774291853,-0.08359140076371449,-0.3313801958847253,0.4328840396692357,-0.23286175927034755,-0.12240169397543908,0.04419956960878638,0.3867462340768809,-0.18210983737809228,0.2268909449300822,-0.09553302944424513
2022-12-12,0.032352941176470584,-0.06470588235294117,-0.3588235294117647,-0.4823529411764706,-0.2029411764705882,-0.27058823529411763,0.15384615384615383,-0.3626373626373627,-0.07058823529411765,0.0029854071701326604,-0.02941176470588235
2022-12-13,0.2647058823529412,0.049999999999999996,0.12058823529411765,-0.28529411764705886,-0.21470588235294116,0.6529411764705881,-0.19780219780219782,0.054945054945054944,-0.5058823529411764,-0.3569337063481993,-0.5823529411764706
2022-12-14,-0.03539838410064787,-0.06489703751785442,-0.061947172176133755,0.17699192050323934,0.16814232447807734,-0.10029542161850229,-0.016574838603294895,-0.17127333223404725,0.0029498653417206555,0.7551655274804878,0.256638284729697
2022-12-15,-0.3411764705882353,-0.014705882352941175,-0.4088235294117647,0.4617647058823529,-0.09117647058823529,-0.008823529411764706,0.1043956043956044,0.06593406593406594,0.07058823529411765,0.032352941176470584,-0.34411764705882353
2022-12-16,-0.19999999999999998,0.17352941176470588,-0.45294117647058824,0.6235294117647059,0.32647058823529407,0.07352941176470588,-0.016483516483516484,0.45604395604395603,-0.2529411764705882,-0.18529411764705883,-0.3764705882352941
2022-12-19,-0.18879138187012195,-0.5457250882183213,-0.12094447901054688,0.37463289839852326,0.5722738762938072,-0.5250760308262767,-0.4725274725274725,-0.2692307692307692,-0.14749326708603278,0.13569380571915013,-0.2359892273376524
2022-12-20,0.4247806092077744,0.5162264348011146,0.32153532224755144,-0.15634286311119475,-0.05014771080925114,0.1651924591363567,0.4126551359105471,0.008253102718210942,0.13274394037742948,-0.3038361301972275,0.4306803398912157
2022-12-21,0.2441176470588235,-0.24705882352941175,0.0029411764705882353,-0.2588235294117647,-0.35000000000000003,0.055882352941176466,-0.1043956043956044,-0.7472527472527472,-0.09411764705882353,-0.05294117647058824,0.4705882352941176
2022-12-22,-0.07941176470588236,-0.27941176470588236,0.09999999999999999,0.3294117647058824,0.411764705882353,-0.5176470588235293,-0.4450549450549451,-0.30769230769230765,0.17058823529411765,0.07505520795742067,-0.047058823529411764
2022-12-23,-0.29411764705882354,-0.19117647058823528,-0.29411764705882354,-0.11176470588235293,-0.0588235294117647,0.14411764705882352,-0.2582417582417582,0.30769230769230765,-0.07647058823529412,0.22647058823529412,-0.17352941176470588
2022-12-26,-0.4459162355117346,0.014716707442631503,-0.22663729461652515,-0.4576896014658398,-0.48123633337405025,-0.004415012232789452,-0.07702895870330212,0.09078412990032037,-0.5180281019806289,0.05298014679347341,0.15158208665910447
2022-12-27,-0.0029411764705882353,-0.07647058823529412,0.43529411764705883,0.7235294117647059,0.8117647058823528,-0.13823529411764704,-0.2802197802197803,0.1868131868131868,0.6352941176470589,0.36176470588235293,0.36764705882352944
2022-12-28,0.31764705882352945,0.3294117647058824,-0.2411764705882353,-0.011764705882352941,0.2676470588235294,0.4764705882352941,0.2912087912087912,0.5054945054945055,-0.2029411764705882,0.008823529411764706,0.18823529411764706
2022-12-29,-0.3205882352941176,0.01764705882352941,-0.02941176470588235,-0.2647058823529412,-0.023529411764705882,0.12058823529411765,-0.1868131868131868,0.30769230769230765,-0.13529411764705881,0.09999999999999999,-0.3058823529411765
2022-12-30,0.17352941176470588,-0.12058823529411765,0.15588235294117647,-0.31176470588235294,-0.5147058823529412,-0.19999999999999998,0.18131868131868134,-0.45604395604395603,-0.4294117647058823,-0.14411764705882352,-0.2911764705882353
2023-01-03,0.28108911215426174,-0.4194261621149979,0.3988227716953138,0.33406925894773515,0.2604857217345777,-0.36055933234447185,-0.2747252747252747,0.07142857142857142,0.30022083182968273,0.27520242917720916,0.06328184200331548
2023-01-04,-0.06176470588235294,-0.35000000000000003,-0.11470588235294117,-0.29705882352941176,0.03823529411764706,-0.42352941176470593,-0.03296703296703297,-0.23626373626373626,0.0411764705882353,0.27058823529411763,-0.5352941176470588
2023-01-05,-0.2684377460965796,-0.24483882336281437,-0.17994178584495998,0.020649057392044586,-0.5014771080925114,-0.06489703751785442,-0.2090786021946772,-0.3383772114466487,-0.40118168647400915,0.04719784546753049,-0.625371452444779
2023-01-06,0.01764705882352941,-0.0058823529411764705,0.07941176470588236,-0.3588235294117647,-0.4088235294117647,0.2411764705882353,0.32417582417582413,-0.12637362637362637,-0.2058823529411765,-0.36764705882352944,-0.15588235294117647
2023-01-09,0.3664460153215245,0.38116272276415597,0.4091244669051558,-0.22516562387226202,-0.5739515902626287,0.7078736279905753,0.34938134840426316,-0.26409928698275015,-0.5886682977052602,0.07358353721315752,0.5680649072855761
2023-01-10,0.36764705882352944,0.6764705882352942,-0.35000000000000003,-0.7529411764705882,-0.3147058823529411,0.3852941176470588,0.6593406593406593,0.18131868131868134,-0.39999999999999997,0.06470588235294117,-0.22647058823529412
2023-01-11,-0.21339225791815683,-0.32523923448215625,0.15305375740336766,-0.2104489164296305,0.35320097862315614,-0.4827080041183134,-0.10989010989010989,-0.5494505494505494,0.19720387973126216,0.30905085629526163,-0.04120678083936821
2023-01-12,0.46312885865014286,-0.24188895802109375,-0.4483795319415397,0.5840733376606898,0.504426973434232,0.5781736069772485,-0.011049892402196596,-0.44752064228896216,0.11504474832710555,0.1828916511866806,0.2064905739204459
2023-01-13,0.17352941176470588,0.1323529411764706,-0.26176470588235295,0.049999999999999996,-0.24705882352941175,0.2529411764705882,0.15934065934065936,0.15384615384615383,-0.1264705882352941,-0.05294117647058824,0.5323529411764706
2023-01-16,-0.15746876963615708,-0.07064019572463123,0.13539370847220983,0.11479031805252575,0.1339220377279467,-0.2178072701509463,0.016483516483516484,0.07692307692307691,0.32523923448215625,0.06328184200331548,-0.2604857217345777
2023-01-17,0.023529411764705882,-0.0823529411764706,0.5235294117647059,0.5764705882352941,0.6823529411764706,0.09117647058823529,0.19780219780219782,-0.5274725274725275,0.5147058823529412,0.047058823529411764,0.008823529411764706
2023-01-30,0.16176470588235295,-0.21176470588235297,0.09705882352941177,-0.3735294117647059,-0.3529411764705882,0.032352941176470584,-0.2967032967032967,0.027472527472527472,-0.3735294117647059,0.2088235294117647,0.44117647058823534
2023-01-31,0.14422373293778876,0.166298794101736,0.04562179307215766,-0.10301695209842054,0.2958058195968933,0.4194261621149979,0.3548834168830705,-0.09903723261853131,0.43708621104615575,0.07064019572463123,-0.07652687870168383
2023-02-01,0.06470588235294117,0.36764705882352944,0.06764705882352941,0.06764705882352941,0.44117647058823534,-0.10882352941176471,0.6153846153846153,-0.15384615384615383,0.34411764705882353,0.6941176470588235,-0.3235294117647059
2023-02-02,0.06764705882352941,0.6647058823529411,-0.07058823529411765,-0.6823529411764706,-0.24705882352941175,0.5911764705882353,0.521978021978022,0.30769230769230765,-0.38823529411764707,-0.7470588235294118,0.16176470588235295
2023-02-03,0.2088235294117647,-0.09999999999999999,-0.6088235294117647,-0.3558823529411765,-0.7058823529411764,-0.43529411764705883,-0.4725274725274725,0.34615384615384615,-0.6294117647058822,-0.21470588235294116,-0.22647058823529412
2023-02-06,0.03244851875892721,-0.48967764672562875,-0.3834824944236852,-0.1592927284529154,-0.24778868870453502,-0.36873316771508197,-0.3218710060102268,-0.008253102718210942,-0.2212399006290492,0.26548788075485896,-0.5368754921931592
2023-02-07,0.05672273623252055,0.36421967475618455,-0.08657680793384716,0.3940737464575112,0.4418402611796338,0.2657012381418068,0.5482413860965646,-0.46346179030843615,0.37019048909644986,-0.5224462547732156,-0.10150384378451045
2023-02-08,0.24778879512101082,0.2686866453119395,-0.07762058642344917,0.047766514722122566,-0.08060599359358184,-0.1283725083157044,-0.08477959578812856,0.14129932631354758,-0.2716720524820721,-0.10747465812477576,0.537373290623879
2023-02-09,0.09411764705882353,0.3852941176470588,0.25588235294117645,0.22941176470588234,-0.02647058823529412,0.5176470588235293,0.6263736263736264,0.3131868131868132,0.18235294117647058,-0.3205882352941176,0.43529411764705883
2023-02-10,-0.3029411764705882,-0.5058823529411764,-0.5029411764705883,-0.7294117647058823,-0.36764705882352944,-0.42352941176470593,-0.5054945054945055,0.2087912087912088,-0.5794117647058823,0.6313467492888915,-0.6735294117647058
2023-02-13,-0.0014716707442631505,-0.1780721600558412,-0.058866829770526014,0.29874916108541955,0.2781457706657354,-0.31493753927231416,-0.01925723967582553,-0.2090786021946772,0.3723326982985771,-0.1633554526132097,0.2516556972689987
2023-02-14,0.2029411764705882,-0.11176470588235293,-0.1647058823529412,0.19705882352941176,-0.3058823529411765,0.02647058823529412,-0.34065934065934067,0.0934065934065934,0.06176470588235294,0.09439569093506098,0.2823529411764706
2023-02-15,-0.13245036698368357,0.40765279616089267,0.1398087207049993,0.1486387451705782,-0.0029455081001472753,0.3119941977837879,-0.12637362637362637,0.24725274725274726,-0.25607070950178823,-0.40029444243957696,-0.3561443201116824
2023-02-16,-0.11773365954105203,-0.6048566758921549,-0.10007361060989424,-0.2693157462001565,-0.1751288185673149,-0.7402503843643646,-0.5612109848383441,-0.46767582069862007,-0.03384842711805246,0.09713026912136795,0.06769685423610491
2023-02-17,-0.17941176470588235,-0.28823529411764703,-0.3029411764705882,0.16176470588235295,0.1264705882352941,-0.3735294117647059,0.06043956043956044,0.1868131868131868,0.3323529411764706,0.3970588235294118,0.023529411764705882
2023-02-20,-0.37058823529411766,0.2441176470588235,-0.35000000000000003,0.24705882352941175,-0.032352941176470584,0.10882352941176471,-0.22527472527472525,0.03846153846153846,-0.02058823529411765,-0.21470588235294116,-0.5617647058823529
2023-02-21,-0.4441176470588235,-0.32647058823529407,-0.18529411764705883,0.38823529411764707,-0.22352941176470587,-0.3941176470588235,-0.532967032967033,0.0934065934065934,0.21176470588235297,0.42352941176470593,0.3147058823529411
2023-02-22,0.18529411764705883,0.5647058823529412,-0.19999999999999998,-0.33529411764705885,0.13823529411764704,0.31176470588235294,0.6703296703296703,-0.2802197802197803,-0.2323529411764706,-0.2911764705882353,-0.6764705882352942
2023-02-23,-0.09124358614431533,-0.713760310967628,-0.28256078289852493,0.2192789408952094,0.04415012232789452,-0.3384842711805246,-0.44291651254398723,-0.3053648005738049,0.2516556972689987,0.11479031805252575,0.4253128450920505
2023-02-24,0.36176470588235293,0.7852941176470588,0.45,-0.22647058823529412,0.5852941176470587,0.4705882352941176,0.8791208791208791,0.15384615384615383,0.14411764705882352,0.049999999999999996,0.02647058823529412
2023-03-01,-0.026490073396736705,-0.2531273680132619,0.04415012232789452,0.26490073396736713,-0.28108911215426174,-0.4944813700724185,-0.288858595137383,0.4126551359105471,0.1942605382427359,-0.3664460153215245,0.15894044038042027
2023-03-02,0.0029498653417206555,-0.3480841103230373,-0.351033975664758,0.12684420969398819,0.014749326708603275,-0.09439569093506098,-0.24309763284832514,0.13259870882635916,0.008849596025161967,-0.24778868870453502,0.061947172176133755
2023-03-03,0.09705882352941177,0.044117647058823525,0.2588235294117647,-0.12941176470588234,0.17941176470588235,0.02647058823529412,0.26373626373626374,-0.10989010989010989,0.15294117647058825,-0.18823529411764706,-0.5617647058823529
2023-03-06,0.12941176470588234,0.15588235294117647,-0.33529411764705885,-0.05294117647058824,-0.34411764705882353,0.3058823529411765,-0.2912087912087912,0.010989010989010988,-0.4382352941176471,-0.30882352941176466,0.4794117647058824
2023-03-07,0.1264705882352941,-0.4323529411764706,-0.38235294117647056,0.09705882352941177,0.2029411764705882,-0.23823529411764705,-0.25274725274725274,-0.049450549450549455,0.16764705882352943,0.2088235294117647,-0.2735294117647059
2023-03-08,-0.2588235294117647,0.3323529411764706,-0.3029411764705882,0.0823529411764706,0.019131719675420957,0.35000000000000003,0.6373626373626374,0.08241758241758242,0.2088235294117647,-0.1323529411764706,-0.4323529411764706
2023-03-09,0.11470588235294117,0.22058823529411767,-0.12352941176470587,0.3205882352941176,0.18823529411764706,-0.17941176470588235,-0.2087912087912088,0.48901098901098894,0.22352941176470587,0.2735294117647059,0.11470588235294117
2023-03-10,0.01764705882352941,0.21176470588235297,-0.2352941176470588,0.26176470588235295,-0.13529411764705881,0.2823529411764706,0.005494505494505494,0.15384615384615383,-0.14705882352941177,-0.3147058823529411,-0.15882352941176472
2023-03-13,0.6529411764705881,0.11470588235294117,0.0411764705882353,0.10588235294117648,0.12941176470588234,-0.3,-0.35714285714285715,-0.22527472527472525,0.10294117647058824,0.21764705882352942,0.21764705882352942
2023-03-14,0.4724063089084713,0.5165564312363659,0.47976466262978706,0.410596137649419,0.3267109052264194,0.3767477105313665,0.5859702929929769,0.2943606636161903,0.4738779796527344,-0.351729307878893,-0.18395884303289384
2023-03-15,0.19117647058823528,0.4176470588235294,0.15,0.5147058823529412,0.7382352941176471,0.06764705882352941,0.30769230769230765,0.13736263736263735,0.8264705882352942,0.22647058823529412,-0.18823529411764706
2023-03-16,0.08830024465578903,0.1427520621935256,0.1810155015443675,-0.28256078289852493,-0.07652687870168383,-0.3164092100165774,0.16506205436421886,-0.024759308154632828,0.04415012232789452,-0.166298794101736,0.3061075148067353
2023-03-17,0.1633554526132097,0.2207506116394726,0.41648282062647163,0.32229589299362993,0.410596137649419,0.46651962593141866,0.2255848076310991,0.39889996471352884,0.2855041243870512,-0.11331864730826258,-0.351729307878893
2023-03-20,0.07647058823529412,-0.03529411764705882,-0.37941176470588234,-0.5735294117647058,-0.6088235294117647,0.2058823529411765,-0.13186813186813187,-0.13736263736263735,-0.5147058823529412,-0.28529411764705886,-0.11176470588235293
2023-03-21,-0.3164092100165774,-0.1692421355902623,0.2516556972689987,-0.6563651519413651,-0.3929360887182612,0.1780721600558412,0.36863858808008876,-0.5447047794019223,-0.37086102755431394,0.04120678083936821,0.048565134560683974
2023-03-22,-0.13529411764705881,-0.2411764705882353,-0.33529411764705885,-0.4970588235294117,-0.2310523068493146,0.10882352941176471,-0.3626373626373627,-0.6593406593406593,-0.4705882352941176,0.2764705882352941,-0.38235294117647056
2023-03-23,0.15588235294117647,0.35000000000000003,-0.17058823529411765,0.4676470588235294,0.21470588235294116,0.34411764705882353,0.13736263736263735,0.13736263736263735,0.2911764705882353,0.05294117647058824,0.24705882352941175
2023-03-24,0.6298750785446283,-0.6534218104528388,0.4238411743477873,0.017660048931157808,-0.30022083182968273,-0.14128039144926247,-0.6483516483516483,-0.4835164835164835,0.0014716707442631505,0.4032377839281032,0.18395884303289384
2023-03-27,0.2911764705882353,-0.6882352941176471,-0.09999999999999999,-0.023529411764705882,-0.6882352941176471,-0.3558823529411765,-0.8131868131868131,-0.07692307692307691,-0.6264705882352941,0.3029411764705882,-0.1176470588235294
2023-03-28,-0.1323529411764706,0.047058823529411764,-0.35000000000000003,-0.008823529411764706,-0.049999999999999996,-0.4147058823529412,-0.005494505494505494,-0.4230769230769231,-0.16176470588235295,0.1264705882352941,0.03823529411764706
2023-03-29,-0.16121198718716367,0.6179792842174607,-0.5314024762836136,-0.19405146605862292,0.5791689910057362,0.05970814340265321,0.5369374399914808,0.011303946105083807,0.1134454724650411,0.014927035850663302,0.48065055439135834
2023-03-30,-0.3382352941176471,0.13529411764705881,-0.3,-0.10882352941176471,-0.2588235294117647,0.5294117647058824,0.15934065934065936,0.027472527472527472,-0.21764705882352942,-0.19999999999999998,-0.011764705882352941
2023-03-31,-0.10882352941176471,-0.4147058823529412,-0.1411764705882353,-0.0058823529411764705,-0.047058823529411764,-0.38235294117647056,-0.2802197802197803,-0.09890109890109891,0.07941176470588236,0.7019869450135229,-0.1176470588235294
2023-04-06,-0.1264705882352941,-0.39999999999999997,0.13823529411764704,0.2441176470588235,0.0029411764705882353,0.11470588235294117,-0.45604395604395603,-0.2087912087912088,0.10588235294117648,-0.032352941176470584,0.4176470588235294
2023-04-07,0.06176470588235294,-0.6941176470588235,0.42352941176470593,0.27058823529411763,-0.004415012232789452,-0.2764705882352941,-0.6703296703296703,-0.14835164835164835,0.17058823529411765,0.04120678083936822,-0.03529411764705882
2023-04-10,0.2960235640648012,0.26490073396736713,-0.5415748338888393,0.019131719675420957,-0.2192789408952094,0.12656368400663096,-0.054945054945054944,0.13186813186813187,-0.1250920132623678,0.15746876963615708,0.31346586852805103
2023-04-11,0.22987635210021484,-0.5433441049641442,0.14927035850663303,0.14628495133650035,-0.01941943085262974,-0.34033641739512327,-0.1337177051107507,-0.21171969975868857,0.044781107551989906,0.4000445607977765,-0.0029854071701326604
2023-04-12,-0.3294117647058824,-0.16176470588235295,0.21764705882352942,-0.07058823529411765,-0.0588235294117647,0.18529411764705883,-0.41208791208791207,0.5384615384615384,-0.032352941176470584,-0.0411764705882353,0.047058823529411764
2023-04-13,-0.044117647058823525,-0.2029411764705882,-0.0029411764705882353,0.21470588235294116,-0.055882352941176466,0.10882352941176471,-0.03296703296703297,-0.21428571428571427,-0.1411764705882353,-0.22941176470588234,-0.488235294117647
2023-04-14,-0.08094189093447328,-0.28991913661984064,-0.22516562387226202,0.09418692763284163,-0.09713026912136795,0.12950702549515722,0.13186813186813187,-0.2582417582417582,-0.029433414885263007,-0.05298014679347341,-0.166298794101736
2023-04-17,-0.35000000000000003,-0.01764705882352941,0.12941176470588234,-0.0029411764705882353,0.0823529411764706,0.023529411764705882,0.07142857142857142,0.30769230769230765,0.023529411764705882,-0.12941176470588234,0.3941176470588235
2023-04-18,-0.35000000000000003,-0.17941176470588235,0.049999999999999996,0.42352941176470593,0.4588235294117647,0.3941176470588235,-0.39560439560439564,0.22527472527472525,0.2588235294117647,0.055882352941176466,-0.19411764705882353
2023-04-19,0.07652687870168383,0.4135394791379453,-0.27078741694441966,-0.1339220377279467,-0.25901405099031444,-0.1692421355902623,0.37138962231949246,0.28335652665857564,-0.27520242917720916,-0.18690218452142013,-0.14716707442631505
2023-04-20,0.6588235294117648,-0.4264705882352941,0.16764705882352943,0.4323529411764706,0.2647058823529412,0.19411764705882353,-0.4505494505494505,-0.30769230769230765,0.2676470588235294,0.06764705882352941,-0.24705882352941175
2023-04-21,0.21486392866241996,-0.2884474658755775,-0.15746876963615708,0.18690218452142013,0.3752760397871034,0.03384842711805246,-0.43466340982577634,-0.40165099895293255,0.12362034251810462,-0.04120678083936821,-0.027961744140999858
2023-04-24,0.2764705882352941,-0.3205882352941176,0.1264705882352941,0.4588235294117647,0.3205882352941176,0.049999999999999996,-0.5,0.21428571428571427,0.3911764705882353,0.38235294117647056,0.10294117647058824
2023-04-25,-0.4147058823529412,-0.5088235294117647,0.05294117647058824,0.27941176470588236,0.42352941176470593,0.1176470588235294,-0.6318681318681317,-0.5,0.44117647058823534,0.538235294117647,-0.044117647058823525
2023-04-26,-0.5764705882352941,0.6264705882352941,0.2411764705882353,-0.4441176470588235,-0.31176470588235294,-0.3235294117647059,0.7032967032967032,0.0879120879120879,-0.28529411764705886,-0.3294117647058824,0.25588235294117645
2023-04-27,-0.28823529411764703,0.06176470588235294,0.0,-0.27058823529411763,-0.10588235294117648,0.07058823529411765,0.33516483516483514,-0.03296703296703297,-0.3205882352941176,-0.4205882352941176,0.19705882352941176
2023-04-28,-0.21470588235294116,0.34705882352941175,0.2088235294117647,-0.3411764705882353,-0.37821938127562965,-0.15,0.26373626373626374,0.34065934065934067,-0.2647058823529412,-0.12941176470588234,-0.22058823529411767
2023-05-02,0.014705882352941175,0.2029411764705882,-0.3,0.1264705882352941,-0.08823529411764705,0.24705882352941175,0.37912087912087916,0.2857142857142857,-0.03823529411764706,0.30882352941176466,0.044117647058823525
2023-05-03,-0.5029411764705883,-0.17058823529411765,-0.411764705882353,0.17941176470588235,0.2088235294117647,0.3294117647058824,-0.07692307692307691,0.09890109890109891,0.18823529411764706,0.3735294117647059,-0.11176470588235293
2023-05-04,0.44001207182737523,-0.017778265528378797,0.09481741615135357,0.04148261956621719,0.08000219487770459,-0.28593377058142566,0.09944903161976938,-0.3425466644680945,-0.019259787655743696,0.05629784083986619,0.46075338161048385
2023-05-05,-0.040001097438852294,-0.13333699146284098,0.3748250982233196,0.06963153998615028,0.12741090295338137,0.12296633657128667,0.25350648260579817,0.07243042360165662,-0.013333699146284097,-0.06815001785878537,0.30815660249189913
2023-05-08,0.3323529411764706,0.11176470588235293,0.12352941176470587,-0.18235294117647058,-0.25,-0.32647058823529407,-0.11538461538461539,-0.37912087912087916,-0.19999999999999998,0.3382352941176471,-0.1764705882352941
2023-05-09,-0.5680649072855761,-0.08388523242299958,-0.08977191540005218,0.4282561865805768,0.6078000173806811,0.31493753927231416,-0.3081158348132085,0.7537833815965993,0.5592348828199972,-0.3267109052264194,0.18690218452142013
2023-05-10,0.2064905739204459,-0.4660787239918635,0.342184379639596,0.351033975664758,0.4129811478408918,-0.12094447901054688,-0.37964272503770335,-0.22833584187050274,0.5545746842434832,0.0796463642264577,0.30973586088066885
2023-05-11,0.18235294117647058,0.2647058823529412,0.11470588235294117,0.02058823529411765,0.06764705882352941,0.29411764705882354,0.09890109890109891,0.08241758241758242,0.0,0.044117647058823525,-0.36764705882352944
2023-05-12,0.21470588235294116,-0.3235294117647059,-0.014705882352941175,-0.01764705882352941,-0.2588235294117647,-0.33529411764705885,-0.26373626373626374,-0.30769230769230765,-0.13529411764705881,0.09117647058823529,-0.14705882352941177
2023-05-15,0.31563559156411014,-0.2920366688303449,0.6194717217613377,0.30973586088066885,0.4188808785243331,0.4041315518157298,-0.20994795564173535,-0.5469696739087315,0.4424798012580984,0.4100312824991711,0.27433747678002096
2023-05-16,0.4264705882352941,-0.10588235294117648,-0.2735294117647059,-0.3558823529411765,-0.29411764705882354,0.0823529411764706,0.0879120879120879,-0.054945054945054944,-0.18823529411764706,0.3205882352941176,-0.17058823529411765
2023-05-17,-0.14705882352941177,0.4441176470588235,0.3529411764705882,0.4970588235294117,0.12941176470588234,0.14411764705882352,0.3186813186813187,0.0934065934065934,0.13529411764705881,0.2029411764705882,0.2735294117647059
2023-05-18,0.044247980125809834,0.1917412472118426,-0.17699192050323934,0.38938222510712656,0.3185854569058308,-0.17699192050323934,0.15469849363075233,0.11049892402196597,0.27138761143830026,-0.171092189819798,-0.0530975761509718
2023-05-19,0.3399559419247878,-0.3296542467149457,-0.004415012232789452,0.29874916108541955,-0.21339225791815683,-0.4650479551871556,-0.32967032967032966,-0.19230769230769232,-0.22663729461652515,0.09713026912136795,-0.12950702549515722
2023-05-22,0.10370654891554298,0.14074460209966547,-0.20000548719426145,0.10222502678817807,0.06222392934932578,0.06222392934932578,0.21547290184283366,-0.12707376262526085,-0.05037175233040658,0.08172443752066168,-0.3481576999307514
2023-05-23,-0.32743505293099273,-0.40708141715745044,-0.1592927284529154,-0.5781736069772485,-0.6460205098368235,-0.171092189819798,-0.23076923076923078,0.021978021978021976,-0.522126165484556,0.026568330800307793,-0.16224259379463604
2023-05-24,0.02941176470588235,0.3205882352941176,-0.21176470588235297,0.02941176470588235,-0.07941176470588236,0.30882352941176466,0.4340659340659341,-0.027472527472527472,-0.06470588235294117,-0.5342164801675237,-0.15
2023-05-25,-0.4852941176470588,0.4147058823529412,-0.03529411764705882,0.21764705882352942,0.049999999999999996,-0.08529411764705883,0.532967032967033,-0.22527472527472525,-0.4323529411764706,0.06916852498036807,-0.28823529411764703
2023-05-26,0.07352941176470588,-0.0823529411764706,-0.5058823529411764,-0.17941176470588235,-0.25,-0.5235294117647059,0.21428571428571427,-0.32417582417582413,-0.5176470588235293,0.21764705882352942,-0.3205882352941176
2023-05-29,0.11176470588235293,0.22941176470588234,0.10588235294117648,0.2088235294117647,0.1264705882352941,0.2352941176470588,-0.07692307692307691,-0.12637362637362637,0.13823529411764704,-0.08529411764705883,0.2323529411764706
2023-05-30,-0.2958058195968933,0.02501840265247356,-0.3899927472297349,-0.19867555047552532,-0.2325239775935778,0.16777046484599917,-0.1043956043956044,0.12637362637362637,-0.27078741694441966,-0.25607070950178823,-0.26490073396736713
2023-05-31,-0.03529411764705882,-0.19705882352941176,-0.19117647058823528,-0.3294117647058824,-0.2088235294117647,0.31176470588235294,-0.5439560439560439,0.41208791208791207,-0.29705882352941176,-0.2323529411764706,0.047058823529411764
2023-06-01,0.11176470588235293,0.02058823529411765,-0.22941176470588234,0.27058823529411763,0.36470588235294116,0.1411764705882353,0.027472527472527472,-0.2802197802197803,0.15294117647058825,-0.27941176470588236,0.044117647058823525
2023-06-02,-0.15294117647058825,-0.28823529411764703,-0.40294117647058825,-0.23823529411764705,-0.07211186646889438,-0.37058823529411766,-0.2967032967032967,0.15934065934065936,-0.14411764705882352,0.13529411764705881,-0.17941176470588235
2023-06-05,-0.09411764705882353,-0.023529411764705882,0.34705882352941175,-0.14705882352941177,0.032352941176470584,0.09411764705882353,-0.3021978021978022,-0.18131868131868134,-0.0588235294117647,0.15588235294117647,-0.1764705882352941
2023-06-06,-0.17941176470588235,0.6470588235294118,-0.3294117647058824,0.7088235294117646,0.6441176470588235,0.5705882352941177,0.39010989010989006,0.32967032967032966,0.5941176470588235,-0.2764705882352941,-0.049999999999999996
2023-06-07,-0.11773365954105203,-0.2045622334525779,-0.22222228238373573,-0.0014716707442631505,-0.48123633337405025,-0.023546731908210407,0.14030274620958602,-0.12379654077316414,-0.488594687095366,-0.2722590876886829,0.28403245364278806
2023-06-08,-0.1810155015443675,-0.058866829770526014,-0.2575423802460513,-0.10154528135415737,0.1486387451705782,0.28991913661984064,0.03296703296703297,-0.11538461538461539,0.13245036698368357,0.06769685423610491,0.05003680530494712
2023-06-09,0.3657833023733612,0.26548788075485896,-0.1651924591363567,0.4660787239918635,-0.044247980125809834,-0.014749326708603275,0.3516483516483516,0.06593406593406594,0.3362846489561547,-0.014749326708603275,0.1061951523019436
2023-06-12,0.3588235294117647,0.7794117647058825,0.06764705882352941,0.4382352941176471,0.6588235294117648,0.488235294117647,0.46703296703296704,0.06043956043956044,0.6264705882352941,0.18823529411764706,0.25
2023-06-13,0.13569380571915013,-0.011799461366882622,0.07079676820129574,0.17994178584495998,0.32153532224755144,-0.1828916511866806,-0.04419956960878638,-0.09392408541867107,0.023598922733765244,0.5073768387759527,0.4247806092077744
2023-06-14,-0.4959530408166817,0.31493753927231416,-0.05445181753773658,0.17954383080010436,0.23988233131489353,0.5298014679347343,0.20082549947646627,0.3658875538406851,0.31052252703952476,0.40029444243957696,0.019131719675420957
2023-06-15,-0.4385578817904188,-0.05150847604921027,-0.2884474658755775,0.2781457706657354,0.11331864730826258,0.34289928341331405,-0.23658894458871366,0.3191199717708231,0.05445181753773658,0.048565134560683974,0.19867555047552532
2023-06-16,0.3164092100165774,0.420897832859261,-0.12803535475089411,0.13245036698368357,0.11773365954105203,0.30757918555099845,-0.005494505494505494,0.11538461538461539,0.2178072701509463,0.5607065535642602,0.10007361060989424
2023-06-19,-0.04415012232789452,-0.49889638230520805,-0.05445181753773658,-0.29286247810836696,-0.3267109052264194,-0.1486387451705782,-0.03301241087284377,-0.35213238264366686,-0.5047830652822606,-0.19720387973126216,0.029433414885263007
2023-06-20,-0.03823529411764706,-0.13529411764705881,-0.2323529411764706,-0.06176470588235294,0.07941176470588236,0.06176470588235294,-0.17032967032967034,-0.1043956043956044,0.044117647058823525,0.2707874169444197,0.2411764705882353
2023-06-21,0.12058823529411765,-0.6176470588235293,-0.2029411764705882,-0.06470588235294117,-0.5058823529411764,-0.21470588235294116,-0.532967032967033,-0.2087912087912088,-0.39999999999999997,0.29411764705882354,-0.05294117647058824
2023-06-26,-0.05294117647058824,0.03823529411764706,0.06764705882352941,-0.4823529411764706,-0.3764705882352941,-0.17352941176470588,-0.010989010989010988,-0.1758241758241758,-0.3764705882352941,-0.5647058823529412,-0.5558823529411765
2023-06-27,-0.3,0.5176470588235293,-0.07058823529411765,0.17352941176470588,0.6235294117647059,0.07647058823529412,0.3626373626373627,0.08241758241758242,0.5205882352941177,-0.1411764705882353,-0.09999999999999999
2023-06-28,-0.4429728940232083,0.25459903875752504,-0.011773365954105204,-0.15599709889189395,0.13539370847220983,0.44885957700026086,0.08253102718210943,0.07152689022449482,-0.057395159026262875,0.1633554526132097,-0.4297278573248399
2023-06-29,-0.27078741694441966,-0.06033850051478917,-0.17954383080010436,0.3046358440624721,0.18690218452142013,-0.008830024465578904,0.03576344511224741,-0.013755171197018235,0.23105230684931463,-0.26804123711340205,-0.020603390419684106
2023-06-30,0.19411764705882353,0.3323529411764706,0.30882352941176466,0.4176470588235294,0.7941176470588236,0.2352941176470588,-0.18131868131868134,0.0,0.7323529411764707,0.6298750785446283,-0.42352941176470593
2023-07-03,0.2647058823529412,0.7794117647058825,0.22647058823529412,0.55,0.6323529411764706,0.4558823529411765,0.6318681318681317,0.016483516483516484,0.7352941176470589,0.21176470588235297,-0.3529411764705882
2023-07-04,-0.09117647058823529,-0.5705882352941177,-0.2029411764705882,-0.3588235294117647,-0.4176470588235294,-0.7735294117647058,-0.34615384615384615,-0.3626373626373627,-0.3852941176470588,-0.48967764672562875,-0.15294117647058825
2023-07-05,0.23823529411764705,0.07058823529411765,0.1764705882352941,-0.3,-0.40294117647058825,-0.3147058823529411,0.18131868131868134,-0.04395604395604395,-0.43529411764705883,-0.02941176470588235,-0.3205882352941176
2023-07-06,-0.0014716707442631505,0.027961744140999858,-0.166298794101736,0.1250920132623678,0.1221486717738415,-0.03384842711805246,0.2751034239403647,-0.03301241087284377,-0.06328184200331548,-0.3046358440624721,0.05298014679347341
2023-07-07,-0.1764705882352941,0.0029411764705882353,-0.08529411764705883,-0.22647058823529412,-0.24705882352941175,0.055882352941176466,-0.3186813186813187,0.39010989010989006,-0.24705882352941175,0.15,0.3970588235294118
2023-07-10,0.31176470588235294,0.2088235294117647,0.15882352941176472,0.2352941176470588,0.4764705882352941,0.09411764705882353,0.4340659340659341,-0.10989010989010989,0.5882352941176471,0.18235294117647058,-0.37058823529411766
2023-07-11,0.7109175473546779,0.06489703751785442,0.4867277813839081,0.4483795319415397,0.6932183553043539,0.2979363995137862,-0.14364860122855577,0.16574838603294897,0.5162264348011146,0.0029498653417206555,-0.3362846489561547
2023-07-12,-0.0029411764705882353,-0.011764705882352941,-0.43529411764705883,-0.14705882352941177,-0.01764705882352941,-0.21470588235294116,-0.19230769230769232,0.07692307692307691,-0.047058823529411764,0.5235294117647059,-0.0588235294117647
2023-07-13,0.05294117647058824,0.049999999999999996,-0.014705882352941175,-0.30882352941176466,-0.14411764705882352,0.07058823529411765,-0.12637362637362637,0.3516483516483516,-0.1647058823529412,-0.33529411764705885,-0.14411764705882352
2023-07-14,0.14454340174431213,-0.26253801541313837,-0.2507385540462557,0.47492832001702545,0.40118168647400915,0.256638284729697,-0.09628619837912766,0.008253102718210942,0.23303936199593175,-0.10029542161850229,0.0265487880754859
2023-07-17,-0.37941176470588234,-0.21470588235294116,-0.16764705882352943,0.3294117647058824,0.5823529411764706,-0.06764705882352941,-0.34615384615384615,-0.19230769230769232,0.4323529411764706,0.16176470588235295,-0.023529411764705882
2023-07-18,-0.42678451583631366,-0.1192053302853152,-0.5901399684495234,-0.26490073396736713,-0.5150847604921026,-0.30169250257394586,0.008253102718210942,-0.3438792799254559,-0.5930833099380497,-0.07064019572463123,-0.2869757951313143
2023-07-19,0.06176470588235294,-0.30882352941176466,0.3205882352941176,0.6,0.21176470588235297,0.17352941176470588,-0.532967032967033,0.06043956043956044,0.17058823529411765,0.09999999999999999,0.5029411764705883
2023-07-20,0.05150847604921027,-0.1309786962394204,0.19720387973126216,0.25459903875752504,0.011773365954105204,0.15011041591484137,-0.4175824175824176,0.6538461538461539,-0.02207506116394726,-0.04562179307215766,-0.11479031805252575
2023-07-21,0.5029411764705883,-0.0823529411764706,-0.16176470588235295,0.09705882352941177,0.15882352941176472,-0.09411764705882353,-0.23626373626373626,-0.12637362637362637,0.06176470588235294,0.13823529411764704,0.2735294117647059
2023-07-24,0.1647058823529412,0.19117647058823528,-0.0029411764705882353,-0.2911764705882353,-0.047058823529411764,0.29411764705882354,0.19230769230769232,0.09890109890109891,-0.09117647058823529,-0.1264705882352941,-0.3970588235294118
2023-07-25,0.3058823529411765,-0.4764705882352941,0.18235294117647058,0.7970588235294117,0.3558823529411765,-0.09705882352941177,-0.6043956043956044,-0.16483516483516483,0.4088235294117647,0.055882352941176466,0.05294117647058824
2023-07-26,-0.21470588235294116,-0.16176470588235295,-0.11176470588235293,-0.18823529411764706,-0.2588235294117647,-0.0411764705882353,0.39560439560439564,-0.45604395604395603,-0.2735294117647059,-0.4294117647058823,-0.611764705882353
2023-07-27,0.11209488298538492,0.3923320904488472,-0.4041315518157298,-0.03244851875892721,0.24188895802109375,0.14749326708603278,0.44752064228896216,0.16022343983185064,0.07079676820129574,0.2123903046038872,0.020649057392044586
2023-07-28,0.3558823529411765,-0.15882352941176472,0.4558823529411765,-0.06470588235294117,-0.28823529411764703,-0.1264705882352941,0.23626373626373626,-0.049450549450549455,-0.3558823529411765,0.2823529411764706,-0.0029411764705882353
2023-07-31,-0.0411764705882353,0.06470588235294117,-0.22352941176470587,-0.1264705882352941,-0.06470588235294117,0.1764705882352941,-0.13186813186813187,0.2582417582417582,-0.12352941176470587,-0.34705882352941175,-0.45
2023-08-01,-0.02647058823529412,-0.07647058823529412,-0.44705882352941173,-0.15294117647058825,-0.25,-0.2088235294117647,0.21428571428571427,-0.3021978021978022,-0.43529411764705883,-0.13529411764705881,0.25
2023-08-02,-0.22352941176470587,-0.6029411764705882,0.21176470588235297,0.26176470588235295,0.2088235294117647,-0.5264705882352941,-0.6923076923076923,-0.18131868131868134,0.09705882352941177,-0.4764705882352941,-0.10882352941176471
2023-08-04,0.10588235294117648,0.2441176470588235,-0.2323529411764706,-0.3,0.10294117647058824,0.3029411764705882,-0.021978021978021976,-0.0879120879120879,0.01764705882352941,0.1647058823529412,0.6058823529411764
2023-08-07,0.28823529411764703,-0.4588235294117647,0.3147058823529411,0.37941176470588234,0.6705882352941177,0.13823529411764704,-0.38461538461538464,0.04395604395604395,0.611764705882353,-0.17352941176470588,-0.1323529411764706
2023-08-08,-0.7735294117647058,-0.014705882352941175,-0.2647058823529412,0.3529411764705882,-0.3941176470588235,-0.2029411764705882,0.08241758241758242,-0.03846153846153846,-0.3941176470588235,0.3735294117647059,-0.6411764705882352
2023-08-09,-0.4176470588235294,-0.44117647058823534,-0.0058823529411764705,0.4441176470588235,0.011764705882352941,-0.09999999999999999,-0.06593406593406594,-0.26373626373626374,0.09705882352941177,0.12941176470588234,0.3029411764705882
2023-08-10,-0.07211186646889438,0.23399564833784092,-0.19867555047552532,-0.21633559940668312,-0.26490073396736713,0.14128039144926247,0.016483516483516484,0.41208791208791207,-0.2913908073641038,-0.27520242917720916,-0.26342906322310394
2023-08-11,0.0058823529411764705,0.19999999999999998,0.11176470588235293,-0.17352941176470588,-0.0029411764705882353,-0.2441176470588235,0.19230769230769232,-0.0879120879120879,-0.15294117647058825,-0.2735294117647059,0.22058823529411767
2023-08-14,0.02949865341720655,0.5309757615097179,0.3362846489561547,-0.0265487880754859,-0.1917412472118426,-0.27138761143830026,0.6492440804992607,-0.23658894458871366,-0.038348249442368525,-0.017699192050323935,0.256638284729697
2023-08-15,0.06769685423610491,0.703458615757786,0.19278886749847268,-0.07799854944594697,0.07505520795742068,0.18395884303289384,0.3878958277559143,-0.05502068478807294,0.2604857217345777,-0.1604121111246834,0.06622518349184178
2023-08-16,-0.055882352941176466,0.3,0.02647058823529412,-0.4941176470588235,0.02647058823529412,0.22647058823529412,0.14835164835164835,0.1043956043956044,0.2411764705882353,-0.03529411764705882,0.36764705882352944
2023-08-17,-0.11176470588235293,-0.7588235294117647,-0.4558823529411765,0.3588235294117647,-0.047058823529411764,-0.3323529411764706,-0.30769230769230765,0.054945054945054944,-0.4970588235294117,0.4941176470588235,0.6
2023-08-18,-0.04415012232789452,-0.24724068503620925,0.07505520795742068,-0.3164092100165774,-0.002943341488526301,0.3414276126690509,-0.37138962231949246,0.20632756795527354,-0.23105230684931463,0.010301695209842053,-0.21339225791815683
2023-08-21,-0.4147058823529412,0.4794117647058824,-0.5352941176470588,-0.01764705882352941,0.2529411764705882,-0.2441176470588235,0.33516483516483514,-0.48901098901098894,0.22941176470588234,-0.4764705882352941,-0.03529411764705882
2023-08-22,-0.12240169397543908,-0.008956221510397983,-0.17315361586769432,0.11046006529490845,0.17613902303782694,-0.38810293211724584,-0.08287419301647449,-0.22652279424503025,0.17613902303782694,-0.014927035850663302,0.25077420229114344
2023-08-23,0.0823529411764706,0.5558823529411765,0.4441176470588235,-0.5735294117647058,-0.2823529411764706,0.17941176470588235,0.6813186813186813,-0.14835164835164835,-0.14411764705882352,0.049999999999999996,-0.14411764705882352
2023-08-24,-0.06470588235294117,0.02941176470588235,-0.38235294117647056,-0.08529411764705883,-0.15294117647058825,0.4205882352941176,-0.22527472527472525,0.15384615384615383,-0.5235294117647059,-0.023529411764705882,-0.21470588235294116
2023-08-25,-0.3561443201116824,-0.3473142956461035,-0.1427520621935256,-0.40029444243957696,-0.20750557494110425,0.07947022019021013,0.030261376633440123,0.11829447229435683,-0.3649743445772613,0.15305375740336766,-0.3752760397871034
2023-08-28,0.07941176470588236,0.3058823529411765,0.22647058823529412,-0.22058823529411767,-0.032352941176470584,-0.008823529411764706,0.45604395604395603,-0.22527472527472525,0.044117647058823525,-0.055882352941176466,-0.10882352941176471
2023-08-29,-0.27704463781723626,-0.16889352251959855,-0.21926527485000516,-0.034075008929392685,-0.47260555862940296,-0.5185327445777149,-0.1142172064487662,0.1142172064487662,-0.20889461995845088,0.14518916848176017,0.30963812461926404
2023-08-30,0.10588235294117648,0.21764705882352942,0.30882352941176466,-0.4794117647058824,0.37058823529411766,-0.2088235294117647,0.016483516483516484,-0.06593406593406594,0.06764705882352941,-0.788235294117647,0.12352941176470587
2023-08-31,-0.06764705882352941,-0.27941176470588236,0.22352941176470587,0.19117647058823528,-0.2676470588235294,0.29705882352941176,-0.42857142857142855,0.3626373626373627,-0.01764705882352941,0.19705882352941176,0.2764705882352941
2023-09-01,-0.2441176470588235,-0.4264705882352941,-0.15,-0.12352941176470587,0.2323529411764706,-0.6882352941176471,-0.21978021978021978,-0.46703296703296704,0.008823529411764706,-0.023529411764705882,0.0
2023-09-04,-0.2823529411764706,0.2676470588235294,0.1764705882352941,0.29411764705882354,-0.2920366688303449,-0.011764705882352941,0.24725274725274726,0.1758241758241758,-0.15294117647058825,0.38823529411764707,-0.17352941176470588
2023-09-05,0.4058823529411764,0.22352941176470587,-0.10294117647058824,-0.09999999999999999,0.5735294117647058,-0.30882352941176466,0.576923076923077,-0.4230769230769231,0.27941176470588236,0.0,-0.055882352941176466
2023-09-06,-0.2766740999214723,-0.22352941176470587,0.10294117647058824,-0.18529411764705883,-0.06176470588235294,0.15882352941176472,-0.3626373626373627,0.054945054945054944,0.07352941176470588,-0.02647058823529412,0.0
2023-09-07,-0.4676470588235294,-0.611764705882353,-0.27941176470588236,0.06470588235294117,-0.2823529411764706,0.2058823529411765,-0.5604395604395606,-0.016483516483516484,-0.023529411764705882,0.1764705882352941,0.2735294117647059
2023-09-08,-0.10882352941176471,-0.5176470588235293,0.06764705882352941,0.5764705882352941,0.2058823529411765,-0.16764705882352943,-0.11538461538461539,-0.2747252747252747,0.4647058823529412,0.3411764705882353,0.10294117647058824
2023-09-11,0.166298794101736,0.351729307878893,-0.1456954036820519,0.10301695209842054,-0.2693157462001565,0.15011041591484137,0.3218710060102268,0.013755171197018235,-0.1810155015443675,0.2884474658755775,-0.0014716707442631505
2023-09-12,0.014705882352941175,-0.2676470588235294,0.5852941176470587,0.4323529411764706,0.4764705882352941,-0.5735294117647058,-0.09890109890109891,-0.2802197802197803,0.5470588235294118,0.5441176470588236,-0.06764705882352941
2023-09-13,-0.2029411764705882,0.1764705882352941,-0.39999999999999997,-0.3323529411764706,-0.6902135790594176,0.08823529411764705,0.03846153846153846,0.14835164835164835,-0.5764705882352941,0.02647058823529412,-0.37058823529411766
2023-09-14,-0.13539370847220983,0.166298794101736,-0.1751288185673149,0.07358353721315752,0.13539370847220983,0.19573220898699903,0.6905095940903154,-0.27785445817976834,-0.03384842711805246,0.4459162355117346,0.1633554526132097
2023-09-15,0.3764705882352941,-0.15588235294117647,-0.15588235294117647,0.2911764705882353,0.39146441797399806,0.16764705882352943,-0.3681318681318681,0.22527472527472525,0.3323529411764706,-0.1258830048897004,0.23823529411764705
2023-09-18,-0.12296633657128667,-0.07259458424088008,-0.13333699146284098,-0.18222722166588265,-0.06226973276321998,0.5274218773419043,-0.06128728150909406,0.1838618445272822,-0.12000329231655689,-0.13926307997230056,-0.11704024806182706
2023-09-19,-0.25482180590676273,-0.6252023377479877,-0.22667288548682962,-0.026667398292568194,-0.13926307997230056,-0.007407610636824498,-0.5181561073041588,0.013928927615703196,-0.035556531056757594,-0.16000438975540918,-0.10963263742500258
2023-09-20,0.2676470588235294,0.011764705882352941,0.18235294117647058,-0.38235294117647056,-0.15746876963615708,-0.15588235294117647,0.15934065934065936,-0.03296703296703297,-0.2735294117647059,-0.049999999999999996,-0.032352941176470584
2023-09-21,0.1309786962394204,-0.02501840265247356,0.6004416636593655,-0.2060339041968411,-0.3561443201116824,0.3664460153215245,-0.21458067067348452,0.2448420473069246,-0.2325239775935778,-0.2531273680132619,-0.0014716707442631505
2023-09-22,0.3941176470588235,0.3323529411764706,0.023529411764705882,0.3147058823529411,0.22647058823529412,0.28529411764705886,0.2967032967032967,0.04395604395604395,0.014705882352941175,0.5147058823529412,0.15882352941176472
2023-09-25,-0.31764705882352945,-0.3764705882352941,-0.17058823529411765,0.10294117647058824,0.09705882352941177,0.15882352941176472,-0.3186813186813187,0.13186813186813187,-0.044117647058823525,-0.10882352941176471,0.2088235294117647
2023-09-26,0.38938222510712656,0.21534016994560784,-0.4601789933084222,-0.6135719910778964,-0.30973586088066885,-0.25368841938797637,0.11004136957614588,-0.4924351288532529,-0.05014771080925114,-0.20354070857872522,-0.011799461366882622
2023-09-27,-0.03703805318412249,0.17185656677432837,0.02963044254729799,-0.12889242508074628,-0.3422316114212918,-0.32149030163818326,0.14917354742965408,-0.28177225625601326,0.17926417741115283,0.10074350466081317,0.2977859476003448
2023-09-28,0.7911764705882354,0.5117647058823529,-0.014705882352941175,-0.4588235294117647,-0.32647058823529407,-0.19999999999999998,0.6648351648351648,-0.2967032967032967,0.15588235294117647,-0.32647058823529407,-0.13529411764705881
2023-10-02,0.3382352941176471,0.2441176470588235,0.11470588235294117,-0.3735294117647059,0.3235294117647059,0.4617647058823529,0.3736263736263736,-0.0879120879120879,0.0411764705882353,-0.06470588235294117,-0.22647058823529412
2023-10-03,0.6441176470588235,0.2647058823529412,0.16176470588235295,-0.13529411764705881,0.4176470588235294,0.12941176470588234,0.06593406593406594,-0.3131868131868132,0.18529411764705883,0.10882352941176471,0.047058823529411764
2023-10-04,0.06176470588235294,0.2029411764705882,0.26176470588235295,0.28823529411764703,-0.30882352941176466,0.10588235294117648,0.45604395604395603,0.2087912087912088,0.09999999999999999,0.02941176470588235,-0.10588235294117648
2023-10-05,0.2604857217345777,-0.2295806361050515,0.013245036698368353,-0.07505520795742068,-0.07211186646889438,-0.5636498950527866,-0.24175824175824176,-0.11538461538461539,-0.1339220377279467,-0.4091244669051558,0.042678451583631365
2023-10-06,-0.29705882352941176,-0.044117647058823525,0.24705882352941175,-0.16764705882352943,-0.16176470588235295,0.0058823529411764705,0.09890109890109891,-0.2857142857142857,0.02941176470588235,0.07058823529411765,0.15588235294117647
2023-10-11,0.38053262908196456,-0.45132939728326027,0.28908680348862426,-0.0265487880754859,-0.1592927284529154,-0.04129811478408917,-0.28177225625601326,-0.06629935441317958,-0.24778868870453502,-0.07079676820129574,0.023598922733765244
2023-10-12,-0.23399564833784092,0.21486392866241996,0.12950702549515722,0.008830024465578904,0.2533136966126657,-0.1456954036820519,0.34938134840426316,-0.29711169785559394,0.08388523242299958,-0.2104489164296305,-0.1427520621935256
2023-10-13,-0.014705882352941175,-0.5529411764705882,0.2676470588235294,-0.2088235294117647,-0.07352941176470588,0.25588235294117645,-0.22527472527472525,-0.03296703296703297,0.4205882352941176,0.11176470588235293,0.03529411764705882
2023-10-16,-0.09439569093506098,-0.32743505293099273,0.10914501764366427,-0.2359892273376524,0.07079676820129574,-0.1179946136688262,0.07182430061427789,-0.21547290184283366,0.07079676820129574,0.27138761143830026,-0.05014771080925114
2023-10-17,0.19117647058823528,-0.8205882352941177,0.26176470588235295,-0.2058823529411765,-0.26176470588235295,0.16176470588235295,-0.5439560439560439,0.4450549450549451,0.07647058823529412,0.3323529411764706,0.2588235294117647
2023-10-18,-0.07358353721315752,0.4562179307215766,0.3885210764854718,0.2045622334525779,0.4253128450920505,-0.29286247810836696,0.8225592375816905,-0.5254475397260966,0.31788088076084053,-0.030927835051546386,0.22222228238373573
2023-10-19,-0.19705882352941176,0.2676470588235294,0.0,0.2764705882352941,0.36176470588235293,-0.28823529411764703,0.21978021978021978,-0.4450549450549451,0.14705882352941177,0.12058823529411765,-0.12058823529411765
2023-10-20,-0.5264705882352941,-0.02647058823529412,0.023529411764705882,-0.15294117647058825,-0.15588235294117647,0.3911764705882353,0.23626373626373626,0.33516483516483514,-0.2029411764705882,-0.12941176470588234,0.0058823529411764705
2023-10-23,-0.26519246079831704,-0.06963153998615028,0.13333699146284098,-0.047408708075676785,0.2385250625057488,0.2533402837793978,0.09392408541867107,-0.4917202118977485,0.2340804961236541,0.3881587973696037,-0.16444895613750385
2023-10-24,-0.14518916848176017,-0.05777936296723109,0.12741090295338137,0.3303794344023726,0.05629784083986619,-0.6681664794415697,0.12707376262526085,-0.2928221486582098,0.07703915062297478,0.06963153998615028,0.14963373486385487
2023-10-25,-0.2088235294117647,-0.03823529411764706,-0.5558823529411765,-0.14705882352941177,0.02058823529411765,0.023529411764705882,-0.33516483516483514,0.13736263736263735,-0.07058823529411765,0.02941176470588235,0.07647058823529412
2023-10-26,-0.43529411764705883,-0.07058823529411765,-0.02647058823529412,-0.13823529411764704,0.06470588235294117,0.4294117647058823,-0.13736263736263735,-0.21978021978021978,0.15,0.0411764705882353,-0.6735294117647058
2023-10-27,-0.18879138187012195,0.2123903046038872,0.14749326708603278,0.0914458255933403,0.038348249442368525,-0.0265487880754859,0.23757268664722683,-0.314921933462603,0.16814232447807734,-0.3569337063481993,-0.12094447901054688
2023-10-30,-0.014705882352941175,-0.4617647058823529,0.3588235294117647,-0.05294117647058824,-0.0411764705882353,0.17941176470588235,-0.5659340659340659,0.5494505494505494,-0.22352941176470587,0.01764705882352941,-0.023529411764705882
2023-10-31,0.21764705882352942,-0.14705882352941177,0.2676470588235294,0.26176470588235295,0.45,-0.3235294117647059,0.25274725274725274,-0.34065934065934067,0.6441176470588235,0.5058823529411764,-0.047058823529411764
2023-11-01,-0.3235294117647059,0.6323529411764706,-0.09999999999999999,-0.4058823529411764,-0.21764705882352942,-0.22352941176470587,0.6483516483516483,-0.027472527472527472,-0.07941176470588236,0.21470588235294116,0.3323529411764706
2023-11-02,0.3852941176470588,-0.2911764705882353,-0.09117647058823529,-0.06764705882352941,-0.049999999999999996,0.3147058823529411,-0.021978021978021976,0.26373626373626374,-0.12352941176470587,0.3529411764705882,-0.3235294117647059
2023-11-03,-0.7079676820129573,0.24778868870453502,-0.4306803398912157,-0.10324528696022295,-0.6224215871030583,0.14454340174431213,-0.21733170491288817,0.3053648005738049,-0.4867277813839081,-0.29498653417206555,-0.3067859955389482
2023-11-06,0.16814232447807734,0.30088626485550685,-0.014749326708603275,0.30088626485550685,0.6548701058619855,-0.023598922733765244,0.5749661560353623,-0.5667130533171513,0.7197671433798399,0.0,0.24778868870453502
2023-11-07,0.3588235294117647,0.5411764705882353,-0.10882352941176471,0.06176470588235294,-0.26176470588235295,-0.2088235294117647,0.016483516483516484,-0.07142857142857142,0.032352941176470584,-0.26176470588235295,-0.4705882352941176
2023-11-08,-0.1221486717738415,-0.029433414885263007,-0.18543051377715697,-0.7637971162725752,-0.6725535301282597,-0.33554092969199834,-0.17032967032967034,0.13186813186813187,-0.7873438481807855,-0.2192789408952094,-0.6916852498036807
2023-11-09,-0.0014716707442631505,-0.18690218452142013,-0.4606329429543662,0.16188378186894656,0.22516562387226202,0.27078741694441966,0.07427792446389848,0.3411282456860522,-0.007358353721315752,-0.2855041243870512,0.17365714782305175
2023-11-10,-0.01764705882352941,0.2764705882352941,0.19411764705882353,-0.1264705882352941,0.5029411764705883,-0.3411764705882353,0.37912087912087916,-0.4450549450549451,0.3735294117647059,0.08241356167873644,-0.4823529411764706
2023-11-13,-0.37176064889448046,-0.1061951523019436,0.1651924591363567,-0.03244851875892721,-0.666669567228868,0.18879138187012195,-0.6795054571327008,0.27235238970096115,-0.5162264348011146,-0.10545133790756898,-0.15634286311119475
2023-11-14,0.1647058823529412,-0.2735294117647059,-0.10588235294117648,0.09999999999999999,-0.19999999999999998,0.3294117647058824,-0.32417582417582413,0.26373626373626374,-0.2647058823529412,0.19999999999999998,-0.4441176470588235
2023-11-15,0.27058823529411763,-0.3382352941176471,0.5735294117647058,0.21764705882352942,-0.3558823529411765,0.4147058823529412,-0.3131868131868132,-0.1758241758241758,-0.1411764705882353,0.31493753927231416,0.5470588235294118
2023-11-16,-0.38810293211724584,0.023883257361061283,-0.3970591536276439,-0.34033641739512327,-0.050751921892255226,-0.5015484045822869,-0.03621521180082831,0.0919309222636411,-0.3045115313535314,-0.47169433288096035,-0.6120084698771954
2023-11-17,0.013245036698368353,0.1633554526132097,-0.5607065535642602,-0.33406925894773515,-0.030905085629526156,-0.19867555047552532,0.2967032967032967,-0.11538461538461539,-0.2781457706657354,-0.08388523242299958,-0.12803535475089411
2023-11-20,-0.4135394791379453,0.06328184200331548,-0.002943341488526301,0.30169250257394586,0.5445181753773658,-0.005886682977052602,-0.19257239675825533,0.10178826685793495,0.40029444243957696,0.07505520795742068,-0.09418692763284163
2023-11-21,-0.171092189819798,0.03539838410064787,-0.13569380571915013,0.2064905739204459,0.19764097789528393,0.17404205516151866,-0.23933997882811733,0.09628619837912766,0.1533929977694741,0.144649801023898,0.023598922733765244
2023-11-22,0.15555982337331448,-0.22519136335946477,-0.28445224845406075,-0.004444566382094699,-0.4474196824641997,0.22519136335946477,0.22099784804393194,0.04972451580988469,-0.2622294165435872,-0.40149249651588775,-0.24593267314257333
2023-11-23,-0.15634286311119475,0.12684420969398819,0.04719784546753049,-0.30088626485550685,-0.30973586088066885,-0.06489703751785442,0.1458048146883933,-0.041265513591054716,-0.3067859955389482,-0.25368841938797637,-0.5457250882183213
2023-11-24,0.3649743445772613,-0.5356881509117868,0.026490073396736705,0.3752760397871034,-0.2295806361050515,0.2913908073641038,-0.6758241758241759,0.0934065934065934,0.16482712335747285,-0.06181017125905231,0.014716707442631503
2023-11-27,-0.43529411764705883,0.45,-0.15588235294117647,-0.055882352941176466,0.4088235294117647,0.06470588235294117,0.14835164835164835,0.32417582417582413,-0.02941176470588235,0.24576901429194614,-0.4323529411764706
2023-11-28,-0.3205882352941176,0.0411764705882353,-0.14411764705882352,-0.44117647058823534,-0.2029411764705882,-0.4764705882352941,0.3186813186813187,-0.48901098901098894,-0.07647058823529412,-0.0588235294117647,0.1411764705882353
2023-11-29,0.10588235294117648,0.28823529411764703,0.15,-0.2029411764705882,0.07647058823529412,0.2529411764705882,0.2967032967032967,0.021978021978021976,0.055882352941176466,-0.4323529411764706,-0.10882352941176471
2023-11-30,-0.2029411764705882,0.0058823529411764705,-0.12058823529411765,0.014705882352941175,-0.09999999999999999,-0.3764705882352941,0.26373626373626374,-0.0879120879120879,0.07941176470588236,0.171092189819798,-0.18823529411764706
2023-12-01,0.30882352941176466,-0.30882352941176466,-0.3294117647058824,0.044117647058823525,-0.08529411764705883,0.1411764705882353,-0.32967032967032966,0.4230769230769231,-0.01764705882352941,0.4264705882352941,0.5411764705882353
2023-12-04,0.3899927472297349,-0.5194997727248921,0.08388523242299958,0.17365714782305175,0.08535690316726273,0.332597588203472,-0.5419537451625185,-0.08528206142151305,0.017660048931157808,-0.2604857217345777,-0.10743196433120998
2023-12-05,0.12684420969398819,-0.0029498653417206555,0.03539838410064787,0.1061951523019436,-0.061947172176133755,0.44542966659981903,-0.13812365502745744,-0.011049892402196596,-0.19764097789528393,-0.44542966659981903,-0.023598922733765244
2023-12-06,0.351729307878893,0.5106697482593132,0.10596029358694682,0.1221486717738415,0.09418692763284163,-0.2781457706657354,-0.08803309566091672,0.3246220402496304,-0.09271525688857848,-0.18483063328424154,-0.16777046484599917
2023-12-07,0.13823529411764704,0.6529411764705881,0.19999999999999998,-0.3529411764705882,-0.2323529411764706,-0.023529411764705882,0.2582417582417582,0.15934065934065936,-0.1264705882352941,0.049999999999999996,0.047058823529411764
2023-12-08,-0.18235294117647058,0.36176470588235293,-0.1764705882352941,-0.4382352941176471,-0.31764705882352945,-0.4588235294117647,0.4835164835164835,-0.30769230769230765,-0.42352941176470593,0.017660048931157808,0.02058823529411765
2023-12-11,0.09734555627678164,-0.3038361301972275,0.1917412472118426,-0.5575245495852039,-0.14749326708603278,-0.020649057392044586,0.23757268664722683,-0.22099784804393194,-0.09439569093506098,-0.1828916511866806,-0.014749326708603275
2023-12-12,-0.05150847604921027,0.5577632120757341,-0.13245036698368357,-0.15599709889189395,-0.3384842711805246,0.14716707442631505,0.4869330603744456,0.07977999294270577,-0.05298014679347341,0.4473879062559977,0.5033113945379974
2023-12-13,0.36470588235294116,0.1264705882352941,0.22058823529411767,-0.049999999999999996,-0.0588235294117647,-0.11176470588235293,0.12637362637362637,-0.14285714285714285,-0.08823529411764705,-0.33628464895615473,0.01764705882352941
2023-12-14,0.4441176470588235,0.2911764705882353,-0.07352941176470588,-0.11470588235294117,0.3764705882352941,0.0823529411764706,0.2087912087912088,-0.25274725274725274,-0.008823529411764706,-0.047058823529411764,0.6382352941176471
2023-12-15,-0.4032377839281032,-0.3046358440624721,-0.30022083182968273,0.1103753058197363,-0.30905085629526163,-0.07947022019021013,-0.48143099189563826,-0.4236592728681617,-0.3208242222493668,-0.27520242917720916,-0.38704940574120855
2023-12-18,0.4100312824991711,0.10914501764366427,-0.3775827637402439,0.0796463642264577,-0.15044313242775342,0.333334783614434,-0.19889806323953876,0.011049892402196596,-0.038348249442368525,0.0530975761509718,-0.06489703751785442
2023-12-19,-0.29286247810836696,0.016188378186894652,0.6372334322659442,0.3649743445772613,-0.4768213211412608,-0.3384842711805246,0.0577717190274766,0.08253102718210943,-0.30316417331820894,-0.2061855670103093,-0.1456954036820519
2023-12-20,0.6735294117647058,-0.049999999999999996,-0.1264705882352941,0.02941176470588235,-0.05294117647058824,0.06764705882352941,-0.3681318681318681,0.2087912087912088,-0.22647058823529412,-0.4518029184887872,0.02647058823529412
2023-12-21,-0.27058823529411763,0.42352941176470593,0.02647058823529412,0.31176470588235294,0.4294117647058823,0.12941176470588234,0.2857142857142857,-0.15384615384615383,0.4558823529411765,-0.15588235294117647,-0.1176470588235294
2023-12-22,0.07058823529411765,-0.12352941176470587,-0.07058823529411765,-0.44705882352941173,-0.4205882352941176,0.18823529411764706,0.10989010989010989,0.1043956043956044,-0.4088235294117647,-0.047058823529411764,-0.05294117647058824
2023-12-25,-0.2413540020591567,0.1221486717738415,0.1250920132623678,0.08977191540005218,-0.2869757951313143,-0.5562915413314709,0.6098901098901099,-0.07692307692307691,-0.21192058717389364,-0.2192789408952094,-0.3296542467149457
2023-12-26,0.4188808785243331,0.17404205516151866,-0.06784690285957506,0.02949865341720655,0.02949865341720655,0.1061951523019436,0.38122128787578263,-0.24309763284832514,0.038348249442368525,0.1545334818572512,0.1858415165284013
2023-12-27,-0.02058823529411765,-0.17941176470588235,-0.16764705882352943,-0.25,-0.22941176470588234,0.17058823529411765,-0.6373626373626374,0.4175824175824176,-0.3147058823529411,-0.011773365954105204,-0.6058823529411764
2023-12-28,0.7081675768804221,0.09926198253344828,-0.5674229747807565,0.5555707977618374,0.3644544433317653,0.04148261956621719,-0.15469849363075233,0.28729720245711154,0.3259348680202779,0.21778375272264025,-0.4637164258652136
2023-12-29,0.16224259379463604,-0.4985272427507907,0.522126165484556,-0.5368754921931592,-0.4424798012580984,0.085546094909899,-0.3922711802779792,0.14917354742965408,-0.4542792626249809,0.39528195579056785,0.014749326708603275
2024-01-02,0.11470588235294117,-0.34411764705882353,0.4382352941176471,0.17058823529411765,-0.032352941176470584,0.03823529411764706,-0.4945054945054945,0.15384615384615383,0.09117647058823529,-0.4176470588235294,0.18529411764705883
2024-01-03,-0.1828916511866806,-0.17994178584495998,0.0589973068344131,0.1592927284529154,0.31586793284810377,-0.36283343703164056,0.23757268664722683,-0.5138199967021418,0.08849596025161967,0.299422670831355,0.2300894966542111
2024-01-04,-0.14518916848176017,-0.4474196824641997,-0.06370545147669068,0.39112184162433355,-0.24148810676047866,0.41778923991690176,-0.19500498661984475,0.2340059839438137,0.06222392934932578,-0.23556201825101902,-0.3614913990770355
2024-01-05,-0.33529411764705885,0.0,-0.26176470588235295,-0.37941176470588234,-0.5294117647058824,-0.044117647058823525,0.2912087912087912,0.20329670329670327,-0.4441176470588235,-0.07058823529411765,0.09999999999999999
2024-01-08,-0.6,0.5029411764705883,0.008823529411764706,0.13529411764705881,0.37058823529411766,0.27941176470588236,0.26373626373626374,0.021978021978021976,0.17941176470588235,0.20000548719426145,0.1176470588235294
2024-01-09,-0.22713963131249046,-0.171092189819798,0.20354070857872522,0.4041315518157298,0.5977874430069253,-0.25958815007141767,0.4731778891774273,-0.5034392658108675,0.5103267041176733,0.007429494320060151,0.35398384100647867
2024-01-10,-0.4588235294117647,0.4676470588235294,-0.05294117647058824,0.4264705882352941,0.28108911215426174,0.055882352941176466,0.0934065934065934,0.46153846153846156,0.36176470588235293,0.10882352941176471,0.13823529411764704
2024-01-11,0.43952993591637773,0.05604744149269246,-0.24483882336281437,-0.47492832001702545,-0.03244851875892721,-0.49557737740907004,0.07182430061427789,-0.07182430061427789,-0.29498653417206555,-0.27138761143830026,0.3244851875892721
2024-01-12,-0.4306803398912157,-0.014749326708603275,0.16224259379463604,0.4660787239918635,0.3392345142978754,0.28023720746346226,0.2035765337158699,0.0027510342394036474,0.3126857262223895,0.09734555627678164,-0.46902858933358416
2024-01-15,0.478292991885524,-0.013245036698368353,-0.3119941977837879,0.7417220551086279,0.6328184200331548,-0.13686537921647302,0.005502068478807295,-0.013755171197018235,0.538631492400313,0.7623254455283119,0.31346586852805103
2024-01-16,-0.2352941176470588,0.19117647058823528,0.1411764705882353,0.45294117647058824,0.55,0.07647058823529412,-0.021978021978021976,-0.14835164835164835,0.44117647058823534,0.27058823529411763,0.23823529411764705
2024-01-17,0.23584716644048018,0.11941628680530642,-0.032839478871459264,-0.07762058642344917,0.08060599359358184,0.42691322532897047,-0.18784817083734215,0.12154881642416257,0.12240169397543908,-0.42094241098870516,-0.2119639090794189
2024-01-18,-0.5088235294117647,0.6882352941176471,0.0411764705882353,0.0588235294117647,0.5264705882352941,0.023529411764705882,0.5659340659340659,0.11538461538461539,0.7147058823529412,0.3,-0.3411764705882353
2024-01-19,-0.3723326982985771,0.2016188919640516,-0.14716707442631505,-0.09713026912136795,0.1250920132623678,0.06769685423610491,0.4539206495016018,-0.09903723261853131,0.07947022019021013,-0.1780721600558412,0.07211186646889438
2024-01-22,0.3558823529411765,-0.02941176470588235,-0.32647058823529407,-0.10294117647058824,-0.33529411764705885,-0.09999999999999999,-0.43956043956043955,0.39010989010989006,-0.3147058823529411,-0.5264705882352941,0.044117647058823525
2024-01-23,0.06916852498036807,-0.3502576371346298,0.18395884303289384,-0.49742471156094487,-0.4709346381642081,0.10154528135415737,-0.08241758241758242,-0.5659340659340659,-0.3664460153215245,-0.25607070950178823,-0.24871235578047243
2024-01-24,0.3588235294117647,0.13823529411764704,0.35,0.17058823529411765,0.44117647058823534,-0.01764705882352941,0.3131868131868132,-0.4010989010989011,0.39999999999999997,-0.11438789196753243,-0.12352941176470587
2024-01-25,-0.5176470588235293,-0.37941176470588234,-0.5441176470588236,-0.5764705882352941,-0.711764705882353,-0.07058823529411765,-0.3681318681318681,0.19230769230769232,-0.7382352941176471,-0.4441176470588235,-0.06470588235294117
2024-01-26,-0.28318707280518296,0.07669649888473705,-0.666669567228868,-0.3451342449813167,-0.4365800705746571,-0.3569337063481993,0.06593406593406594,0.10989010989010989,-0.45722912796670157,-0.014749326708603275,-0.36283343703164056
2024-01-29,-0.044117647058823525,0.31764705882352945,-0.5176470588235293,0.5735294117647058,0.6941176470588235,0.06764705882352941,0.1868131868131868,-0.07142857142857142,0.7088235294117646,-0.06328184200331548,0.21764705882352942
2024-01-30,-0.3941176470588235,-0.13529411764705881,0.19117647058823528,-0.12941176470588234,-0.2016188919640516,0.2411764705882353,-0.25274725274725274,-0.0934065934065934,-0.31764705882352945,-0.17352941176470588,0.3529411764705882
2024-01-31,-0.15882352941176472,-0.3058823529411765,-0.6294117647058822,-0.45294117647058824,-0.6647058823529411,-0.055882352941176466,-0.33516483516483514,0.4505494505494505,-0.7088235294117646,-0.34705882352941175,-0.06470588235294117
2024-02-01,0.6342210484699409,0.3185854569058308,-0.3244851875892721,0.35988357168991997,0.45132939728326027,0.15634286311119475,0.2668503212221538,0.11279240381554954,0.351033975664758,-0.38053262908196456,0.4041315518157298
2024-02-02,-0.4852941176470588,0.5235294117647059,-0.06764705882352941,0.03823529411764706,0.6176470588235293,0.25,0.4230769230769231,0.049450549450549455,0.3852941176470588,-0.16176470588235295,0.21470588235294116
2024-02-05,-0.2823529411764706,0.18823529411764706,0.18529411764705883,-0.2764705882352941,0.6617647058823529,0.09705882352941177,0.21428571428571427,-0.3131868131868132,0.29705882352941176,0.007358353721315752,0.19705882352941176
2024-02-15,-0.27058823529411763,-0.32647058823529407,-0.4264705882352941,0.2911764705882353,-0.5058823529411764,0.34705882352941175,-0.47802197802197804,0.40659340659340654,-0.4088235294117647,0.30882352941176466,0.008823529411764706
2024-02-16,-0.4764705882352941,-0.3529411764705882,-0.5882352941176471,-0.7235294117647059,-0.5676470588235295,0.0058823529411764705,-0.6208791208791209,0.4835164835164835,-0.6352941176470589,0.2029411764705882,-0.3941176470588235
2024-02-19,0.0058823529411764705,0.45,-0.3029411764705882,0.29705882352941176,0.7735294117647058,0.4147058823529412,0.7472527472527472,-0.2747252747252747,0.7205882352941175,-0.10882352941176471,0.3735294117647059
2024-02-20,0.19117647058823528,0.08529411764705883,0.28529411764705886,0.12058823529411765,-0.2029411764705882,0.34411764705882353,-0.23626373626373626,0.35714285714285715,0.1323529411764706,0.02941176470588235,0.032352941176470584
2024-02-21,0.28529411764705886,0.6323529411764706,0.13823529411764704,0.1764705882352941,0.6205882352941177,0.13823529411764704,0.6538461538461539,-0.4010989010989011,0.4382352941176471,-0.044117647058823525,0.08529411764705883
2024-02-22,-0.4323529411764706,0.4205882352941176,0.22058823529411767,0.02647058823529412,0.5676470588235295,0.34411764705882353,0.6318681318681317,-0.14285714285714285,0.6705882352941177,-0.03407500892939269,-0.0058823529411764705
2024-02-23,0.020603390419684106,0.5504048583544183,0.5430465046331026,0.6416484444987336,0.5180281019806289,0.03973511009510507,0.2613482527433465,0.3053648005738049,0.4091244669051558,-0.30757918555099845,0.12950702549515722
2024-02-26,0.492592183071889,0.11941628680530642,0.15524117284689834,0.19106605888849026,0.044781107551989906,0.2209201305898169,0.30387204106040644,-0.5359197815065349,0.12240169397543908,0.38810293211724584,-0.15822658001703102
2024-02-27,0.4941176470588235,-0.09999999999999999,-0.1647058823529412,0.15588235294117647,-0.09411764705882353,0.28823529411764703,-0.20329670329670327,0.1043956043956044,-0.22352941176470587,0.055882352941176466,0.4823529411764706
2024-02-29,-0.21176470588235297,-0.02058823529411765,-0.23823529411764705,-0.12058823529411765,-0.10294117647058824,0.09705882352941177,0.0934065934065934,-0.005494505494505494,0.07352941176470588,-0.4058823529411764,-0.35000000000000003
2024-03-01,-0.07669649888473705,0.5899730683441311,-0.28023720746346226,-0.03244851875892721,0.28318707280518296,-0.10029542161850229,0.8516483516483516,-0.48901098901098894,0.4660787239918635,-0.14159353640259148,-0.607672260394455
2024-03-04,0.34878596639036663,0.3649743445772613,0.5827816147282076,0.02501840265247356,0.40765279616089267,0.2413540020591567,0.5934065934065934,-0.4340659340659341,0.5710082487741024,-0.06328184200331548,-0.332597588203472
2024-03-05,0.21534016994560784,0.6489703751785442,0.28023720746346226,0.23303936199593175,0.37463289839852326,0.11209488298538492,0.8280613060604979,-0.3438792799254559,0.43952993591637773,0.6607698365454268,-0.10914501764366427
2024-03-06,0.2058823529411765,0.18235294117647058,0.2029411764705882,0.3941176470588235,0.36764705882352944,-0.008823529411764706,0.5934065934065934,-0.39010989010989006,0.4382352941176471,0.07352941176470588,0.03529411764705882
2024-03-07,0.2088235294117647,0.07352941176470588,0.3558823529411765,0.3294117647058824,0.2441176470588235,0.36176470588235293,0.5494505494505494,-0.1043956043956044,0.2088235294117647,0.28823529411764703,-0.10882352941176471
2024-03-08,0.0029411764705882353,-0.22352941176470587,-0.3411764705882353,-0.4176470588235294,-0.4176470588235294,-0.18235294117647058,-0.510989010989011,0.3186813186813187,-0.34705882352941175,-0.3911764705882353,-0.4088235294117647
2024-03-11,0.39735110095105064,-0.10743196433120998,0.10596029358694682,-0.05298014679347341,-0.11479031805252575,-0.5592348828199972,0.02200827391522918,-0.07977999294270577,0.042678451583631365,0.06916852498036807,0.5504048583544183
2024-03-12,0.13529411764705881,0.19999999999999998,-0.3852941176470588,0.6470588235294118,0.6882352941176471,0.5147058823529412,0.6703296703296703,-0.34065934065934067,0.6970588235294117,0.28529411764705886,0.488235294117647
2024-03-13,-0.6558823529411765,-0.6676470588235294,-0.2764705882352941,-0.31176470588235294,-0.5088235294117647,-0.1323529411764706,-0.6648351648351648,0.11538461538461539,-0.24705882352941175,-0.47787818535874615,-0.01764705882352941
2024-03-14,0.0530975761509718,0.0530975761509718,0.13274394037742948,-0.15634286311119475,-0.2064905739204459,-0.06784690285957506,-0.17881722556123708,0.05502068478807294,-0.06489703751785442,0.24188895802109375,0.07669649888473705
2024-03-15,-0.21176470588235297,0.36764705882352944,-0.16764705882352943,-0.0029411764705882353,0.5264705882352941,0.2058823529411765,0.521978021978022,-0.021978021978021976,0.36764705882352944,0.25,-0.06176470588235294
2024-03-18,0.3067859955389482,-0.24188895802109375,0.017699192050323935,0.2772873421217416,-0.0589973068344131,0.085546094909899,0.22652279424503025,0.08839913921757277,0.26253801541313837,-0.05014771080925114,0.03539838410064787
2024-03-19,0.17218547707878862,0.10743196433120998,0.11479031805252575,0.46799129667568184,0.2781457706657354,0.18248717228863065,0.09078412990032037,0.041265513591054716,0.4429728940232083,0.07358353721315752,0.20897724568536738
2024-03-20,0.3235294117647059,0.12352941176470587,0.611764705882353,0.25588235294117645,0.36470588235294116,-0.07941176470588236,0.1868131868131868,0.18131868131868134,0.4323529411764706,0.10588235294117648,-0.4676470588235294
2024-03-21,0.40470945467236635,0.34289928341331405,-0.19131719675420958,0.13833704996073615,0.06916852498036807,-0.33406925894773515,0.06043956043956044,0.43956043956043955,0.019131719675420957,-0.08094189093447328,0.09713026912136795
2024-03-22,-0.2693157462001565,-0.1339220377279467,-0.1810155015443675,-0.6872702375708912,-0.6975719327807333,-0.576894931751155,-0.7785426897512322,0.18156825980064073,-0.6475351274757862,-0.5150847604921026,-0.12656368400663096
2024-03-25,-0.3382352941176471,-0.538235294117647,-0.5176470588235293,-0.4617647058823529,-0.6,-0.03529411764705882,-0.39560439560439564,-0.3186813186813187,-0.6176470588235293,-0.6794117647058824,-0.3029411764705882
2024-03-26,0.30882352941176466,0.4264705882352941,-0.26176470588235295,0.1647058823529412,0.4705882352941176,0.5647058823529412,0.6208791208791209,-0.03296703296703297,0.5647058823529412,0.06176470588235294,-0.008823529411764706
2024-03-27,-0.08529411764705883,0.22352941176470587,-0.07941176470588236,0.28529411764705886,0.4323529411764706,-0.11470588235294117,0.17032967032967034,-0.04395604395604395,0.2058823529411765,0.6323529411764706,0.023529411764705882
2024-03-28,0.2764705882352941,-0.11176470588235293,-0.35000000000000003,-0.10882352941176471,-0.3735294117647059,-0.032352941176470584,-0.15934065934065936,-0.12087912087912088,-0.2823529411764706,-0.010301695209842055,0.2058823529411765
2024-03-29,-0.2058823529411765,-0.6029411764705882,-0.3058823529411765,-0.11176470588235293,-0.7794117647058825,-0.3941176470588235,-0.8351648351648352,0.09890109890109891,-0.7264705882352941,-0.4617647058823529,-0.18823529411764706
2024-04-01,0.28023720746346226,0.38938222510712656,-0.4041315518157298,0.17994178584495998,0.6342210484699409,0.014749326708603275,0.4340659340659341,-0.15934065934065936,0.37463289839852326,0.5988226643692931,0.3362846489561547
2024-04-02,0.1176470588235294,0.0411764705882353,0.28823529411764703,0.09705882352941177,-0.4382352941176471,-0.27058823529411763,-0.2857142857142857,0.07142857142857142,-0.45294117647058824,-0.13823529411764704,-0.12352941176470587
2024-04-03,-0.1176470588235294,-0.4852941176470588,0.13529411764705881,0.2411764705882353,-0.1264705882352941,-0.13823529411764704,-0.33516483516483514,0.4175824175824176,-0.34705882352941175,-0.30882352941176466,-0.049999999999999996
2024-04-08,-0.20014722121978848,-0.32523923448215625,0.05298014679347341,-0.332597588203472,-0.30316417331820894,0.1162619887967889,-0.21182963643408084,-0.12654757501256778,-0.2325239775935778,-0.37821938127562965,0.0
2024-04-09,0.05294117647058824,0.05294117647058824,-0.2676470588235294,-0.21470588235294116,-0.6735294117647058,0.15882352941176472,0.09890109890109891,-0.37912087912087916,-0.40294117647058825,0.5974983221708391,-0.03823529411764706
2024-04-10,0.40294117647058825,0.1411764705882353,-0.008823529411764706,-0.25,-0.10294117647058824,0.6176470588235293,0.3681318681318681,-0.2582417582417582,0.11176470588235293,0.2647058823529412,0.1411764705882353
2024-04-11,-0.11176470588235293,0.24705882352941175,0.16176470588235295,-0.19117647058823528,-0.047058823529411764,-0.10294117647058824,0.2747252747252747,0.005494505494505494,-0.09999999999999999,-0.5058823529411764,-0.45
2024-04-12,-0.11176470588235293,-0.5676470588235295,-0.2441176470588235,0.4147058823529412,-0.02647058823529412,-0.2735294117647059,-0.5824175824175823,0.13186813186813187,-0.0588235294117647,-0.2735294117647059,-0.011764705882352941
2024-04-15,0.10588235294117648,-0.4382352941176471,-0.22352941176470587,0.2029411764705882,0.2029411764705882,0.17352941176470588,-0.19780219780219782,0.027472527472527472,0.1647058823529412,-0.2411764705882353,0.31764705882352945
2024-04-16,-0.6235294117647059,0.25,0.10588235294117648,-0.17941176470588235,0.34705882352941175,0.3588235294117647,0.4340659340659341,-0.027472527472527472,0.1411764705882353,-0.3235294117647059,-0.22352941176470587
2024-04-17,-0.18667178804797738,-0.3926033637516984,0.0,-0.040001097438852294,0.22519136335946477,-0.16148591188277406,-0.29807905097604837,0.40951047190167394,-0.08296523913243438,-0.16148591188277406,-0.28445224845406075
2024-04-18,-0.2764705882352941,-0.34705882352941175,0.15,0.22941176470588234,-0.09999999999999999,-0.3235294117647059,-0.5714285714285714,0.5164835164835164,-0.10294117647058824,0.2058823529411765,0.4970588235294117
2024-04-19,0.09705882352941177,-0.6411764705882352,0.10294117647058824,0.31764705882352945,0.16764705882352943,-0.3911764705882353,-0.7912087912087913,0.34615384615384615,-0.06764705882352941,0.22352941176470587,0.25
2024-04-22,-0.27941176470588236,0.27058823529411763,0.31176470588235294,-0.36764705882352944,-0.0588235294117647,0.7264705882352941,0.4505494505494505,-0.3626373626373627,0.14705882352941177,-0.6205882352941177,0.023529411764705882
2024-04-23,-0.8050038971119434,0.5916116391937866,-0.694628591292207,-0.38410606425268223,-0.6622518349184177,0.4238411743477873,0.7070157995267373,-0.37964272503770335,-0.5562915413314709,-0.2722590876886829,-0.6019133344036285
2024-04-24,0.3058823529411765,-0.16764705882352943,-0.3764705882352941,0.2323529411764706,0.07647058823529412,-0.37941176470588234,-0.3021978021978022,0.5879120879120878,0.0823529411764706,0.2911764705882353,0.3147058823529411
2024-04-25,-0.28023720746346226,0.5339256268514386,0.5486749535600419,-0.8023633729480183,-0.3244851875892721,0.5663741456103659,0.8066421453603515,-0.11602387022306428,-0.12389434435226751,0.07079676820129574,0.4483795319415397
2024-04-26,-0.0058823529411764705,-0.5941176470588235,-0.1764705882352941,0.2088235294117647,-0.014705882352941175,0.047058823529411764,-0.6318681318681317,0.13186813186813187,-0.014705882352941175,0.7323529411764707,-0.08823529411764705
2024-04-29,-0.12941176470588234,-0.06764705882352941,-0.19411764705882353,-0.18235294117647058,-0.4205882352941176,-0.0411764705882353,0.1868131868131868,-0.12637362637362637,-0.2058823529411765,0.0029411764705882353,-0.16764705882352943
2024-04-30,-0.2016188919640516,-0.25459903875752504,0.1427520621935256,-0.008830024465578904,-0.10448862284268369,-0.2604857217345777,-0.43466340982577634,0.23658894458871366,-0.4253128450920505,-0.05298014679347341,0.1456954036820519
2024-05-02,0.2684377460965796,0.67551916325403,0.020649057392044586,-0.42773047454949503,-0.26548788075485896,0.12389434435226751,0.6574971832174717,-0.1705641228430261,0.023598922733765244,0.21534016994560784,0.23303936199593175
2024-05-03,-0.2529411764705882,-0.3323529411764706,0.3970588235294118,0.3147058823529411,0.3852941176470588,0.34705882352941175,-0.25274725274725274,-0.054945054945054944,0.7205882352941175,-0.0029498653417206555,-0.26176470588235295
2024-05-06,0.016188378186894652,0.5724799195183656,0.1604121111246834,-0.713760310967628,-0.30169250257394586,0.41795449137073476,0.7087912087912087,-0.2967032967032967,0.21633559940668312,0.14422373293778876,-0.1633554526132097
2024-05-07,-0.20686463606952915,0.36692048587515025,0.13891639794450134,-0.3518208774029219,-0.2113945186111977,0.474127706027972,0.5599428901512685,-0.462440396841346,-0.13740643709727848,0.3654105250279274,-0.15099608472228407
2024-05-08,-0.14159353640259148,0.017699192050323935,0.2920366688303449,0.16814232447807734,0.13569380571915013,0.32743505293099273,0.5254475397260966,0.041265513591054716,0.5575245495852039,0.4365800705746571,-0.12094447901054688
2024-05-09,-0.3382352941176471,-0.7411764705882353,-0.3529411764705882,0.16176470588235295,0.032352941176470584,0.17058823529411765,-0.5274725274725275,0.0,-0.0411764705882353,-0.044117647058823525,-0.3058823529411765
2024-05-10,0.0411764705882353,0.6264705882352941,0.03823529411764706,-0.09705882352941177,-0.2323529411764706,0.2764705882352941,0.6098901098901099,-0.4835164835164835,0.05294117647058824,0.08388523242299958,-0.22941176470588234
2024-05-13,-0.08529411764705883,0.5676470588235295,0.06470588235294117,-0.17941176470588235,-0.3529411764705882,-0.07647058823529412,0.17032967032967034,0.03296703296703297,-0.1764705882352941,-0.4120678083936822,-0.02941176470588235
2024-05-14,-0.4188808785243331,-0.12094447901054688,-0.2212399006290492,0.20354070857872522,0.17269415020200063,0.4129811478408918,0.21547290184283366,-0.06629935441317958,0.17699192050323934,0.1828916511866806,0.1533929977694741
2024-05-15,0.08823529411764705,0.28529411764705886,0.10882352941176471,-0.31764705882352945,-0.3029411764705882,-0.42352941176470593,-0.2087912087912088,0.4505494505494505,-0.2323529411764706,0.28991913661984064,0.1764705882352941
2024-05-16,-0.21176470588235297,-0.1176470588235294,0.31764705882352945,0.21764705882352942,0.1647058823529412,0.17352941176470588,0.10989010989010989,0.12087912087912088,0.2352941176470588,0.2735294117647059,-0.0029411764705882353
2024-05-17,0.4294117647058823,-0.0823529411764706,0.6558823529411765,-0.13529411764705881,-0.4323529411764706,-0.2735294117647059,0.06043956043956044,-0.19780219780219782,-0.19117647058823528,0.023529411764705882,-0.07352941176470588
2024-05-20,0.057395159026262875,0.11184697656399943,0.538631492400313,-0.03679176860657876,0.20014722121978848,0.1692421355902623,0.5749661560353623,-0.12379654077316414,0.18837385526568326,-0.34878596639036663,-0.1103753058197363
2024-05-21,-0.09117647058823529,0.3764705882352941,-0.5205882352941177,0.18529411764705883,0.6029411764705882,0.36176470588235293,0.6208791208791209,-0.10989010989010989,0.4176470588235294,-0.3735294117647059,-0.17352941176470588
2024-05-22,0.6794117647058824,0.32647058823529407,0.5029411764705883,0.27941176470588236,0.4970588235294117,0.11176470588235293,0.6098901098901099,-0.0934065934065934,0.411764705882353,-0.0411764705882353,-0.4676470588235294
2024-05-23,-0.10588235294117648,0.29705882352941176,0.2441176470588235,0.11176470588235293,0.3558823529411765,0.44705882352941173,0.0,0.5659340659340659,0.18235294117647058,-0.2676470588235294,-0.7441176470588236
2024-05-24,0.6352941176470589,0.3205882352941176,0.6470588235294118,0.4176470588235294,0.5,-0.03529411764705882,0.2912087912087912,-0.07692307692307691,0.34705882352941175,-0.1309786962394204,-0.15
2024-05-27,-0.08823529411764705,-0.2352941176470588,-0.2323529411764706,-0.14411764705882352,0.008823529411764706,0.12941176470588234,-0.21428571428571427,0.1758241758241758,0.032352941176470584,0.32647058823529407,-0.055882352941176466
2024-05-28,0.24705882352941175,0.3235294117647059,-0.34705882352941175,-0.03529411764705882,-0.25588235294117645,-0.23823529411764705,0.32967032967032966,0.3186813186813187,-0.18235294117647058,0.2058823529411765,0.0
2024-05-29,0.17071380633452546,-0.19867555047552532,0.31788088076084053,-0.25459903875752504,-0.10154528135415737,0.07799854944594697,-0.005494505494505494,-0.3021978021978022,-0.12656368400663096,0.2207506116394726,0.5091980775150501
2024-05-30,0.22058823529411767,-0.10294117647058824,-0.7205882352941175,-0.5617647058823529,-0.5323529411764706,-0.02647058823529412,-0.42857142857142855,0.20329670329670327,-0.5794117647058823,0.1264705882352941,0.5705882352941177
2024-05-31,-0.4852941176470588,0.6176470588235293,0.3558823529411765,0.6676470588235294,0.6764705882352942,0.5029411764705883,0.521978021978022,0.3626373626373627,0.4911764705882353,-0.18823529411764706,-0.4705882352941176
2024-06-03,0.13529411764705881,0.014705882352941175,0.1764705882352941,0.0411764705882353,-0.2411764705882353,0.1264705882352941,0.0,0.26373626373626374,0.07647058823529412,0.4382352941176471,0.4558823529411765
2024-06-04,0.5958727990275724,0.4778781853587462,0.3392345142978754,0.256638284729697,0.3303849182727134,0.27433747678002096,0.18156825980064073,0.522696505486693,0.3569337063481993,-0.3126857262223895,-0.28318707280518296
2024-06-05,-0.17352941176470588,0.65,0.2764705882352941,0.5764705882352941,0.8794117647058824,0.8588235294117647,0.7747252747252747,-0.06043956043956044,0.7735294117647058,0.26176470588235295,-0.788235294117647
2024-06-06,-0.12094447901054688,-0.1917412472118426,-0.19469111255356328,-0.11209488298538492,-0.13569380571915013,-0.06784690285957506,-0.4309458036856673,0.12707376262526085,-0.09439569093506098,0.0,-0.14454340174431213
2024-06-07,-0.07374663354301639,0.23303936199593175,0.46902858933358416,0.005899730683441311,0.35398384100647867,0.6283213177864996,0.33149677206589795,-0.4198959112834707,0.4601789933084222,0.24188895802109375,-0.09734555627678164
2024-06-11,-0.33735101022499064,0.4090007823081745,-0.2567450166314088,0.2567450166314088,0.3940737464575112,0.15822658001703102,0.49172165557114567,0.2882506256796371,0.1970368732287556,-0.6299209128979913,-0.20599309473915356
2024-06-12,0.7079676820129573,0.6106221257361757,0.3185854569058308,0.3657833023733612,0.696680674319182,0.351033975664758,0.7182430061427787,0.06629935441317958,0.5781736069772485,0.20354070857872522,-0.2920366688303449
2024-06-13,0.20014722121978848,0.28991913661984064,0.332597588203472,-0.004415012232789452,0.016188378186894652,0.32229589299362993,-0.030261376633440123,-0.03851447935165106,0.07947022019021013,-0.08388523242299958,-0.18837385526568326
2024-06-14,0.19117647058823528,-0.044117647058823525,0.02647058823529412,0.15,0.19117647058823528,-0.08823529411764705,0.03296703296703297,0.34615384615384615,0.1176470588235294,0.0,0.011764705882352941
2024-06-17,0.19411764705882353,0.6382352941176471,0.10588235294117648,0.31176470588235294,0.3529411764705882,0.34705882352941175,0.6483516483516483,-0.08241758241758242,0.39999999999999997,-0.14411764705882352,0.044117647058823525
2024-06-18,0.049999999999999996,0.6941176470588235,-0.023529411764705882,0.6411764705882352,0.6352941176470589,0.5470588235294118,0.5714285714285714,0.2857142857142857,0.6176470588235293,0.16764705882352943,0.4588235294117647
2024-06-19,-0.02647058823529412,0.16764705882352943,-0.09999999999999999,-0.1647058823529412,0.06470588235294117,-0.0823529411764706,-0.21428571428571427,-0.021978021978021976,0.03529411764705882,0.21470588235294116,0.2411764705882353
2024-06-20,0.020603390419684106,-0.2855041243870512,-0.035320097862315616,-0.14128039144926247,-0.22516562387226202,-0.4091244669051558,-0.24175824175824176,-0.010989010989010988,-0.2693157462001565,-0.017660048931157808,-0.30316417331820894
2024-06-21,0.2764705882352941,-0.3147058823529411,-0.011764705882352941,-0.35000000000000003,-0.5294117647058824,-0.38235294117647056,-0.4230769230769231,0.30769230769230765,-0.5411764705882353,0.3911764705882353,-0.18823529411764706
2024-06-24,0.19411764705882353,0.3852941176470588,-0.014705882352941175,0.6970588235294117,0.45294117647058824,0.008823529411764706,0.027472527472527472,0.4945054945054945,0.4970588235294117,0.3764705882352941,0.2764705882352941
2024-06-25,-0.11176470588235293,0.4588235294117647,-0.08823529411764705,0.0823529411764706,0.3970588235294118,0.5117647058823529,0.7802197802197801,-0.1868131868131868,0.12058823529411765,0.1176470588235294,0.32647058823529407
2024-06-26,0.27138761143830026,-0.3657833023733612,0.11209488298538492,0.12979407503570883,0.1651924591363567,0.061947172176133755,-0.21458067067348452,0.18156825980064073,0.15634286311119475,-0.0589973068344131,-0.07374663354301639
2024-06-27,-0.15,0.18235294117647058,-0.1411764705882353,0.34705882352941175,0.2323529411764706,0.5352941176470588,-0.1758241758241758,-0.054945054945054944,-0.0411764705882353,-0.3,0.07941176470588236
2024-06-28,0.4647058823529412,0.12941176470588234,0.1647058823529412,-0.17058823529411765,0.3588235294117647,0.11470588235294117,0.38461538461538464,-0.0934065934065934,0.5176470588235293,0.31764705882352945,-0.06470588235294117
2024-07-01,0.3588235294117647,0.2911764705882353,0.5117647058823529,-0.008823529411764706,0.10294117647058824,0.09117647058823529,0.3516483516483516,0.24175824175824176,0.18529411764705883,0.11470588235294117,0.0411764705882353
2024-07-02,-0.10596029358694682,-0.05445181753773658,0.17071380633452546,-0.08388523242299958,-0.2104489164296305,0.06033850051478917,-0.093535164139724,-0.4621737522198128,-0.048565134560683974,-0.07358353721315752,0.06769685423610491
2024-07-03,-0.42352941176470593,-0.1764705882352941,-0.40294117647058825,-0.0588235294117647,-0.06176470588235294,0.011764705882352941,-0.2857142857142857,-0.34615384615384615,-0.25588235294117645,-0.38823529411764707,0.06470588235294117
2024-07-04,0.0014716707442631505,0.21486392866241996,0.166298794101736,0.351729307878893,0.28108911215426174,-0.08977191540005218,0.02751034239403647,0.7042647652873337,0.4562179307215766,-0.005886682977052602,0.3944077594625243
2024-07-05,-0.11176470588235293,0.3029411764705882,0.07647058823529412,-0.19117647058823528,0.7264705882352941,0.4264705882352941,0.32967032967032966,-0.23626373626373626,0.5588235294117647,-0.12352941176470587,-0.15882352941176472
2024-07-08,0.044247980125809834,0.7994135076062977,0.08259622956817834,-0.46312885865014286,0.3923320904488472,0.38053262908196456,0.7152689022449483,0.25309515002513555,0.29498653417206555,0.36873316771508197,0.1917412472118426
2024-07-09,-0.15,0.15294117647058825,-0.01764705882352941,0.2764705882352941,0.3529411764705882,0.07941176470588236,0.049450549450549455,0.2692307692307692,0.5323529411764706,0.12352941176470587,0.008823529411764706
2024-07-10,0.36889900971386,0.10222502678817807,-0.35556531056757595,0.2963044254729799,0.18074569953851774,-0.09037284976925887,-0.2145054852818292,-0.00835735656942192,0.4474196824641997,0.12444785869865156,-0.10222502678817807
2024-07-11,0.6857985668266281,-0.6122150296134706,-0.05150847604921027,0.15452542814763082,-0.6754968716167861,-0.4415012232789452,-0.7262730392025629,-0.09628619837912766,-0.61663004184626,-0.11331864730826258,-0.1250920132623678
2024-07-12,-0.13686537921647302,-0.19720387973126216,-0.058866829770526014,-0.5224431142134185,-0.40029444243957696,-0.07799854944594697,0.03576344511224741,0.11829447229435683,-0.46946296741994503,-0.25901405099031444,-0.4032377839281032
2024-07-15,-0.29874916108541955,0.410596137649419,0.014716707442631503,0.10154528135415737,0.32229589299362993,-0.09271525688857848,0.39614893047412525,-0.049518616309265656,0.2943341488526301,-0.11773365954105203,-0.2884474658755775
2024-07-16,0.1810155015443675,-0.9227375566529953,-0.07211186646889438,0.3723326982985771,-0.5974983221708391,-0.3590876616002087,-0.6492440804992607,-0.3081158348132085,-0.5548198705872077,-0.3399559419247878,0.17954383080010436
2024-07-17,0.032352941176470584,-0.43529411764705883,-0.3205882352941176,0.411764705882353,-0.4294117647058823,-0.4264705882352941,-0.45604395604395603,0.0934065934065934,-0.29411764705882354,0.3235294117647059,0.14705882352941177
2024-07-18,0.21470588235294116,-0.2529411764705882,0.07647058823529412,-0.1323529411764706,-0.18529411764705883,0.08823529411764705,-0.2692307692307692,0.35714285714285715,-0.3205882352941176,-0.3852941176470588,-0.13529411764705881
2024-07-19,0.5352941176470588,-0.22647058823529412,0.3588235294117647,0.4970588235294117,-0.05294117647058824,0.02647058823529412,-0.4230769230769231,-0.04395604395604395,0.25,0.22058823529411767,0.34705882352941175
2024-07-22,-0.44705882352941173,0.6235294117647059,0.4852941176470588,-0.8470588235294119,-0.12352941176470587,0.2088235294117647,0.6043956043956044,0.20329670329670327,-0.25588235294117645,-0.21470588235294116,-0.22058823529411767
2024-07-23,0.2295806361050515,-0.31788088076084053,0.19720387973126216,0.6239883955675758,0.33406925894773515,-0.6710818593839967,-0.41208791208791207,0.4340659340659341,0.5710082487741024,-0.09860193986563108,-0.31346586852805103
2024-07-26,0.333334783614434,0.10029542161850229,0.3038361301972275,0.04129811478408917,0.7286167394050018,-0.0796463642264577,-0.24309763284832514,0.16022343983185064,0.3982318211322885,-0.46902858933358416,-0.14454340174431213
2024-07-29,0.17941176470588235,0.12941176470588234,-0.5117647058823529,-0.5676470588235295,-0.7735294117647058,0.25588235294117645,0.3186813186813187,0.26373626373626374,-0.6441176470588235,0.14411764705882352,0.3147058823529411
2024-07-30,0.21764705882352942,-0.2823529411764706,-0.14705882352941177,-0.01764705882352941,0.3411764705882353,-0.45,-0.2857142857142857,0.03846153846153846,0.2323529411764706,0.1323529411764706,0.0
2024-07-31,-0.06033850051478917,0.18395884303289384,-0.25459903875752504,-0.46210461369862926,-0.31493753927231416,0.166298794101736,0.3516483516483516,-0.11538461538461539,-0.44885957700026086,-0.24871235578047243,0.39735110095105064
2024-08-01,-0.049999999999999996,-0.19999999999999998,0.5823529411764706,0.5117647058823529,0.19999999999999998,-0.4441176470588235,-0.2087912087912088,0.07692307692307691,0.36470588235294116,0.0411764705882353,-0.3235294117647059
2024-08-02,0.17352941176470588,-0.45,0.4176470588235294,0.5911764705882353,0.06764705882352941,-0.3058823529411765,-0.45604395604395603,0.010989010989010988,0.15588235294117647,-0.25588235294117645,-0.3235294117647059
2024-08-05,0.15294117647058825,0.29411764705882354,-0.14705882352941177,-0.5029411764705883,-0.2823529411764706,0.22941176470588234,0.5934065934065934,-0.39010989010989006,-0.3735294117647059,0.1764705882352941,0.2911764705882353
2024-08-06,0.09411764705882353,0.5029411764705883,-0.611764705882353,-0.6647058823529411,-0.7558823529411764,0.18823529411764706,0.5439560439560439,-0.21428571428571427,-0.488235294117647,0.2647058823529412,0.08529411764705883
2024-08-07,0.15588235294117647,-0.055882352941176466,0.15294117647058825,0.5117647058823529,0.4970588235294117,-0.7323529411764707,0.13186813186813187,0.20329670329670327,0.6617647058823529,0.40294117647058825,-0.3411764705882353
2024-08-08,0.5764705882352941,0.12058823529411765,-0.055882352941176466,-0.5647058823529412,-0.5294117647058824,0.15,0.06593406593406594,-0.24725274725274726,-0.11470588235294117,0.09411764705882353,-0.07352941176470588
2024-08-09,0.3588235294117647,0.411764705882353,-0.1176470588235294,-0.6441176470588235,-0.6323529411764706,0.15294117647058825,0.4725274725274725,0.07142857142857142,-0.2323529411764706,-0.047058823529411764,0.2735294117647059
2024-08-12,0.5882352941176471,0.4823529411764706,-0.0029411764705882353,-0.2029411764705882,-0.09999999999999999,-0.14705882352941177,0.21428571428571427,0.5,0.29411764705882354,0.34411764705882353,0.03823529411764706
2024-08-13,-0.14411764705882352,-0.011764705882352941,-0.2676470588235294,-0.3529411764705882,-0.4088235294117647,0.19117647058823528,-0.2582417582417582,0.23626373626373626,-0.5058823529411764,-0.09411764705882353,-0.15588235294117647
2024-08-14,-0.14411764705882352,0.0058823529411764705,0.15,0.18235294117647058,0.09117647058823529,-0.2676470588235294,0.16483516483516483,0.11538461538461539,0.3970588235294118,-0.2676470588235294,-0.1764705882352941
2024-08-15,0.10890363507547315,0.7373070428758384,-0.15452542814763082,0.37380436904284026,-0.1103753058197363,0.1427520621935256,0.6932606283297191,-0.1155434380549532,0.2766740999214723,0.576894931751155,-0.2855041243870512
2024-08-16,0.014705882352941175,0.28529411764705886,-0.08529411764705883,0.28823529411764703,-0.4382352941176471,0.6235294117647059,0.4230769230769231,-0.42857142857142855,-0.2088235294117647,-0.16176470588235295,-0.4764705882352941
2024-08-19,-0.3392345142978754,0.08849596025161967,-0.10029542161850229,0.20944043926216654,0.020649057392044586,0.0796463642264577,0.425420857484569,0.15469849363075233,0.07669649888473705,0.3126857262223895,-0.6165218564196171
2024-08-20,0.4385305497000103,-0.4237153284263613,-0.09629893827871847,-0.2829707263266958,0.03851957531148739,-0.4355675054452805,-0.6268017427066438,-0.01671471313884384,0.047408708075676785,0.15555982337331448,0.12592938082601646
2024-08-21,-0.0058823529411764705,-0.3235294117647059,0.014705882352941175,-0.22352941176470587,-0.01764705882352941,-0.13529411764705881,-0.21978021978021978,0.2747252747252747,-0.0411764705882353,0.2764705882352941,-0.22352941176470587
2024-08-22,-0.40708141715745044,0.5604744149269245,-0.05014771080925114,0.2920366688303449,0.49557737740907004,-0.14159353640259148,0.36464644927248774,0.5524946201098297,0.5870232030024104,0.30088626485550685,-0.32743505293099273
2024-08-23,0.032352941176470584,-0.3852941176470588,0.0029411764705882353,-0.6294117647058822,-0.21470588235294116,-0.1264705882352941,-0.7417582417582418,0.0,-0.3,-0.02647058823529412,0.5264705882352941
2024-08-26,-0.27058823529411763,0.0588235294117647,0.6441176470588235,-0.29411764705882354,0.11920533028531519,-0.13529411764705881,-0.054945054945054944,0.510989010989011,0.22058823529411767,0.02647058823529412,0.11176470588235293
2024-08-27,-0.07647058823529412,0.1647058823529412,-0.44117647058823534,0.3029411764705882,0.2588235294117647,0.15,0.23076923076923078,0.021978021978021976,-0.07058823529411765,-0.3147058823529411,-0.55
2024-08-28,-0.03529411764705882,0.03529411764705882,0.2647058823529412,0.34411764705882353,-0.10882352941176471,-0.02941176470588235,-0.24725274725274726,0.4505494505494505,0.2441176470588235,0.27941176470588236,0.023529411764705882
2024-08-29,-0.13245036698368357,0.019131719675420957,0.440029552534682,-0.058866829770526014,0.21633559940668312,-0.6195733833347864,0.13480067773077872,-0.13755171197018234,0.4429728940232083,0.11773365954105203,-0.48565134560683965
2024-08-30,-0.18235294117647058,0.3147058823529411,0.0058823529411764705,0.34705882352941175,0.6823529411764706,-0.35000000000000003,0.46703296703296704,0.18131868131868134,0.6970588235294117,0.29705882352941176,0.28529411764705886
2024-09-02,-0.5735294117647058,0.31764705882352945,-0.23823529411764705,0.008823529411764706,0.16764705882352943,0.10588235294117648,0.5,0.04395604395604395,0.15588235294117647,0.15588235294117647,-0.5705882352941177
2024-09-03,-0.0058823529411764705,-0.3147058823529411,0.3294117647058824,-0.049999999999999996,-0.13823529411764704,-0.5205882352941177,-0.09890109890109891,0.38461538461538464,0.3558823529411765,-0.07941176470588236,-0.3529411764705882
2024-09-04,-0.12941176470588234,0.25588235294117645,-0.16764705882352943,0.25,0.3529411764705882,-0.3852941176470588,0.4450549450549451,0.18131868131868134,0.6176470588235293,0.3941176470588235,-0.45
2024-09-05,0.1176470588235294,0.39999999999999997,-0.023529411764705882,0.049999999999999996,-0.09271525688857848,0.3382352941176471,0.5934065934065934,-0.39560439560439564,-0.15588235294117647,0.10882352941176471,0.06176470588235294
2024-09-06,-0.4735294117647058,-0.06176470588235294,0.27941176470588236,0.14705882352941177,0.35000000000000003,-0.4382352941176471,0.0,0.2912087912087912,0.6323529411764706,0.5764705882352941,-0.37941176470588234
2024-09-09,0.06470588235294117,0.4617647058823529,0.22352941176470587,0.24705882352941175,0.17058823529411765,-0.19999999999999998,0.5659340659340659,0.35714285714285715,0.5205882352941177,0.4294117647058823,0.02941176470588235
2024-09-10,0.049999999999999996,-0.36470588235294116,-0.014705882352941175,-0.2058823529411765,-0.28529411764705886,0.19705882352941176,-0.3131868131868132,-0.48901098901098894,-0.3294117647058824,-0.07352941176470588,-0.17941176470588235
2024-09-11,-0.08529411764705883,0.5029411764705883,-0.5911764705882353,-0.30882352941176466,-0.4676470588235294,0.5823529411764706,0.521978021978022,0.10989010989010989,-0.4147058823529412,-0.28823529411764703,0.22352941176470587
2024-09-12,0.39999999999999997,-0.5676470588235295,0.032352941176470584,-0.37941176470588234,-0.4911764705882353,-0.4176470588235294,-0.6648351648351648,-0.24175824175824176,-0.5088235294117647,-0.3911764705882353,0.19999999999999998
2024-09-13,-0.18823529411764706,-0.4088235294117647,0.2411764705882353,-0.06470588235294117,-0.4058823529411764,-0.2676470588235294,-0.7967032967032966,0.26373626373626374,-0.4852941176470588,-0.5705882352941177,0.0058823529411764705
2024-09-16,0.10222502678817807,-0.3614913990770355,0.5852012403091353,-0.17926417741115283,0.14518916848176017,-0.7022414883709623,-0.5850149598595342,0.12536034854132877,-0.013333699146284097,0.20889461995845088,-0.21037614208581573
2024-09-18,-0.055882352941176466,0.5735294117647058,0.0411764705882353,-0.08823529411764705,0.05294117647058824,-0.1647058823529412,0.4505494505494505,0.16483516483516483,0.17352941176470588,-0.1411764705882353,-0.5470588235294118
2024-09-19,0.12941176470588234,0.3588235294117647,0.24705882352941175,0.2823529411764706,0.4264705882352941,-0.05294117647058824,0.2692307692307692,-0.21428571428571427,0.4676470588235294,0.3323529411764706,0.06470588235294117
2024-09-20,0.522126165484556,0.6902684899626333,-0.061947172176133755,-0.3185854569058308,0.12389434435226751,0.0914458255933403,0.38122128787578263,0.370171395473586,0.038348249442368525,0.3244851875892721,0.2684377460965796
2024-09-23,-0.047093463816420815,0.5886682977052602,0.013245036698368353,0.1751288185673149,0.4724063089084713,0.12362034251810462,0.41540617014995074,0.5061903000502711,0.410596137649419,0.29874916108541955,0.21633559940668312
2024-09-24,-0.28256078289852493,0.05150847604921027,-0.12362034251810462,-0.40765279616089267,-0.4606329429543662,0.15452542814763082,-0.20632756795527354,-0.08528206142151305,-0.578366602495418,-0.002943341488526301,-0.29874916108541955
2024-09-25,0.44117647058823534,0.6264705882352941,0.07058823529411765,0.2647058823529412,0.30882352941176466,0.28529411764705886,0.5824175824175823,-0.07692307692307691,0.31764705882352945,0.4558823529411765,0.538235294117647
2024-09-26,0.26176470588235295,-0.4911764705882353,0.34411764705882353,-0.5205882352941177,-0.7294117647058823,-0.2441176470588235,-0.8131868131868131,0.07142857142857142,-0.6529411764705881,-0.3952819557905678,0.17352941176470588
2024-09-27,0.11176470588235293,-0.6941176470588235,-0.03529411764705882,-0.10294117647058824,-0.2588235294117647,-0.45294117647058824,-0.8571428571428571,0.12637362637362637,-0.1411764705882353,-0.4852941176470588,-0.5676470588235295
2024-09-30,-0.09411764705882353,0.42352941176470593,-0.5205882352941177,-0.07941176470588236,-0.12941176470588234,0.4617647058823529,0.6318681318681317,0.13736263736263735,-0.1264705882352941,0.18529411764705883,-0.02941176470588235
2024-10-01,-0.3185854569058308,-0.25368841938797637,-0.1651924591363567,0.4041315518157298,-0.04129811478408917,-0.13274394037742948,-0.28729720245711154,-0.30939698726150466,0.09439569093506098,0.061947172176133755,-0.020649057392044586
2024-10-04,-0.0411764705882353,0.4735294117647058,-0.044117647058823525,-0.02941176470588235,-0.4176470588235294,0.22058823529411767,0.5659340659340659,-0.17032967032967034,-0.4294117647058823,-0.31764705882352945,-0.15
2024-10-07,-0.22058823529411767,0.13529411764705881,-0.08823529411764705,-0.5205882352941177,-0.1764705882352941,0.19999999999999998,0.38461538461538464,0.3021978021978022,-0.22941176470588234,-0.25588235294117645,-0.0823529411764706
2024-10-08,0.3235294117647059,0.6882352941176471,-0.1411764705882353,-0.2441176470588235,-0.07941176470588236,0.6294117647058822,0.6758241758241759,0.03846153846153846,-0.0588235294117647,0.13823529411764704,-0.10882352941176471
2024-10-09,-0.3958794302067875,0.5180281019806289,-0.4297278573248399,0.12067700102957835,0.26490073396736713,0.33112591745920883,0.3218710060102268,-0.12929860925197142,0.166298794101736,-0.22369395312799886,-0.4385578817904188
2024-10-11,-0.2884474658755775,0.31052252703952476,0.027961744140999858,-0.6490067982200494,-0.4724063089084713,0.32523923448215625,0.40440203319233614,0.14030274620958602,-0.362031003088735,-0.33701260043626147,0.19573220898699903
2024-10-14,0.02647058823529412,0.6382352941176471,0.27058823529411763,0.17941176470588235,0.21176470588235297,0.7264705882352941,0.576923076923077,0.3186813186813187,0.5264705882352941,0.3235294117647059,0.6735294117647058
2024-10-15,0.07352941176470588,-0.32647058823529407,-0.5088235294117647,-0.2058823529411765,-0.0588235294117647,-0.02647058823529412,-0.47802197802197804,0.2912087912087912,-0.22647058823529412,0.18529411764705883,-0.15
2024-10-16,0.2920366688303449,-0.32743505293099273,0.14454340174431213,0.24188895802109375,0.27433747678002096,-0.0914458255933403,-0.6022191359197145,0.15469849363075233,-0.0265487880754859,0.1858415165284013,0.0796463642264577
2024-10-17,-0.2029411764705882,0.5323529411764706,0.03823529411764706,0.4911764705882353,0.32647058823529407,0.34705882352941175,0.43956043956043955,0.19230769230769232,0.44705882352941173,-0.13823529411764704,-0.15588235294117647
2024-10-18,-0.40294117647058825,0.5852941176470587,-0.3558823529411765,0.38823529411764707,0.2823529411764706,0.34411764705882353,0.7142857142857143,0.0,0.3147058823529411,0.03529411764705882,0.44117647058823534
2024-10-21,-0.07941176470588236,0.3147058823529411,0.2441176470588235,0.09117647058823529,0.29705882352941176,0.45,0.13736263736263735,0.4505494505494505,0.4705882352941176,0.22647058823529412,0.5764705882352941
2024-10-22,-0.13529411764705881,-0.2676470588235294,-0.2088235294117647,0.36470588235294116,0.2441176470588235,-0.06176470588235294,-0.3626373626373627,-0.054945054945054944,0.15588235294117647,0.055882352941176466,0.10294117647058824
2024-10-23,-0.1917412472118426,-0.5427752228766005,-0.4365800705746571,-0.5103267041176733,-0.7138674126963986,-0.49557737740907004,-0.35912150307138935,-0.16022343983185064,-0.6607698365454268,0.1061951523019436,-0.36873316771508197
2024-10-24,0.1176470588235294,0.5323529411764706,0.4617647058823529,0.5264705882352941,0.7000000000000001,0.33529411764705885,0.23076923076923078,0.510989010989011,0.6205882352941177,0.11176470588235293,-0.3911764705882353
2024-10-25,0.22647058823529412,-0.39999999999999997,0.25,-0.0411764705882353,-0.2647058823529412,-0.45294117647058824,-0.5604395604395606,-0.04395604395604395,-0.4294117647058823,-0.23823529411764705,-0.4735294117647058
2024-10-28,0.12058823529411765,-0.13823529411764704,0.2823529411764706,-0.34705882352941175,-0.07058823529411765,0.11470588235294117,0.12087912087912088,0.4340659340659341,-0.0029411764705882353,0.09411764705882353,-0.37058823529411766
2024-10-29,0.10588235294117648,-0.10882352941176471,-0.19411764705882353,0.25588235294117645,0.03529411764705882,-0.13529411764705881,-0.39010989010989006,0.2582417582417582,0.0588235294117647,0.3558823529411765,-0.15
2024-10-30,0.10029542161850229,-0.3303849182727134,-0.07374663354301639,0.038348249442368525,0.16814232447807734,-0.10029542161850229,-0.35912150307138935,-0.16574838603294897,-0.023598922733765244,-0.12979407503570883,-0.38053262908196456
2024-11-01,-0.0411764705882353,0.411764705882353,0.30882352941176466,0.4441176470588235,0.7088235294117646,0.6382352941176471,0.2747252747252747,0.04395604395604395,0.5323529411764706,-0.03529411764705882,-0.047058823529411764
2024-11-04,0.566593236541313,0.11184697656399943,0.3164092100165774,0.25459903875752504,0.1192053302853152,0.1780721600558412,0.03296703296703297,0.42857142857142855,0.1456954036820519,-0.5121414190035765,-0.06328184200331548
2024-11-05,-0.411764705882353,0.2323529411764706,-0.44117647058823534,0.008823529411764706,0.18823529411764706,0.11176470588235293,0.5934065934065934,0.016483516483516484,0.047058823529411764,-0.35000000000000003,0.05294117647058824
2024-11-06,0.14705882352941177,-0.3852941176470588,-0.044117647058823525,0.07352941176470588,-0.3529411764705882,-0.29705882352941176,-0.4340659340659341,-0.6263736263736264,-0.18529411764705883,-0.12941176470588234,-0.08823529411764705
2024-11-07,-0.2972774903411564,0.35320097862315614,0.26342906322310394,0.10301695209842054,0.7196469939446807,0.5695365780298393,0.2857142857142857,0.4725274725274725,0.7108169694791018,-0.13245036698368357,0.15894044038042027
2024-11-08,-0.19999999999999998,0.15882352941176472,-0.4676470588235294,0.044117647058823525,0.3411764705882353,0.08823529411764705,0.48901098901098894,0.25274725274725274,0.049999999999999996,0.10588235294117648,-0.29705882352941176
2024-11-11,-0.1176470588235294,0.09411764705882353,-0.2911764705882353,-0.4264705882352941,-0.2764705882352941,0.13529411764705881,0.35714285714285715,-0.049450549450549455,-0.4647058823529412,0.33529411764705885,-0.37941176470588234
2024-11-12,-0.01764705882352941,-0.12352941176470587,0.21176470588235297,0.4294117647058823,0.3058823529411765,0.10294117647058824,-0.21428571428571427,0.5164835164835164,0.2058823529411765,0.16764705882352943,-0.2029411764705882
2024-11-13,-0.3382352941176471,0.36470588235294116,-0.28823529411764703,-0.19705882352941176,0.21764705882352942,0.11176470588235293,0.24725274725274726,0.4505494505494505,0.14411764705882352,0.023529411764705882,0.27058823529411763
2024-11-14,0.1179946136688262,-0.03244851875892721,-0.4188808785243331,-0.18879138187012195,-0.44280551333846324,-0.03539838410064787,0.016574838603294895,-0.2762473100549149,-0.3657833023733612,0.513276569459394,0.2359892273376524
2024-11-15,-0.22058823529411767,-0.7461370673414173,-0.3735294117647059,0.17352941176470588,-0.5752237416355278,-0.6852941176470588,-0.8076923076923077,-0.1868131868131868,-0.6382352941176471,0.26176470588235295,0.5205882352941177
2024-11-18,-0.10294117647058824,0.5607065535642604,0.2764705882352941,-0.26176470588235295,0.7211186646889437,0.4205882352941176,0.6703296703296703,0.2692307692307692,0.7764705882352941,-0.5441176470588236,-0.014705882352941175
2024-11-19,0.047093463816420815,0.23711340206185566,-0.1250920132623678,-0.004415012232789452,0.06328184200331548,0.04415012232789452,0.07692307692307691,0.4505494505494505,-0.24724068503620925,-0.2060339041968411,-0.30757918555099845
2024-11-20,-0.25,0.1427520621935256,0.2911764705882353,0.06764705882352941,0.03823529411764706,0.22941176470588234,0.5714285714285714,-0.14285714285714285,0.16176470588235295,0.08823529411764705,0.0
2024-11-21,-0.007358353721315752,0.7061855670103092,0.008830024465578904,-0.34584262490184037,-0.18543051377715697,0.32523923448215625,0.576923076923077,0.38461538461538464,0.3693893568100508,-0.12067700102957835,0.13245036698368357
2024-11-22,0.29411764705882354,-0.45327458923305036,-0.10294117647058824,0.047058823529411764,-0.06176470588235294,-0.06470588235294117,-0.510989010989011,-0.20329670329670327,0.03529411764705882,0.02647058823529412,0.01764705882352941
2024-11-25,0.11176470588235293,-0.07064019572463123,-0.2441176470588235,0.5735294117647058,-0.11470588235294117,-0.16176470588235295,0.0,0.0934065934065934,-0.2323529411764706,0.21176470588235297,0.22352941176470587
2024-11-26,0.07352941176470588,-0.07799854944594697,-0.16764705882352943,0.12352941176470587,0.3970588235294118,0.03823529411764706,0.24175824175824176,0.027472527472527472,0.22058823529411767,0.2588235294117647,0.6294117647058822
2024-11-27,0.1192053302853152,0.5913107511045654,0.16777046484599917,-0.3723326982985771,0.6078000173806811,0.4738779796527344,0.46767582069862007,-0.06877585598509117,0.5813099439839444,-0.2972774903411564,-0.2693157462001565
2024-11-28,0.3399559419247878,0.5787923416789396,0.36055933234447185,0.16777046484599917,0.1250920132623678,0.5886682977052602,0.6217337381052243,0.3163689375314194,0.5239147849576816,0.17660048931157807,-0.1456954036820519
2024-11-29,-0.12684420969398819,0.6317358656962075,-0.07374663354301639,-0.2979363995137862,0.18879138187012195,0.4926275120673494,0.8397918225669414,-0.20994795564173535,0.27138761143830026,0.0914458255933403,0.008849596025161967
2024-12-02,-0.31176470588235294,-0.1604121111246834,-0.4264705882352941,-0.1323529411764706,-0.03529411764705882,-0.28529411764705886,-0.34065934065934067,-0.15384615384615383,-0.21176470588235297,0.2588235294117647,0.5352941176470588
2024-12-03,-0.5088235294117647,0.48565134560683965,-0.09117647058823529,-0.21470588235294116,0.36470588235294116,0.3323529411764706,0.6208791208791209,0.08241758241758242,0.5970588235294118,-0.2529411764705882,-0.26176470588235295
2024-12-04,-0.30882352941176466,0.6578368226856283,0.1647058823529412,0.3941176470588235,0.6147058823529412,0.5970588235294118,0.7142857142857143,0.38461538461538464,0.8264705882352942,0.37058823529411766,0.22058823529411767
2024-12-05,0.02647058823529412,0.08682857391152587,-0.16176470588235295,0.07941176470588236,-0.17941176470588235,0.08823529411764705,0.049450549450549455,0.521978021978022,-0.06470588235294117,0.06470588235294117,-0.7617647058823529
2024-12-06,0.1751288185673149,0.33063328424153166,0.5401031631445763,0.576894931751155,0.528329797190471,0.32523923448215625,0.7307692307692307,-0.12637362637362637,0.46946296741994503,-0.09418692763284163,0.1339220377279467
2024-12-09,-0.27373075843294603,-0.2039764359351988,0.1486387451705782,-0.011773365954105204,0.08241356167873642,-0.23546731908210405,-0.3136179032920158,0.21733170491288817,-0.2045622334525779,0.25607070950178823,0.46651962593141866
2024-12-10,0.07647058823529412,0.3502576371346299,0.12352941176470587,0.4676470588235294,0.6882352941176471,-0.0588235294117647,0.1868131868131868,0.6208791208791209,0.4617647058823529,0.4794117647058824,0.08823529411764705
2024-12-11,-0.29286247810836696,0.6958762886597938,0.12803535475089411,0.4738779796527344,0.8079472386004697,0.5607065535642602,0.8170571691028833,0.40990410167114344,0.880059105069364,-0.17452135493372606,-0.2884474658755775
2024-12-12,0.13569380571915013,0.7749096483423107,-0.04719784546753049,0.3775827637402439,0.7492657967970465,0.10324528696022295,0.6354889093022426,0.577717190274766,0.7905639115811357,0.625371452444779,0.2861369381469036
2024-12-13,0.21339225791815683,0.22901325478645065,0.05445181753773658,0.2413540020591567,0.6019133344036285,0.03973511009510507,0.3411282456860522,0.03301241087284377,0.4518029184887871,0.43740795287187045,-0.09565859837710479
2024-12-16,0.3588235294117647,0.2766740999214723,-0.22352941176470587,-0.02647058823529412,-0.1176470588235294,0.011764705882352941,0.3681318681318681,-0.0879120879120879,-0.0823529411764706,-0.25754238024605136,0.15
2024-12-17,-0.2323529411764706,-0.21339225791815683,0.2352941176470588,-0.19411764705882353,-0.36764705882352944,0.5117647058823529,-0.0879120879120879,-0.12087912087912088,-0.39999999999999997,0.01764705882352941,0.2529411764705882
2024-12-18,0.2588235294117647,-0.45033124774452404,0.08823529411764705,-0.3205882352941176,-0.2411764705882353,-0.32647058823529407,-0.41208791208791207,-0.2087912087912088,-0.3029411764705882,-0.09999999999999999,0.2441176470588235
2024-12-19,-0.3205882352941176,0.16482712335747288,-0.6264705882352941,-0.18529411764705883,0.10588235294117648,-0.15882352941176472,0.2582417582417582,0.23626373626373626,0.07941176470588236,-0.2058823529411765,-0.5617647058823529
2024-12-20,-0.23823529411764705,0.6078000173806811,-0.15882352941176472,0.2676470588235294,0.1764705882352941,0.6470588235294118,0.3516483516483516,0.510989010989011,0.16764705882352943,0.29411764705882354,0.02647058823529412
2024-12-23,0.2722590876886829,-0.22533136966126655,0.5194997727248921,0.07505520795742068,-0.22222228238373573,0.1398087207049993,-0.10729033533674226,-0.06602482174568754,-0.1692421355902623,-0.29874916108541955,0.06622518349184178
2024-12-24,0.3941176470588235,0.4885946870953659,-0.4941176470588235,0.37058823529411766,0.22647058823529412,0.13529411764705881,0.4340659340659341,0.34615384615384615,0.31764705882352945,0.39999999999999997,0.03529411764705882
2024-12-25,-0.07079676820129574,0.5461267997841046,-0.2772873421217416,0.085546094909899,0.4100312824991711,-0.06489703751785442,0.37689169079829965,0.2310868761099064,0.32153532224755144,-0.2389390926793731,-0.39528195579056785
2024-12-26,0.3569337063481993,0.2420670139583599,0.25368841938797637,-0.24778868870453502,0.6047223950527344,0.21829003528732854,0.425420857484569,-0.17127333223404725,0.5427752228766005,0.11504474832710555,-0.38643235976540585
2024-12-27,-0.19411764705882353,0.5136130897478395,0.5323529411764706,0.044117647058823525,0.6382352941176471,-0.0029411764705882353,0.6043956043956044,0.47802197802197804,0.611764705882353,0.3558823529411765,-0.28529411764705886
2024-12-30,-0.36764705882352944,-0.2060339041968411,-0.3382352941176471,0.3323529411764706,-0.3664460153215245,-0.12058823529411765,-0.3186813186813187,0.2967032967032967,-0.31176470588235294,0.044117647058823525,-0.19411764705882353
2024-12-31,0.04415012232789452,-0.20324005891016197,0.10890363507547315,-0.10596029358694682,-0.18543051377715697,-0.13833704996073615,-0.1155434380549532,-0.16506205436421886,-0.18690218452142013,-0.2501840265247356,-0.2958058195968933
2025-01-02,0.3411764705882353,0.4150111498822085,0.10882352941176471,-0.0823529411764706,0.34705882352941175,-0.02647058823529412,0.24175824175824176,0.4450549450549451,0.3323529411764706,-0.23823529411764705,-0.2088235294117647
2025-01-03,-0.08823529411764705,-0.07652687870168383,0.25,0.12058823529411765,-0.4205882352941176,0.09117647058823529,-0.43956043956043955,-0.15384615384615383,-0.3588235294117647,0.02941176470588235,-0.1323529411764706
2025-01-06,-0.37058823529411766,0.7991172141348908,0.3205882352941176,-0.38823529411764707,0.6852941176470588,0.24705882352941175,0.7582417582417583,0.39010989010989006,0.7529411764705882,0.06470588235294117,0.4705882352941176
2025-01-07,-0.6529411764705881,-0.03679176860657876,-0.5352941176470588,-0.27941176470588236,0.0823529411764706,-0.08823529411764705,0.3626373626373627,-0.021978021978021976,0.02941176470588235,-0.047058823529411764,-0.4323529411764706
2025-01-08,0.02941176470588235,0.16482712335747288,-0.05294117647058824,-0.4088235294117647,0.3058823529411765,-0.37058823529411766,0.21428571428571427,0.22527472527472525,0.14411764705882352,-0.26637240471163026,-0.3970588235294118
2025-01-09,0.3561443201116824,0.6737849779086893,0.07799854944594697,0.13539370847220983,0.5562915413314709,-0.013245036698368353,0.8060530321452687,0.3411282456860522,0.5342164801675237,0.10081766256902283,0.3988227716953138
2025-01-10,-0.03244851875892721,-0.6952046559413871,-0.28908680348862426,-0.2861369381469036,-0.7227170087215605,-0.342184379639596,-0.7070157995267373,-0.06327378750628389,-0.666669567228868,0.30088626485550685,0.15634286311119475
2025-01-13,0.2088235294117647,-0.5268581264462079,0.4617647058823529,-0.014705882352941175,-0.5352941176470588,0.1647058823529412,-0.33516483516483514,-0.4505494505494505,-0.4617647058823529,-0.4941176470588235,-0.2735294117647059
2025-01-14,0.19573220898699903,-0.5986745213549337,0.5842532854724707,0.16188378186894656,-0.32523923448215625,-0.4135394791379453,-0.6208791208791209,-0.3626373626373627,-0.20897724568536738,-0.03679176860657876,0.019131719675420957
2025-01-15,-0.18823529411764706,0.35467264936741927,0.30882352941176466,-0.21470588235294116,-0.023529411764705882,-0.02647058823529412,0.42857142857142855,-0.11538461538461539,0.37941176470588234,-0.06470588235294117,0.011764705882352941
2025-01-16,0.10370654891554298,-0.4277337595759278,-0.03851957531148739,0.19111635443007205,-0.35260226631284614,0.18963483230270714,-0.5801193511153214,-0.36464644927248774,-0.17481961102905813,-0.4296414169358209,0.6874262670973135
2025-01-17,0.11209488298538492,0.60221549814031,-0.171092189819798,-0.5457250882183213,-0.10324528696022295,0.2507385540462557,0.629843866925206,0.07734924681537617,-0.24483882336281437,0.008849596025161967,-0.06784690285957506
2025-01-20,-0.23988233131489353,0.35125184094256257,-0.576894931751155,-0.37821938127562965,-0.2413540020591567,-0.1456954036820519,0.2943606636161903,-0.02751034239403647,-0.3944077594625243,-0.08682857391152587,-0.37969105201989284
2025-01-21,-0.13529411764705881,0.1515820866591045,0.02941176470588235,-0.31764705882352945,0.07941176470588236,0.13529411764705881,0.0,0.054945054945054944,0.2088235294117647,0.19999999999999998,-0.2823529411764706
2025-01-22,0.2735294117647059,-0.04856513456068397,0.1411764705882353,0.17058823529411765,0.2764705882352941,-0.36764705882352944,0.09890109890109891,-0.13186813186813187,0.3205882352941176,0.6970588235294117,0.12352941176470587
2025-02-03,0.22941176470588234,0.5150847604921027,0.19705882352941176,-0.4176470588235294,0.13823529411764704,0.13529411764705881,0.6428571428571429,0.21428571428571427,0.26176470588235295,0.3558823529411765,0.4823529411764706
2025-02-04,-0.5103267041176733,0.5121783770948224,-0.4778781853587462,-0.4837779160421875,-0.27138761143830026,0.08259622956817834,0.3191199717708231,0.5337006424443076,-0.3038361301972275,-0.2212399006290492,0.5486749535600419
2025-02-05,0.02686866453119394,-0.16431826106071318,0.07164977208318386,-0.2209201305898169,-0.36720508192631723,0.08956221510397981,-0.13564735326100572,-0.05086775747287714,-0.23584716644048018,-0.5761835838356034,-0.17613902303782694
2025-02-06,0.08259622956817834,0.7055367845859514,0.32743505293099273,-0.46902858933358416,-0.11504474832710555,0.3362846489561547,0.6217337381052243,0.22283377339169544,-0.03539838410064787,-0.21534016994560784,0.6519202405202648
2025-02-07,0.017660048931157808,-0.6804123711340206,-0.010301695209842053,0.28108911215426174,0.0014716707442631505,-0.29286247810836696,-0.7537833815965993,-0.3658875538406851,-0.2384106605706304,-0.05003680530494712,-0.4223695036035242
2025-02-10,0.4558823529411765,0.1280353547508941,0.38235294117647056,-0.4764705882352941,-0.2411764705882353,0.29411764705882354,0.06043956043956044,-0.07692307692307691,-0.1176470588235294,-0.38823529411764707,0.17058823529411765
2025-02-11,-0.19131719675420958,-0.8129602356406479,0.25607070950178823,0.23105230684931463,-0.011773365954105204,-0.1751288185673149,-0.8253102718210942,-0.1678130886036225,-0.1942605382427359,-0.24871235578047243,-0.10890363507547315
2025-02-12,0.4429728940232083,-0.45360824742268036,-0.2531273680132619,-0.029433414885263007,-0.08241356167873642,-0.3958794302067875,-0.5659340659340659,-0.532967032967033,-0.4282561865805768,-0.2384106605706304,-0.08094189093447328
2025-02-13,0.29185985909088524,-0.8702936460002411,0.6385360368942717,0.4222338062989964,0.30074899185507464,-0.5303849215966341,-0.7569176295504669,-0.3756963416746843,0.16000438975540918,0.30667508036453417,0.4355675054452805
2025-02-14,0.09999999999999999,0.029433414885263007,-0.3147058823529411,-0.38823529411764707,0.011764705882352941,0.07647058823529412,-0.07692307692307691,0.03296703296703297,-0.02941176470588235,-0.2764705882352941,0.023529411764705882
2025-02-17,0.0,0.55,-0.411764705882353,-0.3,-0.5558823529411765,0.2058823529411765,0.532967032967033,0.010989010989010988,-0.5735294117647058,0.17352941176470588,-0.4205882352941176
2025-02-18,-0.4323529411764706,-0.29705882352941176,-0.5411764705882353,0.06176470588235294,0.19411764705882353,0.01764705882352941,-0.35714285714285715,-0.26373626373626374,0.049999999999999996,0.2676470588235294,0.12352941176470587
2025-02-19,-0.038263439350841914,-0.5239147849576816,0.029433414885263007,0.3399559419247878,0.24282567280341982,-0.6445917859872599,-0.34663031416485957,0.2943606636161903,0.36055933234447185,0.06769685423610491,0.4709346381642081
2025-02-20,0.19705882352941176,-0.2352941176470588,0.05294117647058824,-0.044117647058823525,0.12941176470588234,0.14411764705882352,-0.4010989010989011,0.021978021978021976,0.049999999999999996,0.5176470588235293,-0.1764705882352941
2025-02-21,-0.2764705882352941,-0.4558823529411765,0.05294117647058824,-0.008823529411764706,0.7529411764705882,-0.3764705882352941,-0.39560439560439564,0.005494505494505494,0.5352941176470588,0.1176470588235294,-0.07941176470588236
2025-02-24,0.5029411764705883,-0.6911764705882353,0.21764705882352942,0.014705882352941175,0.5117647058823529,-0.6323529411764706,-0.6263736263736264,0.16483516483516483,0.538235294117647,0.1264705882352941,-0.011764705882352941
2025-02-25,-0.2058823529411765,0.5558823529411765,-0.34411764705882353,-0.3294117647058824,-0.6235294117647059,0.24705882352941175,0.5549450549450549,-0.021978021978021976,-0.6411764705882352,0.09705882352941177,-0.3029411764705882
2025-02-26,0.06176470588235294,-0.31176470588235294,0.36470588235294116,-0.07941176470588236,-0.08529411764705883,-0.3764705882352941,-0.2692307692307692,0.39010989010989006,0.22058823529411767,0.08823529411764705,-0.29705882352941176
2025-02-27,0.2588235294117647,-0.17058823529411765,0.4441176470588235,0.13529411764705881,0.047058823529411764,-0.08823529411764705,-0.005494505494505494,0.32967032967032966,0.12058823529411765,0.2676470588235294,0.5
2025-03-03,0.1647058823529412,0.22058823529411767,-0.611764705882353,-0.09705882352941177,-0.15294117647058825,0.17941176470588235,0.4175824175824176,-0.21428571428571427,-0.10588235294117648,-0.4852941176470588,-0.4558823529411765
2025-03-04,-0.38235294117647056,-0.5117647058823529,0.09999999999999999,-0.047058823529411764,0.17352941176470588,-0.19411764705882353,-0.4945054945054945,-0.15384615384615383,-0.22941176470588234,-0.5,-0.45
2025-03-05,-0.1221486717738415,0.02501840265247356,-0.28991913661984064,0.042678451583631365,-0.2766740999214723,-0.032376756373789305,0.12104550653376049,0.43741444406517993,-0.04120678083936821,0.047093463816420815,0.4562179307215766
2025-03-06,0.45927185948311894,-0.34371313354865674,0.29037833696352033,0.5155697003229851,0.30519355823716926,-0.4459381603368348,-0.19779077214298535,-0.12536034854132877,0.4474196824641997,-0.25630332803412764,0.5511262313797427
2025-03-07,-0.07079676820129574,-0.7138674126963986,-0.06784690285957506,0.7817143155559738,0.8436614877321075,-0.24483882336281437,-0.47867995765623467,-0.03301241087284377,0.5575245495852039,-0.3244851875892721,0.4188808785243331
2025-03-10,0.047058823529411764,-0.2823529411764706,0.37058823529411766,0.3147058823529411,0.24705882352941175,-0.6264705882352941,-0.46153846153846156,0.0934065934065934,0.4823529411764706,0.411764705882353,-0.12058823529411765
2025-03-11,-0.08823529411764705,0.5676470588235295,-0.09411764705882353,-0.29411764705882354,-0.5823529411764706,0.8176470588235294,0.6318681318681317,-0.26373626373626374,-0.5411764705882353,-0.2058823529411765,-0.09117647058823529
2025-03-12,-0.18235294117647058,0.38823529411764707,-0.25588235294117645,-0.2411764705882353,-0.36764705882352944,-0.03823529411764706,0.4230769230769231,0.32417582417582413,-0.2647058823529412,0.4911764705882353,0.538235294117647
2025-03-13,0.044117647058823525,-0.5705882352941177,0.06764705882352941,0.4911764705882353,0.6441176470588235,-0.3735294117647059,-0.7087912087912087,0.03296703296703297,0.5117647058823529,-0.5205882352941177,-0.5264705882352941
2025-03-14,-0.08823529411764705,0.11176470588235293,-0.09117647058823529,-0.32647058823529407,-0.3029411764705882,0.25588235294117645,-0.15934065934065936,-0.11538461538461539,-0.411764705882353,-0.21470588235294116,0.3294117647058824
2025-03-17,-0.15,0.08823529411764705,-0.16176470588235295,0.5264705882352941,-0.014705882352941175,-0.032352941176470584,0.39560439560439564,-0.6263736263736264,0.10294117647058824,0.5,0.28529411764705886
2025-03-18,0.25588235294117645,-0.16176470588235295,0.1323529411764706,-0.15,0.29705882352941176,-0.5,-0.13736263736263735,0.4010989010989011,0.38235294117647056,-0.21470588235294116,-0.3205882352941176
2025-03-19,-0.4794117647058824,0.17941176470588235,0.0588235294117647,0.0823529411764706,-0.044117647058823525,0.5176470588235293,0.18131868131868134,-0.6978021978021978,-0.17352941176470588,-0.2088235294117647,-0.2676470588235294
2025-03-20,-0.047058823529411764,0.4647058823529412,0.06764705882352941,-0.09705882352941177,-0.17058823529411765,-0.0029411764705882353,0.6538461538461539,-0.049450549450549455,-0.1176470588235294,-0.11176470588235293,0.02058823529411765
2025-03-21,0.2064905739204459,0.0796463642264577,0.008849596025161967,-0.3451342449813167,-0.011799461366882622,-0.4129811478408918,0.3878958277559143,-0.25859721850394285,0.044247980125809834,0.342184379639596,-0.03244851875892721
2025-03-24,0.41795700381857254,0.9015929653800634,0.3134677528639293,0.17315361586769432,-0.5075192189225523,0.5254316619433482,0.7911630885719414,-0.3732952601008456,-0.23883257361061283,0.15822658001703102,-0.35824886041591925
2025-03-25,-0.2441176470588235,-0.12352941176470587,-0.14705882352941177,-0.023529411764705882,-0.12941176470588234,0.26176470588235295,-0.4340659340659341,0.23626373626373626,-0.21764705882352942,-0.2735294117647059,0.4588235294117647
2025-03-26,-0.5445181753773658,-0.7078736279905753,0.013245036698368353,-0.16188378186894656,0.6254600663118389,-0.704930286502049,-0.4505494505494505,0.18131868131868134,0.34437095415757724,0.06328184200331548,-0.1309786962394204
2025-03-27,0.07064019572463123,0.15305375740336766,-0.4017661131838401,0.16777046484599917,0.4238411743477873,-0.43267119881336624,0.47592892341683096,-0.049518616309265656,0.30757918555099845,0.2575423802460513,0.10448862284268369
2025-03-28,-0.03823529411764706,-0.43529411764705883,0.5558823529411765,0.13529411764705881,0.7970588235294117,-0.65,-0.2747252747252747,0.09890109890109891,0.7088235294117646,0.25,-0.2911764705882353
2025-03-31,-0.15294117647058825,0.3558823529411765,-0.2647058823529412,-0.2529411764705882,-0.4441176470588235,0.6558823529411765,0.24175824175824176,-0.47802197802197804,-0.3558823529411765,-0.3529411764705882,0.07941176470588236
2025-04-01,-0.4518029184887871,-0.2295806361050515,-0.09713026912136795,-0.3885210764854718,-0.32523923448215625,0.2604857217345777,-0.47802197802197804,0.2747252747252747,-0.459161272210103,-0.7122886402233648,0.09565859837710479
2025-04-02,-0.34411764705882353,0.31764705882352945,0.08823529411764705,-0.22941176470588234,-0.09117647058823529,0.0058823529411764705,0.11538461538461539,0.6483516483516483,-0.0058823529411764705,-0.07058823529411765,0.2058823529411765
2025-04-07,-0.06470588235294117,-0.3941176470588235,-0.032352941176470584,0.0823529411764706,0.6941176470588235,-0.5970588235294118,-0.3021978021978022,0.2912087912087912,0.6294117647058822,0.4323529411764706,0.22647058823529412
2025-04-08,0.5029411764705883,0.2529411764705882,-0.4088235294117647,0.2058823529411765,0.5676470588235295,-0.24705882352941175,0.5384615384615384,-0.06043956043956044,-0.044117647058823525,0.11343565162162876,0.6
2025-04-09,-0.2764705882352941,-0.3029411764705882,-0.4941176470588235,-0.43529411764705883,-0.488235294117647,0.22647058823529412,-0.2857142857142857,-0.2857142857142857,-0.4705882352941176,0.3205882352941176,-0.06764705882352941
2025-04-10,-0.02058823529411765,0.7088235294117646,0.38235294117647056,0.15882352941176472,-0.33529411764705885,0.7617647058823529,0.48901098901098894,-0.14285714285714285,-0.3588235294117647,-0.3588235294117647,0.2676470588235294
2025-04-11,-0.55,-0.2588235294117647,0.21176470588235297,-0.7588235294117647,-0.5470588235294118,0.1411764705882353,-0.43956043956043955,0.25274725274725274,-0.31176470588235294,-0.3438755255523523,-0.5205882352941177
2025-04-14,0.1411764705882353,-0.6294117647058822,-0.3235294117647059,-0.5794117647058823,-0.2735294117647059,-0.17941176470588235,-0.4340659340659341,-0.0934065934065934,-0.35000000000000003,-0.2352941176470588,-0.4676470588235294
2025-04-15,0.33529411764705885,0.09117647058823529,0.0058823529411764705,0.5705882352941177,0.6029411764705882,-0.18235294117647058,0.26373626373626374,-0.03296703296703297,0.6470588235294118,0.22352941176470587,-0.22647058823529412
2025-04-16,0.18235294117647058,0.2647058823529412,-0.3058823529411765,0.18235294117647058,0.18823529411764706,0.12352941176470587,0.12637362637362637,-0.016483516483516484,0.1176470588235294,0.4911764705882353,0.3558823529411765
2025-04-17,-0.1264705882352941,0.4176470588235294,0.3323529411764706,0.2735294117647059,0.1764705882352941,0.4294117647058823,0.46153846153846156,-0.32967032967032966,0.09705882352941177,0.03529411764705882,-0.15
2025-04-18,0.2411764705882353,0.44117647058823534,-0.14411764705882352,0.2029411764705882,0.2823529411764706,-0.07941176470588236,0.37912087912087916,0.2692307692307692,0.01764705882352941,0.411764705882353,0.30882352941176466
2025-04-21,0.37969105201989284,-0.6431201152429968,-0.24871235578047243,-0.09124358614431533,0.34289928341331405,-0.4415012232789452,-0.510989010989011,0.1758241758241758,0.3929360887182612,0.4032377839281032,-0.5003680530494712
2025-04-22,-0.4941176470588235,0.4647058823529412,0.008823529411764706,0.26176470588235295,-0.5588235294117647,0.6352941176470589,0.3131868131868132,-0.4450549450549451,-0.3058823529411765,-0.4764705882352941,0.13529411764705881
2025-04-23,-0.1264705882352941,0.06470588235294117,-0.06764705882352941,-0.22352941176470587,0.02058823529411765,-0.31176470588235294,0.17032967032967034,0.6538461538461539,-0.1176470588235294,0.4323529411764706,0.32647058823529407
2025-04-24,-0.32647058823529407,0.6352941176470589,0.29411764705882354,0.27941176470588236,-0.1633554526132097,0.6941176470588235,0.6373626373626374,-0.7142857142857143,0.06470588235294117,0.08823529411764705,0.5823529411764706
2025-04-25,-0.014705882352941175,0.28529411764705886,0.5529411764705882,0.2323529411764706,-0.15588235294117647,0.43529411764705883,0.4010989010989011,0.07142857142857142,0.12058823529411765,0.5852941176470587,-0.4382352941176471
2025-04-28,-0.01764705882352941,-0.5058823529411764,0.21176470588235297,-0.4970588235294117,-0.34705882352941175,-0.3558823529411765,-0.41208791208791207,-0.049450549450549455,-0.6441176470588235,-0.7411764705882353,0.09411764705882353
2025-04-29,0.15882352941176472,0.0058823529411764705,-0.08529411764705883,-0.014705882352941175,0.09999999999999999,-0.37058823529411766,0.10989010989010989,0.26373626373626374,-0.15588235294117647,-0.3323529411764706,-0.18529411764705883
2025-04-30,-0.08529411764705883,0.09999999999999999,-0.2088235294117647,0.2088235294117647,-0.1176470588235294,0.5588235294117647,0.04395604395604395,-0.3516483516483516,0.06176470588235294,-0.047058823529411764,-0.3029411764705882
2025-05-02,-0.28823529411764703,-0.5235294117647059,-0.18529411764705883,-0.4176470588235294,-0.37941176470588234,-0.3852941176470588,-0.6758241758241759,0.1758241758241758,-0.5823529411764706,-0.6088235294117647,-0.3911764705882353
2025-05-05,0.2911764705882353,-0.10294117647058824,0.02647058823529412,0.25588235294117645,0.25,-0.32647058823529407,-0.3131868131868132,0.5824175824175823,0.16764705882352943,0.06764705882352941,-0.4617647058823529
2025-05-06,-0.06916852498036807,-0.19867555047552532,0.2207506116394726,0.03679176860657876,0.12067700102957835,-0.03973511009510507,0.09078412990032037,-0.709766833766141,0.35761599085594553,-0.17660048931157807,0.07947022019021013
2025-05-07,0.3,0.5323529411764706,-0.32647058823529407,0.07058823529411765,-0.0823529411764706,0.38235294117647056,0.3681318681318681,0.021978021978021976,-0.08529411764705883,0.29411764705882354,-0.4294117647058823
2025-05-08,-0.0411764705882353,0.37058823529411766,0.1411764705882353,0.27058823529411763,0.36176470588235293,0.34411764705882353,0.2857142857142857,-0.4725274725274725,0.2647058823529412,0.2441176470588235,-0.0029411764705882353
2025-05-09,-0.023529411764705882,-0.29705882352941176,-0.0411764705882353,0.0588235294117647,0.14705882352941177,-0.2058823529411765,-0.19780219780219782,-0.26373626373626374,-0.049999999999999996,0.044117647058823525,0.10588235294117648
2025-05-12,-0.4558823529411765,0.5617647058823529,-0.5117647058823529,0.12941176470588234,-0.12058823529411765,0.3970588235294118,0.6208791208791209,-0.12637362637362637,-0.45294117647058824,-0.2323529411764706,-0.07058823529411765
2025-05-13,-0.1176470588235294,-0.0411764705882353,0.3205882352941176,0.35000000000000003,0.5911764705882353,0.33529411764705885,-0.016483516483516484,-0.4010989010989011,0.049999999999999996,0.5176470588235293,0.23823529411764705
2025-05-14,-0.008823529411764706,-0.09999999999999999,0.2323529411764706,-0.28529411764705886,-0.17058823529411765,-0.15588235294117647,0.521978021978022,-0.5659340659340659,-0.07941176470588236,-0.27058823529411763,0.047058823529411764
2025-05-15,-0.28823529411764703,-0.06470588235294117,-0.0411764705882353,-0.2529411764705882,-0.3382352941176471,-0.1764705882352941,-0.19780219780219782,-0.09890109890109891,-0.33529411764705885,-0.2323529411764706,0.1647058823529412
2025-05-16,0.24724068503620925,-0.538631492400313,-0.03384842711805246,-0.11773365954105203,-0.28991913661984064,-0.33406925894773515,-0.2613482527433465,0.23933997882811733,-0.09860193986563108,-0.21633559940668312,0.058866829770526014
2025-05-19,-0.06176470588235294,-0.2088235294117647,0.047058823529411764,-0.2735294117647059,-0.28529411764705886,-0.26176470588235295,0.0934065934065934,0.23076923076923078,-0.18823529411764706,-0.3588235294117647,0.65
2025-05-20,-0.2323529411764706,0.5029411764705883,-0.5764705882352941,-0.10882352941176471,0.3411764705882353,0.2823529411764706,0.4505494505494505,-0.16483516483516483,-0.03529411764705882,-0.12352941176470587,-0.08529411764705883
2025-05-21,0.15588235294117647,0.45294117647058824,0.09705882352941177,-0.07352941176470588,-0.014705882352941175,0.18529411764705883,0.6923076923076923,0.016483516483516484,0.13823529411764704,-0.19999999999999998,0.0
2025-05-22,0.05298014679347341,-0.3384842711805246,-0.4032377839281032,0.5136130897478395,-0.08241356167873642,-0.28403245364278806,-0.327373074489034,-0.15130688316720062,-0.06033850051478917,0.007358353721315752,-0.28108911215426174
2025-05-23,0.11209488298538492,-0.0265487880754859,-0.16224259379463604,-0.35398384100647867,0.11209488298538492,-0.023598922733765244,-0.06602482174568754,0.27785445817976834,0.02949865341720655,-0.04129811478408917,-0.35988357168991997
2025-05-26,-0.3941176470588235,0.6294117647058822,-0.0588235294117647,-0.06470588235294117,-0.06764705882352941,0.5176470588235293,0.46703296703296704,0.3021978021978022,-0.10294117647058824,-0.4617647058823529,-0.3235294117647059
2025-05-27,-0.17016820869756163,0.014927035850663302,0.2716720524820721,-0.0029854071701326604,0.14329954416636773,0.17912443020795962,0.19216708378642475,-0.09608354189321237,0.17613902303782694,0.08060599359358184,-0.0029854071701326604
2025-05-28,-0.27058823529411763,0.5676470588235295,0.3411764705882353,0.11176470588235293,0.2647058823529412,0.5176470588235293,0.3021978021978022,0.16483516483516483,0.2676470588235294,-0.12389434435226752,-0.6558823529411765
2025-05-29,0.28823529411764703,0.31176470588235294,-0.2529411764705882,0.5147058823529412,0.008823529411764706,0.23823529411764705,0.7142857142857143,-0.1758241758241758,0.3382352941176471,-0.05294117647058824,0.4147058823529412
2025-06-02,-0.15882352941176472,0.14411764705882352,-0.27058823529411763,0.6735294117647058,0.008823529411764706,0.21176470588235297,0.2967032967032967,-0.21978021978021978,0.12352941176470587,0.4323529411764706,-0.15882352941176472
2025-06-03,-0.38410606425268223,0.27520242917720916,0.17660048931157807,0.5989699929151022,0.2045622334525779,0.5445181753773658,0.1568089516460079,-0.13480067773077872,0.2192789408952094,0.2531273680132619,-0.17071380633452546
2025-06-04,0.023529411764705882,-0.4058823529411764,0.22352941176470587,-0.09411764705882353,-0.19705882352941176,-0.1323529411764706,-0.4230769230769231,0.24725274725274726,-0.18529411764705883,-0.09705882352941177,0.15
2025-06-05,-0.4282561865805768,-0.5150847604921026,0.14422373293778876,-0.33406925894773515,-0.43708621104615575,-0.5342164801675237,-0.44841858102279447,-0.0522696505486693,-0.5047830652822606,-0.17218547707878862,-0.2766740999214723
2025-06-06,0.11504474832710555,0.3392345142978754,-0.07669649888473705,0.5575245495852039,0.5634242802686452,0.3067859955389482,0.5745944049142231,-0.4419956960878639,0.3716830330568026,0.03244851875892721,0.5722738762938072
2025-06-09,0.07058823529411765,0.27941176470588236,0.3058823529411765,-0.08529411764705883,-0.13529411764705881,0.5558823529411765,0.3681318681318681,-0.7252747252747254,-0.19999999999999998,-0.6088235294117647,0.023529411764705882
2025-06-10,-0.29286247810836696,-0.28403245364278806,-0.2693157462001565,0.2531273680132619,0.37086102755431394,-0.07947022019021013,-0.17881722556123708,-0.24759308154632828,0.2958058195968933,0.5518765290986815,0.478292991885524
2025-06-11,0.40294117647058825,-0.3588235294117647,-0.02058823529411765,-0.3558823529411765,-0.12058823529411765,-0.2588235294117647,-0.3681318681318681,-0.21428571428571427,-0.07352941176470588,-0.06176470588235294,-0.4382352941176471
2025-06-12,-0.02058823529411765,-0.5617647058823529,-0.4382352941176471,-0.24705882352941175,0.0823529411764706,-0.3294117647058824,-0.4010989010989011,-0.2912087912087912,-0.09411764705882353,0.2588235294117647,-0.4705882352941176
2025-06-13,-0.05294117647058824,-0.2764705882352941,0.0,-0.21470588235294116,-0.3235294117647059,0.0588235294117647,-0.13186813186813187,-0.08241758241758242,-0.3294117647058824,-0.3205882352941176,-0.09117647058823529
2025-06-16,0.16764705882352943,0.6558823529411765,-0.1264705882352941,0.06176470588235294,0.16176470588235295,0.6058823529411764,0.8076923076923077,0.06043956043956044,0.03529411764705882,0.11176470588235293,-0.3735294117647059
2025-06-17,0.14128039144926247,0.2663724047116302,-0.40765279616089267,0.32523923448215625,0.459161272210103,-0.03973511009510507,0.5942233957111879,-0.37689169079829965,0.11184697656399943,0.05003680530494712,-0.29874916108541955
2025-06-18,0.4764705882352941,0.03823529411764706,0.3294117647058824,0.18529411764705883,0.33529411764705885,0.25588235294117645,0.40659340659340654,0.33516483516483514,0.4647058823529412,0.15588235294117647,-0.5470588235294118
2025-06-19,0.12352941176470587,0.12352941176470587,0.36176470588235293,0.2676470588235294,0.42352941176470593,0.45,0.32967032967032966,-0.5274725274725275,0.5323529411764706,0.07064019572463123,0.37058823529411766
2025-06-20,0.3392345142978754,-0.2300894966542111,0.09734555627678164,-0.24778868870453502,-0.07079676820129574,-0.17994178584495998,-0.370171395473586,-0.21547290184283366,-0.14454340174431213,0.04719784546753049,0.10324528696022295
2025-06-23,-0.2647058823529412,0.4294117647058823,0.21176470588235297,-0.1411764705882353,0.16176470588235295,0.44705882352941173,0.25274725274725274,0.20329670329670327,0.055882352941176466,-0.10294117647058824,0.4617647058823529
2025-06-24,0.08977191540005218,0.6048566758921549,0.38263439350841916,0.18543051377715697,0.3502576371346298,0.6902135790594175,0.7032967032967032,-0.04395604395604395,0.36350267383299817,-0.30022083182968273,-0.04415012232789452
2025-06-25,-0.09439569093506098,-0.4601789933084222,-0.09439569093506098,-0.504426973434232,-0.6371709138116616,-0.5840733376606898,-0.7400282103995811,0.2558461842645392,-0.6519202405202648,-0.4424798012580984,0.10914501764366427
2025-06-26,-0.09705882352941177,0.14411764705882352,-0.4705882352941176,0.011764705882352941,0.1323529411764706,0.047058823529411764,0.14285714285714285,0.17032967032967034,0.02647058823529412,0.2411764705882353,-0.008823529411764706
2025-06-27,0.29411764705882354,-0.11176470588235293,-0.15,-0.37941176470588234,-0.0029411764705882353,-0.09999999999999999,0.027472527472527472,-0.2582417582417582,0.008823529411764706,0.13529411764705881,0.09411764705882353
2025-06-30,-0.5264705882352941,0.35000000000000003,0.2323529411764706,0.3294117647058824,-0.008823529411764706,0.29705882352941176,0.03846153846153846,0.10989010989010989,0.1264705882352941,0.0029411764705882353,0.16176470588235295
2025-07-01,0.3,-0.1264705882352941,0.2352941176470588,0.011764705882352941,-0.3235294117647059,0.06176470588235294,-0.3131868131868132,-0.34065934065934067,-0.21176470588235297,-0.5617647058823529,-0.09705882352941177
2025-07-02,0.1764705882352941,-0.18235294117647058,-0.14705882352941177,0.3764705882352941,-0.049999999999999996,-0.15,-0.33516483516483514,0.6703296703296703,-0.22941176470588234,-0.0029411764705882353,0.011764705882352941
2025-07-03,0.4194261621149979,0.06769685423610491,0.28108911215426174,0.38116272276415597,0.055923488281999716,0.4194261621149979,0.18982136251885168,0.060522753266880246,-0.14422373293778876,-0.06916852498036807,0.244297343547683
2025-07-04,0.04120678083936821,0.32229589299362993,-0.5253864557019448,-0.332597588203472,-0.2060339041968411,-0.017660048931157808,0.27235238970096115,0.12654757501256778,0.3664460153215245,-0.032376756373789305,-0.37380436904284026
2025-07-07,0.5941176470588235,0.2352941176470588,0.2441176470588235,-0.10882352941176471,0.2029411764705882,0.27941176470588236,0.5494505494505494,0.0879120879120879,0.049999999999999996,-0.06470588235294117,0.6235294117647059
2025-07-08,0.12058823529411765,0.6647058823529411,0.3147058823529411,0.2823529411764706,0.4588235294117647,0.7264705882352941,0.5604395604395606,-0.06593406593406594,0.2647058823529412,-0.5033113945379976,0.06176470588235294
2025-07-09,-0.2911764705882353,0.2823529411764706,0.11470588235294117,0.2058823529411765,0.19411764705882353,0.01764705882352941,0.48901098901098894,-0.005494505494505494,0.35000000000000003,0.21764705882352942,0.2088235294117647
2025-07-10,0.19259787655743693,0.5763121075449459,0.32149030163818326,0.3748250982233196,0.6044610279648791,0.4340859833179155,0.7270900215397069,0.22286284185125113,0.560015364143932,0.3940848858790633,0.5866827624365002
2025-07-11,0.4365800705746571,-0.8082631036314596,-0.27433747678002096,-0.24188895802109375,-0.7994135076062977,-0.7522156621387671,-0.7857142857142857,0.021978021978021976,-0.6725692979123093,0.008849596025161967,-0.666669567228868
2025-07-14,0.047058823529411764,0.03529411764705882,-0.19999999999999998,-0.049999999999999996,0.1323529411764706,0.29411764705882354,0.016483516483516484,-0.2967032967032967,0.03529411764705882,0.09999999999999999,0.16764705882352943
2025-07-15,-0.5205882352941177,0.5529411764705882,0.21176470588235297,-0.18823529411764706,0.4911764705882353,0.538235294117647,0.7802197802197801,-0.24175824175824176,0.37941176470588234,-0.09705882352941177,0.055882352941176466
2025-07-16,-0.3399559419247878,-0.6593084934298914,-0.3384842711805246,-0.023546731908210407,-0.43708621104615575,-0.33554092969199834,-0.8555716484545344,-0.0522696505486693,-0.3767477105313665,0.4915380285838923,0.30316417331820894
2025-07-17,-0.2529411764705882,0.29705882352941176,0.03823529411764706,0.22352941176470587,0.37941176470588234,0.3029411764705882,0.15384615384615383,-0.4175824175824176,0.2529411764705882,0.03823529411764706,0.39999999999999997
2025-07-18,0.3208242222493668,-0.3502576371346298,0.3119941977837879,0.5930833099380497,0.46210461369862926,0.13833704996073615,-0.20632756795527354,0.23933997882811733,0.2045622334525779,-0.2913908073641038,0.6048566758921549
2025-07-21,-0.25588235294117645,-0.38823529411764707,-0.2029411764705882,0.3147058823529411,-0.02058823529411765,-0.19705882352941176,-0.0879120879120879,0.1758241758241758,0.02647058823529412,0.047058823529411764,0.07941176470588236
2025-07-22,-0.17941176470588235,-0.411764705882353,-0.044117647058823525,0.29411764705882354,0.17941176470588235,-0.6147058823529412,-0.7747252747252747,0.3021978021978022,-0.12941176470588234,0.0,0.19411764705882353
2025-07-23,0.042678451583631365,0.1221486717738415,0.166298794101736,0.04415012232789452,0.1221486717738415,0.3929360887182612,0.03576344511224741,-0.03576344511224741,0.032376756373789305,0.016188378186894652,0.3473142956461035
2025-07-24,-0.005970814340265321,0.16121198718716367,0.14031413699623504,0.17315361586769432,0.2537596094612761,-0.14628495133650035,-0.21171969975868857,0.16993291691157897,0.09254762227411246,0.0029854071701326604,0.3731758962665826
2025-07-25,0.40118168647400915,-0.27433747678002096,0.16814232447807734,0.15634286311119475,0.27138761143830026,0.038348249442368525,-0.4594227179804091,-0.11279240381554954,0.19764097789528393,0.333334783614434,0.6489703751785442
2025-07-28,0.12941176470588234,0.21176470588235297,0.06764705882352941,-0.39999999999999997,-0.3852941176470588,0.13529411764705881,0.5494505494505494,0.3736263736263736,-0.19411764705882353,0.07647058823529412,-0.40294117647058825
2025-07-29,0.044117647058823525,-0.22352941176470587,0.4764705882352941,0.5323529411764706,0.6617647058823529,-0.19999999999999998,-0.4505494505494505,-0.027472527472527472,0.5323529411764706,-0.37058823529411766,0.3147058823529411
2025-07-30,-0.10294117647058824,0.06764705882352941,0.27941176470588236,0.06470588235294117,0.4823529411764706,0.36470588235294116,-0.027472527472527472,0.14835164835164835,0.5588235294117647,-0.2647058823529412,0.16764705882352943
2025-07-31,-0.34642857142857136,0.31176470588235294,-0.35357142857142854,-0.65,-0.4606329429543661,0.06470588235294117,0.46153846153846156,0.45604395604395603,-0.4088235294117647,0.42857142857142855,-0.8294117647058824
2025-08-04,,0.6176470588235293,,-0.2058823529411765,-0.10294117647058824,0.6941176470588235,0.6868131868131868,0.07142857142857142,-0.02058823529411765,,-0.2529411764705882
2025-08-05,-0.55,-0.4852941176470588,-0.3323529411764706,0.4794117647058824,0.24705882352941175,-0.5176470588235293,-0.8186813186813187,0.08241758241758242,0.03529411764705882,-0.07647058823529412,0.55
2025-08-06,-0.1604121111246834,0.7255336769217332,0.2619573924788408,0.10301695209842054,0.24282567280341982,0.26490073396736713,0.44841858102279447,0.07152689022449482,0.048565134560683974,-0.1103753058197363,-0.478292991885524
2025-08-07,-0.17218547707878862,0.2207506116394726,0.030905085629526156,0.3237675637378931,-0.023546731908210407,0.3958794302067875,0.5384615384615384,0.12087912087912088,0.4900663578396291,0.5871966269609971,0.5224431142134185
2025-08-08,-0.044117647058823525,-0.5088235294117647,-0.06470588235294117,0.13529411764705881,0.6387051030102073,-0.4264705882352941,-0.5604395604395606,-0.06043956043956044,0.12352941176470587,-0.03823529411764706,-0.43529411764705883
2025-08-11,-0.0029411764705882353,-0.6911764705882353,-0.08823529411764705,-0.38823529411764707,0.21764705882352942,-0.3941176470588235,-0.5659340659340659,0.021978021978021976,-0.32647058823529407,-0.23823529411764705,-0.3588235294117647
2025-08-12,-0.0411764705882353,0.2058823529411765,0.06470588235294117,0.09117647058823529,0.15294117647058825,0.1647058823529412,0.13186813186813187,0.4945054945054945,0.19411764705882353,0.22352941176470587,0.1764705882352941
2025-08-13,-0.0265487880754859,-0.16224259379463604,0.5073768387759527,-0.22418976597076984,-0.40708141715745044,-0.49557737740907004,-0.17127333223404725,-0.060774408212081285,-0.15044313242775342,-0.2359892273376524,-0.14749326708603278
2025-08-14,-0.30905085629526163,-0.4429728940232083,0.30022083182968273,0.420897832859261,0.7387787136201016,-0.07358353721315752,-0.5274725274725275,0.17032967032967034,0.48712301635110283,0.19188238911333405,0.4429728940232083
2025-08-15,-0.3235294117647059,0.06181017125905232,-0.0029411764705882353,0.2529411764705882,0.2911764705882353,0.011764705882352941,-0.027472527472527472,0.20329670329670327,0.3235294117647059,0.10882352941176471,-0.15
2025-08-18,0.038263439350841914,0.39322533136966126,-0.06622518349184178,-0.17660048931157807,-0.665195176406944,0.3046358440624721,0.4236592728681617,-0.07152689022449482,-0.4459162355117346,-0.31052252703952476,-0.047093463816420815
2025-08-19,-0.34411764705882353,-0.1898455260099464,0.08823529411764705,-0.2411764705882353,-0.4323529411764706,-0.3235294117647059,-0.20329670329670327,0.15384615384615383,-0.4617647058823529,-0.06470588235294117,0.2323529411764706
2025-08-20,-0.01764705882352941,-0.33554092969199834,-0.4382352941176471,0.22058823529411767,0.5117647058823529,-0.37941176470588234,-0.5549450549450549,0.005494505494505494,0.3058823529411765,0.36470588235294116,0.2441176470588235
2025-08-21,-0.3147058823529411,0.1250920132623678,-0.18529411764705883,-0.3411764705882353,-0.19705882352941176,-0.07058823529411765,0.054945054945054944,0.054945054945054944,-0.28529411764705886,-0.3029411764705882,-0.13529411764705881
2025-08-22,-0.0058823529411764705,0.5194997727248921,-0.5794117647058823,-0.2323529411764706,-0.008823529411764706,0.3058823529411765,0.4450549450549451,0.049450549450549455,-0.12058823529411765,-0.1411764705882353,-0.42352941176470593
2025-08-25,-0.6382352941176471,0.007358353721315752,-0.06470588235294117,-0.3558823529411765,0.08241356167873644,0.1764705882352941,0.0,-0.510989010989011,-0.044117647058823525,0.1176470588235294,-0.7529411764705882
2025-08-26,0.19705882352941176,0.4017661131838401,-0.02647058823529412,-0.5323529411764706,0.21176470588235297,0.6176470588235293,0.5164835164835164,0.2087912087912088,0.12941176470588234,-0.15294117647058825,0.3058823529411765
2025-08-27,0.08823529411764705,0.14716707442631505,-0.4647058823529412,-0.032352941176470584,-0.4823529411764706,-0.1176470588235294,0.11538461538461539,0.6263736263736264,-0.6852941176470588,-0.24705882352941175,0.7470588235294118
2025-08-28,-0.02647058823529412,0.09124358614431533,0.33529411764705885,0.0,0.08823529411764705,0.2911764705882353,0.20329670329670327,0.1043956043956044,0.1176470588235294,0.3058823529411765,0.2029411764705882
2025-08-29,0.44117647058823534,-0.11184697656399943,0.19705882352941176,-0.17058823529411765,-0.2735294117647059,-0.3147058823529411,0.07142857142857142,-0.20329670329670327,-0.5411764705882353,-0.1323529411764706,0.55
2025-09-01,0.019131719675420957,0.235640648011782,-0.5562915413314709,-0.13245036698368357,0.09204712812960236,-0.042678451583631365,0.5337006424443076,0.1568089516460079,-0.6136867003577338,0.06622518349184178,0.41795449137073476
2025-09-02,0.307496938523664,0.6034961588048011,-0.02686866453119394,-0.0686643649130512,-0.37019048909644986,0.32242397437432735,0.45857053469115877,0.03314967720658979,-0.3134677528639293,0.307496938523664,0.17912443020795962
2025-09-03,-0.22713963131249046,-0.09003712104548751,-0.03244851875892721,0.19469111255356328,-0.0589973068344131,0.085546094909899,-0.05502068478807294,-0.21182963643408084,-0.023598922733765244,0.27514792899408286,-0.014749326708603275
2025-09-04,0.36764705882352944,0.7520237503184698,0.5441176470588236,-0.1264705882352941,0.4558823529411765,0.4058823529411764,0.6703296703296703,0.14835164835164835,0.6470588235294118,0.44705882352941173,0.45
2025-09-05,0.31111964674662895,0.03113486638160999,-0.35112074418548117,-0.07259458424088008,-0.38964031949696853,0.22519136335946477,-0.2841501233603452,-0.15321820377273515,-0.5051990454314308,0.2385250625057488,-0.11704024806182706
2025-09-08,0.5735294117647058,0.5312731386789974,0.7000000000000001,-0.12058823529411765,0.25,0.5264705882352941,0.43956043956043955,0.016483516483516484,0.5264705882352941,-0.27058823529411763,0.16176470588235295
2025-09-09,-0.030905085629526156,0.4094256259204712,-0.26342906322310394,0.06328184200331548,-0.0014760183777948774,0.4297278573248399,0.37964272503770335,0.2503441157857319,0.244297343547683,0.2045622334525779,0.4356145403018926
2025-09-10,0.2588235294117647,0.7608537747840488,0.6352941176470589,0.5058823529411764,0.7352941176470589,0.5029411764705883,0.6703296703296703,0.23626373626373626,0.8205882352941177,0.31176470588235294,0.6882352941176471
2025-09-11,0.4058823529411764,0.27520242917720916,0.25,0.12352941176470587,0.3852941176470588,-0.01764705882352941,0.22527472527472525,0.2857142857142857,0.4058823529411764,0.6705882352941177,0.3911764705882353
2025-09-12,-0.055882352941176466,-0.07505520795742067,-0.2058823529411765,0.15588235294117647,0.011764705882352941,0.09411764705882353,0.2802197802197803,-0.6428571428571429,0.0029411764705882353,0.24705882352941175,-0.032352941176470584
2025-09-15,-0.02647058823529412,0.38704940574120855,0.03529411764705882,0.39999999999999997,0.4911764705882353,0.5088235294117647,0.6428571428571429,-0.2802197802197803,0.44705882352941173,0.3558823529411765,0.4441176470588235
2025-09-16,-0.08849596025161967,-0.6509241046075408,-0.0530975761509718,-0.48082805070046686,-0.6873186246209128,-0.6342210484699409,-0.49793719733206016,-0.12379654077316414,-0.7758145848725323,-0.43363020523293644,-0.3569337063481993
2025-09-17,-0.4705882352941176,0.5268581264462079,-0.17058823529411765,0.22647058823529412,0.4852941176470588,0.09999999999999999,0.510989010989011,0.03846153846153846,0.34705882352941175,0.4558823529411765,0.15294117647058825
2025-09-18,0.31764705882352945,-0.703458615757786,0.07352941176470588,-0.36176470588235293,-0.5470588235294118,-0.5411764705882353,-0.5,-0.32967032967032966,-0.4735294117647058,-0.07352941176470588,-0.32647058823529407
2025-09-19,0.7000000000000001,-0.0014716707442631505,-0.22058823529411767,-0.15588235294117647,0.03823529411764706,0.38235294117647056,-0.21428571428571427,0.17032967032967034,0.2323529411764706,0.0588235294117647,0.08529411764705883
2025-09-22,-0.08388523242299958,0.08689248895434462,0.4429728940232083,0.30022083182968273,0.3473142956461035,0.06769685423610491,0.13755171197018234,-0.25309515002513555,0.3899927472297349,0.31788088076084053,-0.038263439350841914
2025-09-23,0.13686537921647302,0.2120765832106038,-0.22222228238373573,0.18984552600994642,0.4385578817904188,0.27373075843294603,0.15955998588541154,0.21733170491288817,0.332597588203472,-0.42678451583631366,-0.24724068503620925
2025-09-24,-0.09411764705882353,-0.3752760397871034,-0.02647058823529412,-0.33529411764705885,-0.5529411764705882,-0.4705882352941176,-0.6923076923076923,0.15934065934065936,-0.31176470588235294,0.5029411764705883,0.0588235294117647
2025-09-25,0.007358353721315752,-0.30633284241531666,0.27078741694441966,-0.08241356167873642,-0.09713026912136795,-0.2678440754558934,-0.09903723261853131,-0.19257239675825533,-0.18837385526568326,-0.18984552600994642,0.020603390419684106
2025-09-26,-0.3,-0.11773365954105203,0.008823529411764706,0.42352941176470593,0.27941176470588236,0.19117647058823528,0.010989010989010988,-0.48901098901098894,0.2529411764705882,-0.14411764705882352,-0.02941176470588235
2025-09-30,0.032376756373789305,0.036818851251840944,-0.15894044038042027,-0.09860193986563108,0.1810155015443675,0.15746876963615708,0.15955998588541154,0.14305378044898964,0.06622518349184178,0.11773365954105203,0.05445181753773658
2025-10-01,0.1309786962394204,0.7290132547864506,-0.23105230684931463,-0.08388523242299958,0.596026651426576,0.7505520795742068,0.6923076923076923,0.1868131868131868,0.19867555047552532,-0.035320097862315616,0.2060339041968411
2025-10-02,0.19764097789528393,0.8088580710315928,-0.038348249442368525,-0.26548788075485896,0.3775827637402439,0.4837779160421875,0.8995881962849928,-0.12929860925197142,0.351033975664758,0.2300894966542111,0.256638284729697
2025-10-03,0.09117647058823529,-0.07505520795742067,0.17941176470588235,0.4323529411764706,0.4852941176470588,-0.03823529411764706,-0.1758241758241758,-0.4725274725274725,0.4588235294117647,0.09411764705882353,0.12941176470588234
2025-10-07,-0.5705882352941177,-0.6799118838495756,-0.6852941176470588,-0.15294117647058825,-0.6029411764705882,-0.5676470588235295,-0.5384615384615384,-0.40659340659340654,-0.5323529411764706,-0.06176470588235294,0.09705882352941177
2025-10-08,-0.0411764705882353,-0.08977191540005218,0.10588235294117648,0.14411764705882352,0.19411764705882353,0.3558823529411765,0.12087912087912088,-0.3626373626373627,0.26176470588235295,0.10294117647058824,0.02941176470588235
2025-10-09,-0.39999999999999997,0.11479031805252574,-0.3,-0.1264705882352941,-0.014705882352941175,-0.12352941176470587,0.33516483516483514,0.2967032967032967,-0.05294117647058824,-0.32647058823529407,-0.08529411764705883
2025-10-13,-0.03973511009510507,0.011782032400589101,0.4135394791379453,-0.11331864730826258,-0.30757918555099845,0.31052252703952476,0.1623110201248152,-0.08803309566091672,-0.07211186646889438,-0.3944077594625243,-0.06475351274757861
2025-10-14,-0.10882352941176471,0.18543051377715697,0.3205882352941176,0.6382352941176471,0.611764705882353,0.5735294117647058,0.41208791208791207,-0.4450549450549451,0.6441176470588235,0.14422373293778876,-0.19117647058823528
2025-10-15,-0.3058823529411765,0.03679176860657876,-0.19117647058823528,0.42352941176470593,0.19705882352941176,-0.22647058823529412,-0.23076923076923078,-0.39010989010989006,0.02941176470588235,0.0029411764705882353,-0.3323529411764706
2025-10-16,-0.3941176470588235,-0.5857249562167338,-0.17352941176470588,-0.23823529411764705,-0.2735294117647059,-0.7352941176470589,-0.8186813186813187,-0.16483516483516483,-0.4205882352941176,-0.15882352941176472,-0.055882352941176466
2025-10-17,0.1323529411764706,0.4841796748625765,0.032352941176470584,0.23823529411764705,0.4205882352941176,0.21176470588235297,0.521978021978022,-0.22527472527472525,0.3852941176470588,-0.4205882352941176,0.10882352941176471
2025-10-20,0.08849596025161967,0.3099638593369243,-0.2359892273376524,-0.3185854569058308,-0.35988357168991997,0.7610652581639291,0.2762473100549149,0.6408937593274026,-0.07669649888473705,-0.32743505293099273,0.10029542161850229
2025-10-21,-0.03973511009510507,-0.5441826215022091,0.1751288185673149,0.17660048931157807,0.06769685423610491,-0.30905085629526163,-0.8516483516483516,0.26373626373626374,0.002943341488526301,0.1339220377279467,0.33701260043626147
2025-10-22,0.1692421355902623,-0.7385861561119292,0.023546731908210407,0.23546731908210405,0.014716707442631503,-0.5754232610068919,-0.7307692307692307,-0.10989010989010989,-0.17218547707878862,-0.03973511009510507,0.014716707442631503
2025-10-23,-0.6441176470588235,0.5754232610068918,-0.7088235294117646,-0.2323529411764706,0.22647058823529412,0.42352941176470593,0.5714285714285714,-0.054945054945054944,0.22352941176470587,0.2713876114383003,-0.5264705882352941
2025-10-27,0.017660048931157808,0.1325478645066274,-0.35761599085594553,-0.13245036698368357,0.2516556972689987,-0.09713026912136795,0.1705641228430261,0.09903723261853131,0.2016188919640516,-0.267611589613362,-0.6813835545938387
2025-10-28,0.08849596025161967,0.289299602047796,0.044247980125809834,-0.0265487880754859,0.21829003528732854,0.5280258961679973,0.1568089516460079,0.1458048146883933,0.1386436710608708,0.0589973068344131,0.08259622956817834
2025-10-29,-0.31563559156411014,-0.2878235836700011,0.26253801541313837,0.3392345142978754,0.25958815007141767,-0.16814232447807734,-0.20994795564173535,-0.480670319495552,0.14749326708603278,-0.11538461538461538,-0.15634286311119475
2025-10-30,0.1264705882352941,0.4621046136986292,0.11470588235294117,-0.5882352941176471,-0.4382352941176471,0.17941176470588235,0.521978021978022,0.0,-0.36764705882352944,-0.3529411764705882,0.15882352941176472
2025-10-31,0.6323529411764706,0.20897724568536738,0.3588235294117647,-0.4735294117647058,-0.2352941176470588,0.3205882352941176,0.39560439560439564,-0.2747252747252747,-0.055882352941176466,-0.37233269829857707,0.3323529411764706
2025-11-03,0.55,-0.1486387451705782,0.14705882352941177,-0.12058823529411765,-0.2823529411764706,0.09705882352941177,-0.2747252747252747,-0.25274725274725274,-0.1411764705882353,0.16224259379463604,0.1411764705882353
2025-11-04,-0.42352941176470593,0.1486387451705782,-0.15588235294117647,0.17058823529411765,-0.23823529411764705,-0.22647058823529412,-0.09890109890109891,0.3626373626373627,-0.3029411764705882,-0.21239030460388722,0.3294117647058824
2025-11-05,0.3558823529411765,-0.5194997727248921,-0.11470588235294117,0.0058823529411764705,0.2735294117647059,-0.0823529411764706,-0.6538461538461539,0.016483516483516484,0.21470588235294116,0.12941176470588234,-0.7058823529411764
2025-11-06,-0.06470588235294117,-0.5430465046331027,0.07647058823529412,-0.08529411764705883,0.10294117647058824,-0.5411764705882353,-0.6868131868131868,0.06593406593406594,-0.19411764705882353,-0.40765279616089267,0.03823529411764706
2025-11-07,-0.02647058823529412,-0.09271525688857848,0.5029411764705883,-0.02058823529411765,0.4558823529411765,-0.047058823529411764,-0.34065934065934067,-0.14835164835164835,0.6176470588235293,-0.1264705882352941,-0.2647058823529412
2025-11-10,0.654893481197102,-0.7658321060382915,0.2325239775935778,-0.03384842711805246,0.05003680530494712,-0.38410606425268223,-0.5364516766837113,-0.4401654783045835,0.057395159026262875,-0.2781457706657354,0.24282567280341982
2025-11-11,0.33701260043626147,-0.37702503681885124,0.24282567280341982,0.5459898461216288,0.6033850051478917,-0.07947022019021013,-0.5667130533171513,-0.07152689022449482,0.6122150296134706,-0.28108911215426174,0.4429728940232083
2025-11-12,0.03823529411764706,-0.4621046136986292,0.3029411764705882,0.3147058823529411,0.4058823529411764,-0.11470588235294117,-0.4175824175824176,0.054945054945054944,0.37058823529411766,-0.2207506116394726,0.5529411764705882
2025-11-13,0.17352941176470588,-0.33554092969199834,0.24705882352941175,0.4764705882352941,-0.10294117647058824,-0.2911764705882353,-0.32967032967032966,0.21428571428571427,-0.07647058823529412,-0.050147710809251136,0.36764705882352944
2025-11-14,-0.3735294117647059,-0.14716707442631505,0.0823529411764706,0.4676470588235294,0.3058823529411765,-0.611764705882353,-0.46153846153846156,-0.049450549450549455,0.22058823529411767,0.4617647058823529,0.008823529411764706
2025-11-17,0.538235294117647,-0.4676470588235294,0.3588235294117647,0.17941176470588235,0.08823529411764705,-0.17352941176470588,-0.34065934065934067,0.19780219780219782,-0.06176470588235294,-0.45,-0.011764705882352941
2025-11-18,-0.014705882352941175,0.31176470588235294,0.22352941176470587,-0.08529411764705883,-0.3323529411764706,-0.02058823529411765,0.005494505494505494,0.34615384615384615,-0.3294117647058824,-0.3588235294117647,-0.40294117647058825
2025-11-19,-0.3735294117647059,0.1764705882352941,0.12058823529411765,-0.18529411764705883,0.07941176470588236,0.049999999999999996,0.3021978021978022,-0.20329670329670327,0.2911764705882353,0.06176470588235294,0.008823529411764706
2025-11-20,0.7205882352941175,-0.08823529411764705,-0.1323529411764706,0.11470588235294117,0.03529411764705882,-0.008823529411764706,-0.1758241758241758,0.06043956043956044,-0.24705882352941175,-0.37058823529411766,0.0823529411764706
2025-11-21,-0.3235294117647059,-0.6441176470588235,-0.047058823529411764,0.2029411764705882,0.30882352941176466,-0.27058823529411763,-0.16483516483516483,-0.4010989010989011,0.14705882352941177,-0.2823529411764706,0.09705882352941177
2025-11-24,-0.06470588235294117,0.7617647058823529,-0.711764705882353,-0.7294117647058823,-0.823529411764706,0.5970588235294118,0.521978021978022,0.09890109890109891,-0.6588235294117648,0.4336302052329364,0.4676470588235294
2025-11-25,-0.15294117647058825,0.3294117647058824,-0.2323529411764706,-0.65,-0.8352941176470589,0.19999999999999998,0.2912087912087912,0.1758241758241758,-0.7382352941176471,-0.0411764705882353,-0.1323529411764706
2025-11-26,-0.5209714434691554,-0.43414286955762943,-0.4930096993281554,-0.02501840265247356,0.15452542814763082,-0.5577632120757341,-0.30769230769230765,-0.19780219780219782,0.017660048931157808,0.3649743445772613,0.4032377839281032
2025-11-27,0.19999999999999998,0.02647058823529412,-0.1323529411764706,0.07647058823529412,0.38823529411764707,-0.6411764705882352,-0.1043956043956044,-0.14835164835164835,0.28823529411764703,0.17941176470588235,-0.12941176470588234
2025-11-28,0.4852941176470588,-0.22941176470588234,0.3764705882352941,0.22058823529411767,0.008823529411764706,-0.21470588235294116,0.0,0.010989010989010988,0.1647058823529412,-0.15599709889189395,0.0588235294117647
2025-12-01,-0.24778868870453502,-0.43363020523293644,-0.10029542161850229,-0.39528195579056785,0.22418976597076984,-0.2123903046038872,-0.14364860122855577,-0.35912150307138935,0.2064905739204459,-0.044247980125809834,-0.10914501764366427
2025-12-02,-0.03529411764705882,-0.06176470588235294,-0.011764705882352941,-0.12058823529411765,-0.3529411764705882,0.2911764705882353,-0.2582417582417582,0.1758241758241758,-0.15,0.16764705882352943,-0.0029411764705882353
2025-12-03,-0.2088235294117647,0.27058823529411763,0.37058823529411766,0.09999999999999999,-0.45294117647058824,0.6882352941176471,0.37912087912087916,-0.07142857142857142,-0.3029411764705882,-0.4647058823529412,-0.13823529411764704
2025-12-04,0.14128039144926247,0.41648282062647163,0.166298794101736,-0.1162619887967889,-0.6269317370561021,0.15894044038042027,0.37964272503770335,-0.21733170491288817,-0.2501840265247356,0.08241356167873642,-0.12362034251810462
2025-12-05,0.37186205396858985,0.6385360368942717,0.2933413812182501,-0.14222612422703038,0.028148920419933096,0.3318609565297375,0.6853032386925972,-0.3231511206843142,0.26667398292568195,-0.2829707263266958,-0.06518697360405558
2025-12-08,0.3911764705882353,0.044117647058823525,0.4647058823529412,-0.01764705882352941,-0.3558823529411765,0.4647058823529412,0.23076923076923078,0.0879120879120879,-0.08823529411764705,-0.17404205516151866,-0.09999999999999999
2025-12-09,0.25588235294117645,0.5823529411764706,-0.008823529411764706,0.06176470588235294,-0.13823529411764704,0.18823529411764706,0.5549450549450549,0.06043956043956044,-0.03823529411764706,0.3038361301972275,0.34705882352941175
2025-12-10,-0.5705882352941177,-0.4382352941176471,0.0411764705882353,0.22941176470588234,0.0,0.11176470588235293,-0.45604395604395603,0.13736263736263735,-0.18529411764705883,-0.4176470588235294,0.047058823529411764
2025-12-11,0.11184697656399943,-0.20750557494110425,0.10890363507547315,0.34584262490184037,0.5430465046331026,-0.06328184200331548,-0.15130688316720062,0.19807446523706262,0.41795449137073476,0.2516556972689987,-0.3119941977837879
2025-12-12,-0.10301695209842054,-0.3958794302067875,0.28403245364278806,-0.17660048931157807,0.1339220377279467,-0.7152319817118911,-0.20329670329670327,-0.24175824175824176,-0.09565859837710479,0.48123633337405025,-0.14128039144926247
2025-12-15,-0.032376756373789305,0.2207506116394726,0.1810155015443675,0.30905085629526163,0.22516562387226202,0.12950702549515722,0.335626177207245,-0.25859721850394285,0.33112591745920883,0.16936671575846834,0.20014722121978848
2025-12-16,-0.07941176470588236,-0.0411764705882353,0.44117647058823534,0.7294117647058823,0.5441176470588236,0.3029411764705882,0.34065934065934067,-0.3736263736263736,0.6588235294117648,-0.4297278573248399,0.29411764705882354
2025-12-17,0.25958815007141767,0.12979407503570883,0.14159353640259148,0.37463289839852326,0.1592927284529154,0.28908680348862426,0.2707223638538166,0.07734924681537617,0.2772873421217416,-0.1651924591363567,0.30973586088066885
2025-12-18,0.06176470588235294,-0.4382352941176471,-0.10882352941176471,-0.39999999999999997,-0.19705882352941176,-0.03529411764705882,-0.5054945054945055,0.45604395604395603,-0.2411764705882353,-0.2529411764705882,-0.18823529411764706
2025-12-19,0.08928571428571427,0.07352941176470588,-0.028571428571428564,0.30882352941176466,0.008823529411764706,0.6647058823529411,0.3021978021978022,-0.20329670329670327,0.17058823529411765,0.1268990676514813,0.4617647058823529
2025-12-22,-0.014749326708603275,0.24188895802109375,0.37463289839852326,0.0029498653417206555,-0.2920366688303449,0.14749326708603278,0.30387204106040644,-0.20442300944063704,-0.09734555627678164,-0.3362846489561547,-0.2389390926793731
2025-12-23,0.3657833023733612,0.5250760308262767,0.0,0.1386436710608708,-0.15044313242775342,0.5162264348011146,0.29834709485930816,0.30387204106040644,-0.28318707280518296,0.05014771080925114,0.3126857262223895
2025-12-24,-0.09117647058823529,0.1176470588235294,-0.1411764705882353,-0.008823529411764706,-0.18235294117647058,-0.2529411764705882,0.15934065934065936,0.12087912087912088,-0.2441176470588235,0.10914501764366424,-0.0411764705882353
2025-12-26,-0.047058823529411764,0.2647058823529412,0.2058823529411765,0.17058823529411765,0.4176470588235294,0.14705882352941177,0.0934065934065934,0.39560439560439564,0.3147058823529411,-0.556291541331471,-0.19117647058823528
2025-12-29,0.45722912796670157,-0.10324528696022295,0.09439569093506098,0.17699192050323934,0.3775827637402439,-0.05014771080925114,0.25967247145162003,-0.20442300944063704,0.21829003528732854,0.05029585798816568,0.03244851875892721
2025-12-30,0.17058823529411765,0.31764705882352945,-0.18823529411764706,-0.1764705882352941,0.0029411764705882353,0.3558823529411765,0.23626373626373626,-0.14835164835164835,-0.09117647058823529,0.3834824944236852,0.2529411764705882
2025-12-31,0.5882352941176471,0.7529411764705882,-0.2588235294117647,0.31176470588235294,0.06764705882352941,0.6264705882352941,0.6703296703296703,0.0,0.06764705882352941,-0.0823529411764706,0.15
2026-01-02,-0.36470588235294116,0.7176470588235294,0.34705882352941175,0.4323529411764706,0.5617647058823529,0.6029411764705882,0.8516483516483516,-0.19780219780219782,0.42352941176470593,0.25,0.27941176470588236
2026-01-05,-0.023529411764705882,0.02647058823529412,-0.1176470588235294,-0.0029411764705882353,-0.22058823529411767,0.11470588235294117,0.17032967032967034,-0.2087912087912088,0.09117647058823529,0.055882352941176466,0.19117647058823528
2026-01-06,-0.3,-0.6852941176470588,0.14705882352941177,-0.4147058823529412,-0.5264705882352941,-0.5970588235294118,-0.5164835164835164,-0.13186813186813187,-0.4382352941176471,-0.4558823529411765,-0.023529411764705882
2026-01-07,0.02941176470588235,-0.4176470588235294,0.09411764705882353,-0.3529411764705882,-0.1647058823529412,-0.16764705882352943,-0.25274725274725274,-0.23626373626373626,-0.19411764705882353,-0.3775827637402439,-0.19705882352941176
2026-01-08,-0.35761599085594553,0.2766740999214723,-0.3649743445772613,0.09713026912136795,-0.2045622334525779,0.2384106605706304,0.1678130886036225,0.01100413695761459,-0.1810155015443675,-0.3384842711805246,-0.04120678083936821
2026-01-09,-0.11470588235294117,-0.27941176470588236,0.3029411764705882,0.14411764705882352,0.5,-0.4617647058823529,-0.1043956043956044,0.016483516483516484,0.30882352941176466,0.4705882352941176,0.3735294117647059
2026-01-12,0.15882352941176472,0.45294117647058824,-0.18529411764705883,-0.07352941176470588,0.07941176470588236,0.17352941176470588,0.3626373626373627,0.04395604395604395,0.1176470588235294,-0.6382352941176471,-0.4764705882352941
2026-01-13,-0.16176470588235295,0.2764705882352941,-0.22941176470588234,-0.032352941176470584,-0.34411764705882353,-0.10588235294117648,-0.11538461538461539,0.35714285714285715,-0.3323529411764706,0.4558823529411765,-0.09117647058823529
2026-01-14,0.044117647058823525,-0.7529411764705882,-0.10882352941176471,-0.09705882352941177,-0.1264705882352941,-0.5117647058823529,-0.47802197802197804,-0.1868131868131868,-0.1411764705882353,0.014705882352941175,0.3205882352941176
2026-01-15,-0.055882352941176466,0.24705882352941175,0.06176470588235294,0.14705882352941177,0.7000000000000001,0.5117647058823529,0.42857142857142855,-0.35714285714285715,0.5823529411764706,0.37941176470588234,-0.1176470588235294
2026-01-16,0.2588235294117647,-0.6058823529411764,0.27941176470588236,-0.06176470588235294,0.4588235294117647,-0.32647058823529407,-0.18131868131868134,-0.2967032967032967,0.5882352941176471,0.22352941176470587,0.4441176470588235
2026-01-19,0.15588235294117647,0.5970588235294118,0.014705882352941175,0.26176470588235295,0.07941176470588236,0.3529411764705882,0.5714285714285714,-0.1758241758241758,0.30882352941176466,-0.07352941176470588,0.047058823529411764
2026-01-20,0.3529411764705882,-0.15,0.2911764705882353,0.3382352941176471,-0.05294117647058824,0.2441176470588235,0.18131868131868134,-0.15934065934065936,0.055882352941176466,-0.14411764705882352,0.1176470588235294
2026-01-21,0.2178072701509463,-0.06769685423610491,-0.2207506116394726,0.362031003088735,0.3664460153215245,-0.013245036698368353,0.016483516483516484,-0.08241758241758242,0.28991913661984064,0.5695365780298393,-0.035320097862315616
2026-01-22,0.10882352941176471,0.0058823529411764705,0.3147058823529411,-0.16764705882352943,-0.02058823529411765,-0.2029411764705882,0.049450549450549455,0.0879120879120879,0.17941176470588235,-0.2058823529411765,-0.29411764705882354
2026-01-23,-0.4705882352941176,-0.3970588235294118,0.5588235294117647,0.21764705882352942,0.14411764705882352,-0.7323529411764707,-0.2857142857142857,-0.3736263736263736,0.09705882352941177,0.0058823529411764705,-0.08823529411764705
2026-01-26,-0.008823529411764706,0.3735294117647059,-0.09999999999999999,0.5617647058823529,0.2352941176470588,0.07058823529411765,0.39560439560439564,-0.39010989010989006,0.3058823529411765,0.023546731908210407,0.27941176470588236
2026-01-27,0.27058823529411763,-0.032352941176470584,-0.18529411764705883,0.43529411764705883,0.37058823529411766,-0.22647058823529412,0.19780219780219782,-0.0934065934065934,0.45,0.4823529411764706,0.14705882352941177
2026-01-28,0.09271525688857848,0.0,-0.3237675637378931,-0.6401767737544705,-0.684326896082365,-0.06181017125905231,-0.15405791740660424,0.5061903000502711,-0.596026651426576,-0.3767477105313665,0.12803535475089411
2026-01-29,0.27058823529411763,-0.01764705882352941,0.2029411764705882,-0.3147058823529411,-0.5294117647058824,-0.3205882352941176,-0.25274725274725274,0.39560439560439564,-0.4588235294117647,-0.26176470588235295,-0.2735294117647059
2026-01-30,0.5882352941176471,-0.049999999999999996,0.5647058823529412,-0.65,-0.5323529411764706,0.29705882352941176,-0.049450549450549455,0.2912087912087912,-0.4176470588235294,-0.3147058823529411,0.16176470588235295
2026-02-02,-0.15,0.39999999999999997,-0.21176470588235297,0.02941176470588235,0.31176470588235294,0.34705882352941175,0.38461538461538464,-0.2582417582417582,0.2735294117647059,0.049999999999999996,-0.788235294117647
2026-02-03,0.02941176470588235,-0.7705882352941176,0.32647058823529407,0.014705882352941175,0.2764705882352941,-0.37941176470588234,-0.521978021978022,-0.14285714285714285,-0.09117647058823529,-0.07352941176470588,0.09117647058823529
2026-02-04,0.008823529411764706,-0.4676470588235294,0.1176470588235294,-0.08823529411764705,-0.38823529411764707,-0.2411764705882353,-0.4340659340659341,-0.016483516483516484,-0.3911764705882353,0.05294117647058824,-0.1264705882352941
2026-02-05,-0.2529411764705882,0.4794117647058824,-0.3029411764705882,-0.2441176470588235,-0.35000000000000003,0.488235294117647,0.24725274725274726,0.010989010989010988,-0.38235294117647056,-0.15,-0.3323529411764706
2026-02-06,-0.4147058823529412,0.1411764705882353,-0.22058823529411767,-0.049999999999999996,0.37941176470588234,-0.02647058823529412,0.2802197802197803,-0.39010989010989006,0.3941176470588235,-0.0588235294117647,-0.27058823529411763
2026-02-09,-0.30169250257394586,0.6357617615216811,-0.31052252703952476,-0.055923488281999716,-0.28991913661984064,0.39146441797399806,0.2802197802197803,0.34065934065934067,0.21339225791815683,0.03410009175128713,0.4223695036035242
2026-02-10,0.3,-0.10588235294117648,-0.011764705882352941,-0.2647058823529412,0.14705882352941177,-0.19117647058823528,-0.21978021978021978,0.30769230769230765,0.0823529411764706,0.04129811478408918,-0.32647058823529407
2026-02-11,-0.032376756373789305,-0.4650479551871556,-0.5371598216560499,-0.5489331876101552,0.06475351274757861,-0.026490073396736705,-0.013755171197018235,-0.20082549947646627,-0.4768213211412608,0.02214027566692316,-0.19278886749847268
2026-02-23,0.29705882352941176,0.07941176470588236,-0.3058823529411765,-0.4852941176470588,0.5870232030024104,0.3529411764705882,0.23626373626373626,-0.2912087912087912,0.1323529411764706,0.6852941176470588,-0.2029411764705882
2026-02-24,0.07647058823529412,-0.12352941176470587,-0.2058823529411765,-0.3323529411764706,0.032352941176470584,0.2764705882352941,-0.23626373626373626,-0.021978021978021976,-0.17941176470588235,0.6,-0.4647058823529412
2026-02-25,-0.2676470588235294,0.5794117647058823,-0.31764705882352945,0.3147058823529411,-0.15882352941176472,-0.24705882352941175,0.45604395604395603,0.10989010989010989,-0.032352941176470584,-0.27058823529411763,0.2088235294117647
2026-02-26,0.01764705882352941,0.22647058823529412,-0.0411764705882353,0.36470588235294116,-0.16764705882352943,0.3029411764705882,0.4505494505494505,-0.2967032967032967,-0.008823529411764706,-0.09705882352941177,0.032352941176470584
2026-03-02,0.28529411764705886,-0.38235294117647056,0.09705882352941177,0.1764705882352941,-0.5323529411764706,-0.40294117647058825,-0.21978021978021978,-0.14835164835164835,-0.6911764705882353,-0.1323529411764706,0.28529411764705886
2026-03-03,0.36470588235294116,0.0,-0.18823529411764706,0.2911764705882353,-0.43529411764705883,-0.15294117647058825,0.2087912087912088,-0.2692307692307692,-0.13823529411764704,-0.3205882352941176,0.21764705882352942
2026-03-04,-0.6558823529411765,0.19411764705882353,-0.2588235294117647,-0.3764705882352941,-0.10588235294117648,0.538235294117647,0.32967032967032966,-0.0934065934065934,0.12352941176470587,0.18529411764705883,0.03823529411764706
2026-03-05,-0.1323529411764706,-0.7235294117647059,0.16176470588235295,0.06176470588235294,0.3970588235294118,0.06176470588235294,-0.39010989010989006,-0.3186813186813187,0.2588235294117647,-0.3764705882352941,-0.29705882352941176
2026-03-06,0.3411764705882353,-0.0823529411764706,0.09411764705882353,0.3970588235294118,0.0029411764705882353,-0.17352941176470588,0.016483516483516484,-0.04395604395604395,-0.16176470588235295,-0.3,0.02941176470588235
2026-03-09,-0.4970588235294117,0.28823529411764703,-0.36470588235294116,-0.5441176470588236,0.09411764705882353,0.12058823529411765,0.3681318681318681,0.0,-0.09411764705882353,0.4473879062559977,-0.19705882352941176
2026-03-10,-0.44117647058823534,0.3941176470588235,-0.22058823529411767,-0.4911764705882353,-0.5205882352941177,0.5117647058823529,0.3626373626373627,0.021978021978021976,-0.1647058823529412,0.1323529411764706,-0.19999999999999998
2026-03-11,-0.12058823529411765,-0.06176470588235294,-0.19117647058823528,0.1647058823529412,0.15,-0.55,0.08241758241758242,-0.07142857142857142,0.01764705882352941,-0.18235294117647058,-0.0411764705882353
2026-03-12,0.18837385526568326,0.06181017125905231,-0.026490073396736705,0.5047830652822606,0.4650479551871556,0.5268581264462079,-0.28060549241917204,0.47592892341683096,0.18690218452142013,0.32523923448215625,0.43708621104615575
2026-03-13,-0.3970588235294118,-0.65,-0.05294117647058824,-0.3970588235294118,-0.22222228238373573,-0.4647058823529412,-0.5494505494505494,-0.06593406593406594,-0.31764705882352945,0.07352941176470588,0.0588235294117647
2026-03-16,-0.28108911215426174,0.5886682977052602,-0.488594687095366,-0.2281089653607883,-0.45474625997731355,0.1309786962394204,0.40440203319233614,0.11004136957614588,-0.28991913661984064,-0.37086102755431394,-0.055923488281999716
2026-03-17,-0.044117647058823525,-0.09705882352941177,0.10882352941176471,-0.0029411764705882353,0.6,0.16764705882352943,0.2582417582417582,-0.6098901098901099,0.6411764705882352,0.3558823529411765,-0.0029411764705882353
2026-03-18,0.16176470588235295,-0.36176470588235293,0.5117647058823529,0.55,0.2735294117647059,-0.16176470588235295,-0.20329670329670327,-0.03846153846153846,0.2352941176470588,-0.3941176470588235,0.26176470588235295
2026-03-19,0.42352941176470593,0.39999999999999997,-0.4058823529411764,-0.10882352941176471,-0.5441176470588236,0.1647058823529412,0.04395604395604395,0.5714285714285714,-0.36176470588235293,-0.27058823529411763,0.4205882352941176
2026-03-20,0.4823529411764706,0.008823529411764706,-0.22941176470588234,0.08529411764705883,-0.12058823529411765,0.19705882352941176,0.2857142857142857,-0.18131868131868134,-0.21470588235294116,-0.029498653417206554,-0.16176470588235295
2026-03-23,0.21339225791815683,-0.2104489164296305,0.2192789408952094,0.16777046484599917,0.3296542467149457,0.12656368400663096,-0.3603854853618778,0.17331515708242978,0.244297343547683,-0.46357628444289245,0.37969105201989284
2026-03-24,0.15452542814763082,,-0.07358353721315752,0.055923488281999716,-0.13686537921647302,0.1751288185673149,,,-0.038263439350841914,0.07363770250368189,-0.5077264067707868
2026-03-25,-0.02647058823529412,,0.12352941176470587,0.07352941176470588,0.19411764705882353,-0.1647058823529412,,,0.23823529411764705,-0.22352941176470587,-0.5411764705882353
2026-03-26,-0.1264705882352941,,-0.21764705882352942,0.12352941176470587,0.4852941176470588,0.27058823529411763,,,0.18823529411764706,0.049999999999999996,-0.14705882352941177
2026-03-27,-0.05150847604921027,,0.2796174414099986,0.13539370847220983,0.016188378186894652,-0.5018397237937344,,,0.1780721600558412,0.042804532956051446,-0.18984552600994642
2026-03-30,-0.09411764705882353,,-0.0411764705882353,0.22352941176470587,0.29411764705882354,0.055882352941176466,,,-0.07647058823529412,0.1647058823529412,0.39999999999999997
2026-03-31,0.1647058823529412,,-0.047058823529411764,0.09117647058823529,-0.09999999999999999,0.2647058823529412,,,0.15588235294117647,0.09999999999999999,0.11470588235294117
2026-04-01,0.17926417741115283,,0.5926088509459598,0.41630771778953685,0.24889571739730312,-0.34519465567602164,,,-0.20148700932162633,-0.13481851359020586,0.0014815221273648995
2026-04-02,-0.410596137649419,,-0.055923488281999716,-0.26490073396736713,0.33112591745920883,0.14422373293778876,,,0.46210461369862926,0.09565859837710479,0.04120678083936821
2026-04-07,0.45294117647058824,,-0.8205882352941177,-0.32647058823529407,-0.28529411764705886,0.4058823529411764,,,-0.17352941176470588,0.08849596025161967,0.538235294117647
2026-04-08,0.0823529411764706,,0.06176470588235294,0.4382352941176471,0.34411764705882353,0.22941176470588234,,,0.22647058823529412,0.2029411764705882,-0.3529411764705882
2026-04-09,0.1264705882352941,,0.42352941176470593,0.0029411764705882353,0.1264705882352941,0.6529411764705881,,,0.17058823529411765,0.11470588235294117,0.4264705882352941
2026-04-10,0.3058823529411765,,-0.1323529411764706,-0.5558823529411765,0.023529411764705882,-0.2647058823529412,,,-0.2029411764705882,-0.7109175473546779,-0.1647058823529412
2026-04-13,-0.14705882352941177,,-0.10882352941176471,-0.37941176470588234,-0.45294117647058824,-0.2823529411764706,,,-0.4294117647058823,-0.5235294117647059,-0.28529411764705886
2026-04-14,-0.38235294117647056,,-0.5911764705882353,-0.19705882352941176,-0.18529411764705883,0.33529411764705885,,,-0.008823529411764706,-0.09411764705882353,-0.0411764705882353
2026-04-15,-0.3852941176470588,,-0.5617647058823529,-0.12941176470588234,0.23823529411764705,-0.10882352941176471,,,0.17941176470588235,0.0588235294117647,0.2029411764705882
2026-04-16,0.15882352941176472,,0.15588235294117647,-0.15294117647058825,0.049999999999999996,0.1647058823529412,,,0.0058823529411764705,-0.2088235294117647,0.14705882352941177
2026-04-17,-0.03823529411764706,,-0.2029411764705882,0.11176470588235293,0.38235294117647056,0.7617647058823529,,,0.34705882352941175,-0.044117647058823525,-0.0411764705882353
2026-04-20,0.22352941176470587,,-0.22647058823529412,-0.1764705882352941,0.21764705882352942,0.3235294117647059,,,0.30882352941176466,-0.02647058823529412,0.21764705882352942
2026-04-21,0.10007361060989424,,0.023546731908210407,0.33554092969199834,0.06769685423610491,-0.2369389898263672,,,0.16188378186894656,-0.12803535475089411,0.29874916108541955
2026-04-22,-0.2088235294117647,,0.15588235294117647,-0.044117647058823525,-0.4764705882352941,0.047058823529411764,,,-0.28823529411764703,-0.4323529411764706,-0.014705882352941175
2026-04-23,0.2441176470588235,,-0.2735294117647059,0.1323529411764706,0.4676470588235294,0.19999999999999998,,,0.4705882352941176,0.10294117647058824,0.047058823529411764
2026-04-24,0.10588235294117648,,0.5676470588235295,-0.2735294117647059,-0.055882352941176466,0.06176470588235294,,,0.0,-0.25588235294117645,-0.0588235294117647
2026-04-27,0.28256078289852493,,0.19278886749847268,0.026490073396736705,0.21339225791815683,-0.4091244669051558,,,0.19867555047552532,0.12362034251810462,-0.2104489164296305
2026-04-28,0.02058823529411765,,0.3294117647058824,-0.0823529411764706,-0.3323529411764706,-0.3529411764705882,,,-0.45294117647058824,-0.3558823529411765,-0.4911764705882353
2026-04-29,0.0823529411764706,,0.13529411764705881,-0.2441176470588235,-0.02647058823529412,-0.25588235294117645,,,-0.02058823529411765,-0.02058823529411765,-0.1647058823529412
2026-04-30,-0.5911764705882353,,-0.36764705882352944,0.5823529411764706,0.7264705882352941,0.6352941176470589,,,0.5911764705882353,0.5088235294117647,-0.0588235294117647
2026-05-04,-0.0411764705882353,,0.5411764705882353,0.31764705882352945,0.2823529411764706,-0.5235294117647059,,,0.3294117647058824,-0.3294117647058824,0.25
2026-05-05,0.36055933234447185,,0.5312731386789973,0.3384842711805246,0.5401031631445763,0.5003680530494712,,,0.538631492400313,-0.12371134020618554,0.1339220377279467
2026-05-06,-0.28529411764705886,,-0.6147058823529412,0.19411764705882353,0.1647058823529412,0.39999999999999997,,,0.26176470588235295,0.4058823529411764,0.3558823529411765
2026-05-07,-0.19411764705882353,,0.05294117647058824,0.044117647058823525,-0.3941176470588235,-0.29705882352941176,,,-0.2676470588235294,-0.1764705882352941,-0.2323529411764706
2026-05-08,-0.15588235294117647,,-0.4176470588235294,0.26176470588235295,0.45,-0.03529411764705882,,,0.34705882352941175,0.15,-0.21470588235294116
2026-05-11,-0.055882352941176466,,-0.0058823529411764705,-0.10588235294117648,-0.1264705882352941,0.6,,,-0.05294117647058824,0.1764705882352941,0.0058823529411764705
2026-05-12,-0.22941176470588234,,-0.28529411764705886,0.0,-0.5194997727248921,0.2588235294117647,,,-0.2588235294117647,-0.4382352941176471,0.23823529411764705
2026-05-13,0.21764705882352942,,-0.014705882352941175,-0.15,0.06176470588235294,-0.28823529411764703,,,-0.014705882352941175,0.2911764705882353,0.4264705882352941
2026-05-14,-0.13529411764705881,,0.23823529411764705,0.2323529411764706,0.2029411764705882,-0.17941176470588235,,,0.1764705882352941,0.12979407503570883,0.5823529411764706
2026-05-15,0.02941176470588235,,-0.10588235294117648,0.2352941176470588,0.014705882352941175,-0.5029411764705883,,,0.10294117647058824,0.3529411764705882,-0.19117647058823528
2026-05-18,0.5764705882352941,-0.48901098901098894,0.44117647058823534,0.4441176470588235,-0.12058823529411765,-0.09411764705882353,-0.2912087912087912,-0.06043956043956044,0.17352941176470588,0.09705882352941177,0.011764705882352941
2026-05-19,-0.1192053302853152,0.5474558136413259,0.002943341488526301,-0.41648282062647163,-0.06475351274757861,0.46210461369862926,0.2558461842645392,0.06602482174568754,-0.2663724047116302,-0.5862960673813185,0.055923488281999716
2026-05-20,-0.4794117647058824,0.21428571428571427,-0.5911764705882353,-0.16176470588235295,0.2764705882352941,0.06470588235294117,0.33516483516483514,-0.1868131868131868,-0.0823529411764706,-0.39999999999999997,-0.4441176470588235
2026-05-21,0.0588235294117647,0.5934065934065934,0.13823529411764704,-0.08823529411764705,0.11470588235294117,0.22647058823529412,0.3186813186813187,0.20329670329670327,-0.07352941176470588,-0.4205882352941176,-0.3058823529411765
2026-05-22,0.5470588235294118,0.13736263736263735,0.42352941176470593,0.1411764705882353,0.6205882352941177,-0.30882352941176466,0.13186813186813187,-0.21978021978021978,0.5176470588235293,-0.5,-0.4382352941176471
2026-05-25,-0.14705882352941177,0.06043956043956044,0.36470588235294116,0.3029411764705882,0.3529411764705882,0.055882352941176466,0.25274725274725274,0.18131868131868134,0.4176470588235294,-0.3323529411764706,0.2441176470588235
2026-05-26,0.03529411764705882,0.17032967032967034,0.5117647058823529,0.2647058823529412,0.6970588235294117,-0.0823529411764706,0.532967032967033,-0.005494505494505494,0.5676470588235295,-0.538235294117647,-0.5264705882352941
2026-05-27,-0.5235294117647059,-0.06043956043956044,-0.4264705882352941,-0.26176470588235295,-0.2441176470588235,-0.09411764705882353,0.005494505494505494,-0.0879120879120879,-0.27941176470588236,0.13823529411764704,-0.014705882352941175
2026-05-28,-0.11176470588235293,0.10989010989010989,-0.11176470588235293,-0.4617647058823529,-0.44705882352941173,0.4176470588235294,-0.3021978021978022,0.2747252747252747,-0.4441176470588235,0.33529411764705885,-0.2441176470588235
2026-05-29,-0.2325239775935778,-0.14305378044898964,-0.17218547707878862,-0.29286247810836696,-0.36055933234447185,0.08094189093447328,-0.01100413695761459,-0.1155434380549532,-0.24282567280341982,0.5033113945379974,-0.023546731908210407
2026-06-01,0.36764705882352944,0.016483516483516484,0.4294117647058823,-0.1764705882352941,-0.22058823529411767,0.14705882352941177,-0.15934065934065936,0.17032967032967034,-0.1323529411764706,0.3411764705882353,0.36470588235294116
2026-06-02,0.044117647058823525,0.32967032967032966,-0.2647058823529412,-0.19117647058823528,-0.3235294117647059,0.6,-0.19230769230769232,0.40659340659340654,-0.3411764705882353,0.08823529411764705,0.0058823529411764705
2026-06-03,0.16176470588235295,-0.06043956043956044,-0.2352941176470588,-0.06176470588235294,-0.6,0.06470588235294117,0.027472527472527472,0.21428571428571427,-0.3529411764705882,0.25,0.19117647058823528
2026-06-04,0.8029411764705883,-0.07142857142857142,0.07941176470588236,0.36470588235294116,0.14705882352941177,-0.07941176470588236,-0.21428571428571427,-0.25274725274725274,-0.0411764705882353,-0.6029411764705882,-0.19999999999999998
2026-06-05,0.38823529411764707,0.24725274725274726,-0.2764705882352941,0.25,-0.411764705882353,-0.0411764705882353,0.0934065934065934,0.26373626373626374,0.13529411764705881,0.36764705882352944,-0.18823529411764706
2026-06-08,-0.023529411764705882,0.26373626373626374,0.21764705882352942,-0.01764705882352941,0.6323529411764706,-0.07941176470588236,0.24175824175824176,0.4230769230769231,0.5411764705882353,-0.42352941176470593,0.047058823529411764
2026-06-09,0.6705882352941177,-0.11538461538461539,-0.6264705882352941,0.5264705882352941,-0.2911764705882353,-0.07647058823529412,-0.43956043956043955,0.07692307692307691,-0.22352941176470587,0.02647058823529412,-0.0058823529411764705
2026-06-10,0.06176470588235294,-0.4010989010989011,-0.023529411764705882,0.23823529411764705,0.2088235294117647,-0.31176470588235294,0.1868131868131868,-0.21978021978021978,0.05294117647058824,-0.31493753927231416,0.12058823529411765
2026-06-11,-0.46312885865014286,-0.2802197802197803,0.04129811478408917,-0.7787644502142531,-0.351033975664758,-0.02949865341720655,0.40659340659340654,-0.5549450549450549,-0.7728647195308117,-0.26548788075485896,0.09734555627678164
2026-06-12,-0.10588235294117648,-0.054945054945054944,0.008823529411764706,-0.2088235294117647,0.4735294117647058,-0.19705882352941176,0.21978021978021978,-0.34615384615384615,0.07647058823529412,-0.13529411764705881,0.26176470588235295
2026-06-15,-0.4147058823529412,0.6648351648351648,-0.3911764705882353,0.2588235294117647,0.34411764705882353,-0.19411764705882353,0.30769230769230765,0.5439560439560439,0.4382352941176471,-0.29411764705882354,0.15882352941176472
2026-06-16,0.31764705882352945,-0.42857142857142855,0.3941176470588235,0.44117647058823534,0.3235294117647059,0.09411764705882353,-0.4230769230769231,-0.2802197802197803,0.36764705882352944,-0.08388523242299958,-0.27058823529411763
2026-06-17,0.0823529411764706,-0.40659340659340654,0.02941176470588235,0.3,0.02941176470588235,-0.1764705882352941,-0.1868131868131868,-0.3681318681318681,0.03823529411764706,-0.0823529411764706,0.5529411764705882
