,dealer_net_buy,eps_growth,foreign_net_buy,macd_signal,momentum_20d,revenue_yoy,roa,roe,rsi_14,trust_net_buy,volume_ratio
2022-02-15,0.002549200543975616,0.01553456372392496,-7.18495243437478e-05,-0.0027100278283312407,-0.005567507304485926,0.0015279414907038436,0.011490300011601118,-0.00583149391951206,-0.0014921732720501457,-0.007067002122299585,-0.0026659243545049307
2022-02-16,-0.007881433229211662,-6.18951390368716e-05,0.0016923496521290917,0.008803576619754125,0.0009148869946736713,-0.0020703979216107615,-0.003742985135232857,0.0026869326556082465,0.005901887349856315,-0.006554320752243871,0.0019954975212547466
2022-02-17,-0.005580662645598459,-0.009518510303003483,0.0004308113569296834,0.003366544090784592,0.0036140335650452216,-0.004378966229960535,-0.004522204022467002,-0.0008930081598529926,-0.0053243168318657845,0.005807686508446671,-5.9454199339337155e-05
2022-02-18,-0.0017181295658008264,-0.0021994177690827605,-0.003127736539552478,0.0065138546292635895,0.008287087963256907,-0.0073660557217913505,-0.004604691618730432,0.012799977564287319,0.011226162646185468,0.00043976569653308983,-0.0003155245304393243
2022-02-21,-0.001491032595043601,-0.006258148357314253,0.003066627896669616,0.0010175758341773034,0.00010069518473666307,-0.00019983919459077605,-0.0008304333053477109,0.0013877553301423293,0.0032569342411185864,0.013960057565532072,0.007849390335388461
2022-02-22,-0.009328674858452568,-0.008591128123977573,-0.0012090930231832093,0.00238128628277066,0.0024052664997920763,0.004756182805733802,0.0017381760672162312,-0.006939637957658895,-0.0019969385676243214,-0.002855392598714951,-0.0004943124161168044
2022-02-23,0.0039838911836294795,-0.02403791508149028,-0.00457671529474311,0.0029359363794238917,-0.0030585619823186305,-0.008379099076460467,-0.02662648002367307,0.00221094696074468,-0.0014235019723836222,-0.001381727286699469,0.01956005445240505
2022-02-24,-0.00527140731180394,0.00845949050213296,0.005016764071647621,0.02194526778840495,0.02290122309904647,0.001566038521638502,0.0006675121774638217,0.00794726782451216,0.010221100327830811,-0.01908402908061661,-0.012739769076607529
2022-02-25,-0.0179754762110347,-0.01378459954161256,0.023133037375163756,0.009198846313242266,0.0024319686762118327,0.007888773230234274,-0.004615753438209006,-0.00701126708371928,0.0022018392213518263,0.005654990435971802,-0.03404068465055404
2022-03-01,0.003956994979683695,-0.010695991939513066,0.0019953817867571777,0.005743886032626998,0.005720661276208211,0.001545890495737473,-0.010755260838692363,-0.002783010980762335,0.005720661276208211,0.004272127097171739,-0.0034901154963370706
2022-03-02,0.0055906185970987414,-0.0013418267583359307,0.009039342249927019,-0.001980305939855006,-0.004161320280628582,0.006805921922204213,0.0003071718622170335,-0.004620165468158466,-0.0021080073043241443,0.002332611884483804,0.002207835479338967
2022-03-03,-0.004514269705751065,-0.02479466523817231,0.014359495554438512,0.013895488902633174,0.009491080640954977,-0.003493864154966145,-0.027428317251585583,0.002052896021683903,0.009491080640954977,0.014614175423752197,0.012659138033760184
2022-03-04,-0.020670148915550413,-0.040423924415875306,0.012428123335370606,0.023176632138799325,0.022465979252106978,0.0049817967319435545,-0.013228457508406732,-0.014165588878438645,0.02788606104373606,0.030689852922323357,0.0331711997349047
2022-03-07,-0.004627820441134838,-0.007855775804148406,0.013356449935924572,-0.002989204021607173,0.011094659409716063,-0.007893266583042218,-0.0020002486085971185,0.002130990618381585,-0.0021270884828622043,-0.010282586956581057,0.005888195947827208
2022-03-08,-0.013107291611471191,-0.0030530008086387395,0.004813859053734418,0.00940199541926943,-0.01097571534900497,0.01726150835804226,0.0008896570176812517,-0.0027933833695548884,-7.49207987030074e-05,-0.013085611568939465,-0.012022079976736802
2022-03-09,0.016752927759873793,0.029902901103815,-0.013049923184891399,-0.02732291590142442,-0.03706576074197696,-0.013531454645022182,0.0109112401691502,0.02094371021112355,-0.03688281724789059,-0.004922956763019699,0.004157042676523188
2022-03-10,0.0044744881057722785,-0.01804455481598492,0.0028942550458006897,-0.0034337088621549574,-0.002089095586954637,-0.009502775824129412,-0.013937302864737563,-0.011098537612399892,0.01155971698295355,0.01222661602393659,-0.014799373255113529
2022-03-11,0.006781962875184741,-0.014501613495881352,0.011331979824148233,-0.006818223871075881,0.0030980256903062886,-0.007990243168901595,-0.00487802540988741,-0.003081775605289716,0.011731220127363376,-0.018543794889784117,-0.011534378954825081
2022-03-14,0.024110799195234383,-0.025593503775372523,0.011390001557342488,0.003384925672683975,0.021984365381763616,-0.02963513963684981,-0.027026824973287473,0.013046753520244684,0.021984365381763616,0.009032225944884415,-0.0032745945378626993
2022-03-15,0.0018307043065047086,-0.012212835323935153,0.007820787383037653,-0.008878206257458388,0.0025000216603622283,0.0017204873055674166,0.009035236792541368,-0.016105217031987824,0.0069879184382860005,-0.0026237933566391107,-0.002590031340383307
2022-03-16,-0.014695152699694864,0.03706541849121758,-0.017497530188442044,-0.010967855561964557,-0.03346754452572829,0.017355270964444613,0.03799786922744204,-0.007958273428200806,-0.03340976389641139,-0.02404829424637252,0.02227580994587406
2022-03-17,0.000777553668351157,-0.011544848377006905,0.011440653287538757,0.0025251485174885104,0.0061578413371114835,-0.0008869319531743431,0.003400439135864316,-0.01050027929360255,0.011663330850177067,0.0047576289115890584,0.005882950053774852
2022-03-18,0.01224273596552384,0.008433030396069454,-0.0045319065656064805,-0.0013478461989216341,-0.0029738740968202433,-0.0008841053687978495,0.004110284577409806,0.007093229079020991,-0.002712637903118718,0.0034891076343164153,0.0011519527950157402
2022-03-21,-0.00012136698483226443,-0.0060194918988591235,-0.0017972907844156598,0.0029999669294633975,0.005692978190598219,-0.004638584529533918,-0.0055014506752169385,0.004467356690797342,0.002142134851375377,0.008276204392610731,0.0008670817949915459
2022-03-22,-0.004249573099443349,-0.0029812257487251137,-0.0004951487960017653,0.013622560074376955,0.0016427999697388174,-0.006643790410629365,0.0017215423424774556,-0.003599494755449369,0.01024779411716642,-0.001016653164628456,-0.0025088548507190738
2022-03-23,-0.007600148580266123,0.0016759949890638632,-0.003990499995726177,-0.00265656979639158,0.00017402441728526607,-0.005245059740636872,-0.01177594563570572,0.01411486847691786,0.002613313911352851,-0.004071314333351987,-0.00129085216530266
2022-03-24,-0.007942177824617702,-0.0035594399144203335,-0.003084585547463131,0.005100517109879743,0.0002652499569662144,0.011354472973246533,0.01288892430232208,-0.014059928906435166,0.00482799691226952,-0.0002586400612921887,-0.015182460864514025
2022-03-25,0.002329401291351304,-0.008533130839075772,-0.003434337681804132,0.001986059552457074,0.007693746202097673,-0.010136607130442787,-0.011500813657006503,0.009030926983209786,0.004833552002914678,0.008716776954893793,0.0058875632889790475
2022-03-28,0.012160896738381693,-0.004298290936455118,-0.002377575540667689,0.017576464308739853,0.005857582615791594,0.00312418193184566,-0.02475984075897329,0.004011237275501012,0.0038632869681707593,0.015542293882823225,-0.015156399225989547
2022-03-29,-0.011445004401569722,0.014458920321218547,0.00037989139219465895,0.0055663242277388305,-0.010983359945809937,0.0036404189741796045,0.0022410278361175706,0.0023197061805201678,-0.010257519571744533,-0.002683426381056314,-0.006272761145603026
2022-03-30,-0.0007342276914455619,-0.007052820895313182,0.00906546387627119,0.008422209156849806,0.014212593511365973,-0.011763148768028624,-0.010179304494041216,0.005423097811008877,0.013590710272637242,0.002399130957078851,-0.009163170526428113
2022-03-31,-0.006941985524833097,-0.012395776216142573,0.004093496602418488,-0.0024183449754747455,0.012175593086525428,-0.011563146779617709,-0.001958514323422052,-0.0019857094528018537,0.00857429345263804,-0.01265076036797802,-0.007137645838918211
2022-04-01,0.020060535150836646,-0.022004474939601303,0.02054699599069762,-0.020867371504334802,0.00461340910151233,-0.021473629641038473,-0.022833940333834735,0.005549680663971509,0.008613108563632454,-0.013091170815399586,0.005529121918734392
2022-04-06,0.014998629562028697,-0.020947748802381094,0.012451810744106414,-0.005447871922370406,0.01815975604613526,-0.010751041887438972,-0.009533366356869206,-0.0038480497095011255,0.0208970521069461,0.002524642413714565,-0.011406682231894043
2022-04-07,0.001631150761774447,-0.006794823239121246,0.005392138801374624,0.0029201950131180583,0.005329260445337307,-0.004197653019305655,-0.011541378757071803,0.006375681186102619,0.008378586006763705,0.00034603818639690953,-0.012157092254265478
2022-04-08,0.01896603768730029,-0.015983872658693048,0.024455650598039187,0.005804145911298167,-0.0033446738131450906,-0.022144027692431744,-0.004460658931706977,0.008374252061173334,0.01785557624649638,0.013570937795504659,-0.0038678572899061483
2022-04-11,0.007123884739443337,0.01035993758563013,-0.0039006897856006806,-0.006225701242763014,0.00028135479173312583,-0.007166924852836912,0.001041797776752081,0.006439322166263954,-0.005204889743126448,0.0029651906571844895,-0.0017913990849117898
2022-04-12,-0.010985699238298749,0.026256511288993957,-0.017749430123763826,0.00020896531719486779,-0.02037460113532319,0.014616732878139194,0.016725196644052216,0.005027727133959084,-0.025620697469803427,-0.009788033227327722,0.00929299665723966
2022-04-13,-0.0007522804364872102,8.620886058422796e-05,-0.01060036946894007,-0.012182990901720526,0.0017231796081500859,0.0058026363316566465,-0.006633597927744206,-0.004115091938154181,-0.0007229757945248685,-0.006835020384298257,0.00041771879517822196
2022-04-14,0.005107696904296863,-0.02045443899080184,0.00072084124232096,0.001494343133673008,0.00842641371214689,-0.011421918419475336,-0.017150747198498593,0.002065229357920159,0.009448345008166603,0.009665690809037748,-0.01815956289124404
2022-04-15,-0.0007602928407406395,0.01003052520961579,-0.013943033661357167,0.0065107901995451745,-0.003284662281799763,0.00824360762153912,0.0011036200367673203,0.005041836912134445,-0.00588419778264034,0.004732044312000537,-0.006178897736158873
2022-04-18,-0.008671779015040812,0.009477298239264215,-0.008161158860150036,-0.006805219419037297,-0.011944330934539735,0.00822016126062013,0.009014707472411546,-0.008252796278904462,-0.008647637882058034,-0.011896304375870081,0.005239217984412356
2022-04-19,0.0020112101802891406,0.01377934112894319,0.006486903760615411,0.015064821916452958,-0.0032575216806901928,-0.0005528686000521206,-0.003078159517684604,0.014545143196720808,-0.0017107828056333405,-0.0005545364989161441,-0.011202758108049105
2022-04-20,-0.009576777485287688,0.006371318184640595,0.001055023918021943,-0.0026714010581878793,-0.009926305117846044,0.014840811876629095,0.008396223111896212,-0.006221503539717824,-0.0012459321808125738,-0.0034431580046522066,-0.0026529878466456476
2022-04-21,-0.0015730055184861405,-0.009129692244675875,0.005196398547645651,0.00672476386281288,0.01906975436838082,-0.020187616968132004,-0.01815635421200514,0.00899149395193814,0.00966309402150454,0.0014837932052779723,0.008023209629897405
2022-04-22,-0.015712950564223522,-0.010449446409974038,-0.006352938275014524,0.015468935365408276,0.025288873842159453,-0.01658771633106665,-0.001706926707270351,0.003908802722247046,0.024125502062627296,0.0053236788906788155,-0.0023012998623500227
2022-04-25,0.015440797784804384,0.0036193285546582965,-0.009762354568118869,-0.006942673789745954,-0.009069349183375328,-0.008924793291262409,-0.013292245240111874,0.01615704907146261,0.0021456124703108184,-0.013806290538052721,0.02180901333091374
2022-04-26,0.012827031785431939,-0.02245180827714069,0.011935991209483493,0.004945503508190036,0.013483562771062404,-0.00025276326444311284,-0.02195629281464998,0.005502566846353862,0.005975008491424563,-0.006815684781138687,-0.002349097340444686
2022-04-27,0.029132516899862883,0.018400105120677662,-0.009568696027203913,-0.0019847383287798226,-0.03614247771196216,0.037523851523383396,0.006867818118511929,0.004349362968375181,-0.029033543166384734,-0.0024858310803131016,-0.01367928972171393
2022-04-28,0.00022417839180418307,-0.0034283267878778183,-0.0010705039929004845,-0.012883984511681342,0.0006760765631176058,-0.004577179981292793,0.00561202495526906,-0.015735001716285318,-0.0005405779407470315,0.003788570894457823,0.0006586665374470422
2022-04-29,0.0047437073560080605,0.006197475580797687,-0.0012819769456531944,-0.005374942384154933,0.009115264870895451,-0.004424677261376733,-0.019717583395753042,0.016182671648044065,-0.0003512214014654942,0.006200887140526365,-0.007517567533773528
2022-05-03,0.0047200568540582966,0.012057226394857578,-0.01808607395944426,0.00622981513011959,-0.01942925578578123,0.005605319163110431,0.00522665707456671,-0.006143689480168283,-0.020230710072064582,-0.007519946835185624,-0.007938489663120024
2022-05-04,-0.002080069725845254,0.01059069000726807,0.00048729775907716943,0.015927616215031665,-0.009781025447871147,0.022873131695177917,0.009064953767133972,-0.0036199677285022967,-0.009686554355905394,-0.017254238218712952,0.015197205992636798
2022-05-05,-0.011722664359801044,-0.013551745514237323,0.0014518299209328837,0.002351701897702137,0.013537623501567009,0.015234941122536094,-0.0038939554236538942,-0.00466058322648564,0.0019109194299335441,0.012583245959824286,0.00231270797839094
2022-05-06,-0.0010386847425021932,-0.0040644269943530716,0.01593683422884589,0.006524215499535729,0.007905867043039305,0.022737518868146817,-0.0005271814032185018,-0.015164201434823424,0.006756086879959896,0.010782835990111272,0.004790741884944178
2022-05-09,-0.005858797638620286,0.00556170504382536,0.01750384514276626,0.003944294291073412,0.0030252505231574967,0.012517299819308362,0.0036518414876387335,0.00048347652083711523,0.010170270370773522,-0.010799172439328366,-0.002114757905584602
2022-05-10,0.0028115740993233016,0.014037951995479211,8.938114443738743e-05,0.013003518210618745,0.0017201010953641809,0.006588122402968993,0.005022149463125661,0.01238012318195375,0.005718842328161731,0.0007164300858236716,-0.014626341761516476
2022-05-11,-0.0006917199535627083,-0.00040595979184799777,0.008428567384686243,0.02162940463488331,0.022932609912890783,0.020721525939237394,-0.004317760851658175,0.000838101795920327,0.022932609912890783,0.004658628572530271,-0.023627676227825578
2022-05-12,0.0027288417211872203,0.010464371930256833,0.007497853702609839,0.012435064600190327,0.016460845985369555,0.018698102551262797,0.005301148239013176,-0.005166410766883362,0.01117334864652832,-0.01918336406105342,-0.012272267032252315
2022-05-13,-0.01982053626124125,-0.0007969293520671458,0.0018484072686897244,0.0028440209494266415,0.015296808199704442,0.028790413427438304,-0.003411465875460133,-0.00890895219066514,0.01153796195167763,-0.021856210955484307,-0.010815307380347602
2022-05-16,0.01469867697395183,0.024917884528628614,0.016968929545942056,0.015007861171579031,0.013399430415092515,0.02850645905555953,0.011929405057500248,-0.0026400948739664556,0.01966393078063449,-0.004134724713531619,-0.006373890333032243
2022-05-17,-0.014952769793943868,-0.006420505923688405,0.0031257681536103928,-0.0014386535473144661,-0.009799519705332476,-0.007483336457734191,-0.0024182219781562937,0.0022391204244951828,-0.003356888114492456,-0.008687487954563386,-0.004414348319026484
2022-05-18,-0.012576996672073376,-0.008652540204118087,-0.004785400581482394,0.011808382282465816,0.022186324620242847,0.004971667412294278,-0.023545820867332368,0.020512308567669873,0.018157380316908556,0.003474810096110883,-0.0007163828328494992
2022-05-19,-0.002118272031748747,0.00516335736066283,-0.007367438871385338,-0.009211009147643815,-0.004610064235348969,0.008437590476521132,0.006903640471795036,-0.011723802015289109,0.0011083508638966384,0.005558937394450718,-0.011924488122505739
2022-05-20,0.006924391711812963,-0.0037102565341677976,-0.006043473988620965,0.005224724764914738,-0.007938802111803792,0.0023312499231321433,0.005464265896456044,-0.01940225869365325,-0.007938802111803792,0.006692465494194194,-0.0026801278765984926
2022-05-23,0.006779283696487355,-0.013966659558097255,0.00031512922879279714,-0.010668404257804659,-0.006338935022759914,-0.00791482512916323,-0.013217210525806896,0.0044134506407936995,-0.006338935022759914,-0.008939196577567504,0.007235301999510465
2022-05-24,0.007256820525791546,0.002010155222361254,0.012721957688874871,0.012590416269976146,0.011727159699427761,0.012048832956965239,-0.0027275597863791,0.0066067824648400695,0.011727159699427761,-0.00732108385265708,-0.0034816384300410674
2022-05-25,0.005771857944004653,-0.009014745392015928,-0.007325524497257559,-0.010698747339205561,-0.007678517032354189,-0.01680968100052179,-0.018081113948930232,0.01799574242378954,-0.010676062160666671,-0.008307942484621874,0.004421497712603213
2022-05-26,0.003752760817859486,0.020236709133233294,-0.0035344281746691464,0.0004960949331955233,-0.012406050476935715,0.003457574100930765,0.014719326663066523,-0.0061562541830786355,-0.0037809233079076163,-0.002129134321480819,-0.0034724366186594437
2022-05-27,-0.009254541396592653,0.019771535071300212,-0.018672743132865342,-0.0029756493150071284,-0.013867357187123952,0.001979613130508446,0.02268963742990001,-0.003708261372678304,-0.015355290699254861,-0.003866044163754292,-0.008397967675170278
2022-05-30,0.0020781225393636804,0.024712389173647265,-0.006186380004768732,-5.765152274479074e-06,-0.003074796385547437,0.004941801642896315,0.00015141265452467412,0.024390869513167046,0.0029653143133263997,0.000114514733413007,0.0005426404227568491
2022-05-31,0.0032876730702610006,-0.0002343407541023912,-0.0004969036795133639,0.015333106845557378,0.012172321165697811,-0.00025787426957983063,0.0034889442297002526,-0.02206211025807882,0.003927876948473537,0.016205341563151343,-0.005867135376793212
2022-06-01,0.002549746173451893,-0.00478087757213185,-0.005925039122035421,0.0015792018328800173,-0.0011968672424646038,-0.003749664216288537,-0.004080228615936654,-0.005198441670160277,0.0016518045563203576,0.00382419176166975,0.010054990147243833
2022-06-02,0.010185701132663816,-0.005592907568294364,0.004021791837698824,0.0012846290281239656,0.005674584370419575,0.002255623967852699,-0.008356487814545344,0.003997535072233364,-0.0020714675715567035,-0.002355694168233965,0.010021635029717082
2022-06-06,0.015407857602280658,-0.012661864172453536,-0.01935284275592325,-0.011852311336831473,-0.01953298852698245,-0.0116882457341805,0.002703583362063555,-0.0022518552078573863,-0.01761532447925725,-0.010221392739322339,0.0011654724291874832
2022-06-07,0.007998691044229345,0.021464999967422443,-0.008723320169634934,0.0022548940164156166,0.01921439615344021,0.02118467064253095,0.024447760148248787,-0.002512858486963329,0.015805088560926606,0.010045505225489842,0.019980125178071184
2022-06-08,-0.0013766505769016724,0.00010379236336940934,0.003348619086754138,0.006082234150567198,0.006203136580166108,0.0031006656000935238,-0.008492990838374256,-0.0056481523843744195,0.00504042514706395,0.004781564309527568,-0.0021671500110679587
2022-06-09,0.0061667317826564205,-0.0013465155140226408,-0.004669794586559074,-0.004240863741739423,-0.0008674323620221822,-0.00512107241760267,0.00029863052677664426,0.007423368872786051,-0.0027740352096090977,0.0015928241263086413,0.003454267036152462
2022-06-10,-0.001946315433768192,-0.03221422812618324,0.0007562641972999329,0.004512422665545145,-0.023810848998363027,-0.010250150565224058,-0.010266940530416473,-0.013787091991015596,-0.011228535642676157,0.0006937310973570317,-0.0021283180537340803
2022-06-13,-0.0003138379070657116,-0.008198825340911126,0.009396566542094253,-0.007579730809259963,-0.004764172340235989,-0.0025538355073038326,-0.009793393302438872,0.0007524163327130573,-0.004795932177870185,-0.0013964146035081726,0.0023248553193995214
2022-06-14,0.005498186333352112,0.0024070119417500258,0.0025519109938431095,0.0005855883319058064,0.007309676113172034,0.0032158325139932846,-0.004564981299435741,0.004765616100100531,0.008056721157781785,0.0027409073176500507,-0.0030853915052439598
2022-06-15,-0.010083332555857638,0.0040368075278990525,0.00440970506576871,0.003642929609832655,-0.008933465580022504,-0.00668014075403886,-0.001125582153031416,-0.00018783039763263032,-0.006661822367480881,0.0012015246409582585,-0.0031747818954644957
2022-06-16,-0.00988733686380136,-0.020641771169410406,0.005137980953582348,0.013629246094189546,0.0002521995124635905,-0.010113552120390074,-0.014222083244924837,-0.01221813153895801,0.011741450613766719,-0.0004857038581256856,0.0037589509727748525
2022-06-17,-0.03096390567906417,0.019779869202722438,0.0035454031646788755,-0.019963741860271406,-0.008549287947173828,0.015972152889784468,0.004098319051410855,0.003841736441337858,0.012862667742846667,0.009256098338685589,-0.007394810922309888
2022-06-20,-0.01930959170690346,0.008423993379369638,-0.0025468619874915617,0.015475906623450018,0.0014282680091720623,-0.009096527296695172,0.0006843966986418044,0.0012075910525815026,-0.006890789612771647,0.0036846033976013215,-0.0011506706181442228
2022-06-21,0.01002572066629386,-0.019486157861636703,-0.000420001336878556,-0.0032914912020748748,0.0026411063977568403,-0.020150809552467362,-0.03665370487918738,0.012696465605555651,0.008984005193613614,-0.007203672126898531,-0.015472058426554636
2022-11-15,0.01019127254273063,0.021561925292618772,-0.01914969614462933,-0.005669683868021719,-0.004904907617911902,0.017309087282966873,0.012088233616653954,-0.002598412800785913,-0.016809116335580975,-0.014606117886419263,-0.00985233844587031
2022-11-16,-0.002499962733181186,0.004833872026983784,0.007110035983297097,0.0022475830457629096,0.0019349206605485205,0.001502489307044478,0.00593205879647903,0.009864285016309426,0.004663748061751774,0.006253913778559532,-0.002691463832801629
2022-11-17,0.008708324047692598,0.0006021778479936752,-0.014600967992452085,0.002177932096732875,-0.004834764683966282,-0.003516093701946212,0.004157009456669303,0.004856248881651667,-0.004834764683966282,-8.223441836134127e-05,-0.0022790713956963487
2022-11-18,-0.004117950500152244,-0.01311596616901393,0.00421184989642683,-0.001712962077263245,-0.008489751893556764,-0.009855277832096259,-0.015446341096044721,-0.006276469571735851,0.0002884233993522929,0.017639980364531814,-0.00849143921242142
2022-11-21,0.006781247218760315,-0.00023111901858478357,-0.00908179849195114,0.0009575377409981045,0.008520093669225803,-0.002921047335033086,0.010770765808623314,0.004416799276477127,0.005655901380647542,-0.008058135530053726,0.002280916243442843
2022-11-22,-0.004014466720376235,-0.0027455568412377376,0.004081462074007114,0.007625278155449092,-0.005993199081030335,-0.007887480997507412,0.0027550063268927394,0.0059359670905143975,-0.004400724167571961,0.0013977114818387688,0.008599335174694356
2022-11-23,0.002479033730999133,0.008192607219829322,-0.011056025434539077,-0.006269080554627919,0.0033784692281339703,0.005372323912850882,-0.013375618363492808,-0.006111507530037455,-0.002032437631324102,-0.011571018018140292,-0.01447871796671955
2022-11-24,0.003965462018112006,-0.0016300236430975092,6.216519918419983e-05,0.006109722470670606,-0.010835123380934378,-0.0017300897185666224,-0.005667852378970384,0.0017566878285271519,-0.0023606463906844415,-0.0008893933800261933,-0.008029690312368451
2022-11-25,0.0026608031796446115,-0.0077987060024008945,-0.014950582417866055,0.0048662932178006706,-0.018403997156209433,-0.014282722060011011,-0.004025800571110221,0.012593696186129138,-0.006769015262432268,-0.0007213602406786097,-0.0011169483113103555
2022-11-28,-0.008586175862468218,-0.009181233424893501,0.007664942217893694,0.007392559732327053,0.0004071834136584549,-0.007515154297181451,-0.0110733540082939,-0.005753418530538273,0.006775955424297191,0.017757459743485693,0.007551483729760555
2022-11-29,0.0009890738055913784,0.006783146698870739,0.0026999353474468912,-0.0073680048057183645,0.007259380010391874,-0.001722312063297057,0.004598889090449773,-0.007086529776469692,0.0032111478342070256,0.006529861662870229,-0.006136578845023759
2022-11-30,0.0025020920792117223,0.012008493895557157,-0.008110702552164126,-0.00803714551814233,0.005382867356837555,0.011924370567725922,0.010118288570951853,0.006984814651909625,-0.0029111164355177894,-0.000712229996433231,-0.0015746323180741337
2022-12-01,-0.011030083041081867,0.002390913293311249,-0.0179554119133706,-0.003269794881827817,-0.006356557483490492,0.012190694742000574,0.0014898670864398333,-0.0019552631729927716,-0.007607927366868596,-0.004016345797164644,-0.002964222289149461
2022-12-02,-0.0006225966103253304,-0.0030689315434990665,-0.006123421798886271,-0.009476995759459178,-0.004914045046075788,0.0026569849419385934,-0.005565699453279616,-0.0035116974772200953,-0.01835514772627031,-0.003680255472388446,-0.0011183625763772262
2022-12-05,0.005016120342103896,-0.0042090752156843745,0.0002711770562561864,0.01452640790650378,-0.009306522936161948,0.0027720723332494805,-0.017429802905763864,-0.0017806434727677583,-0.0014477935940196227,-0.00379545954975973,-0.012184007316709388
2022-12-06,-0.006101188543904448,-0.010727151299803062,0.002736145718250584,0.004037609213645886,-0.01667230690916808,-0.011982442720273842,-0.009087087745927832,0.004308372155884458,-0.010877313917929269,-3.38661777362359e-05,0.02276308603063326
2022-12-07,0.012223439995203108,0.00603106328109738,-0.00932886885453744,0.011821199593005604,-0.014269751936870145,0.013576205930446821,-0.003946446194040387,0.003467605605436871,-0.009904322586931183,-0.007421409570415344,0.007363713213306848
2022-12-08,0.014384707505744571,0.012771993900791128,-0.003497541575484986,-0.011550966368827353,0.019549689881886118,0.0019710660788185286,0.017705272037671065,-0.005684655337157378,0.008833134890238754,-0.004848256754995135,-0.0151877840325406
2022-12-09,0.008107395085780797,-0.0059308986382571125,-0.00957200436661181,0.007393842063669859,-0.000991556735331263,-0.0009300321155273255,0.0024045981113397317,0.00796102926394778,-0.0010214820139697045,0.002742899416399991,0.0002371592764096233
2022-12-12,0.0025925719946920203,-0.0019021509395107106,-0.00905812796457467,-0.007941945556630728,-0.007501546534541048,-0.004584721957292795,0.0049974534347501836,-0.003939481080057372,-0.006267476947916628,-0.0018460655326566766,-0.0006030533967187708
2022-12-13,0.0027117282490741745,-0.0017455080537688572,-0.005340687655216161,-0.005970566453762538,-0.0039111742989295095,0.009542716324197769,-0.005994264206980276,-0.0007629744316688773,-0.01859490490628644,-0.00362936768337412,-0.013918480264623112
2022-12-14,-0.0014732004919882171,-0.008786726251402524,-0.0023601345005883068,0.013910346888962125,0.002945716566645782,-0.004180365824177153,0.006812553900680159,0.0010388397403331417,-0.015232922785578733,0.030655314868698824,0.00545659945753868
2022-12-15,-0.010369567254245583,-0.007988790528077643,-0.011227662739577721,0.007955047602117746,-0.0032300864827884863,0.0018018679305280751,0.006004342994096431,-0.004241791667329575,-0.0003478411652535103,0.010043915784831759,-0.007510678240335845
2022-12-16,-0.011067040962688474,0.005474967936655241,-0.017291478122576497,0.02045599466319924,0.018209772721061,0.004227826624385718,-0.004661625047366336,0.011447761431945553,-0.015700480774170834,-0.01479071574353765,-0.022456704719144443
2022-12-19,-0.007660299703853651,-0.015654020443813987,-0.006111954689942644,-0.0007121024799167548,0.018316716645367898,-0.010543616726238065,-0.017246344091395267,-0.004586778348971532,-0.0041608871844552395,5.818318353381646e-05,-0.004803839020793113
2022-12-20,0.005898336394889033,-0.003074956842330297,0.015379495404612337,-0.0022563009740587483,-0.0024269656590062876,0.0016114564130588205,-0.009660180830020479,-0.010619473198029028,0.00010413168844579856,-0.011609584110165013,0.015122014839497055
2022-12-21,0.006170396950640717,-0.005963412986951466,0.0043929042594532675,-0.005721464279953922,-0.005316597597939324,-0.00023316751826603886,-0.002869697697053846,-0.013869072403357958,0.0022917899184759886,-0.006075346391590112,0.009994321895355669
2022-12-22,-0.0056603874772406994,-0.01675589643456421,-0.0009272891531375933,0.004577362040823939,0.01059196645804018,-0.014860999591023123,-0.0189934922121137,-0.011833523957252104,0.0028523380985813846,-0.0005216495691455214,1.3801493726040004e-05
2022-12-23,-0.0040316229036233275,-0.0036927404544166063,-0.004231729328903182,-0.003696777230162605,-0.001720946950811995,-0.0014442838721616205,-0.0020725689331584918,0.006079690878638355,-0.002643183892811855,0.005137378939918058,-0.003570664957095404
2022-12-26,-0.007673177259463168,0.0029741755592234687,-0.0033058178978916664,-0.005823525632301467,-0.006002042295179819,-0.0030695068665642644,-0.0019164786491497703,0.004781719016681636,-0.006753003700053542,-0.0020399455337603845,0.0034428734903018303
2022-12-27,-0.003886001497192296,-0.009024764636940899,0.017482066396193114,0.018788579332622957,0.024175580715070383,0.0005582104996691151,-0.014814905967368636,0.0022174759137916036,0.0181957522913546,0.013173368858505277,0.007967934568235358
2022-12-28,0.003012496225408917,0.0035435510847927343,-0.002020556750307452,-0.006607800661095037,0.001095867006492798,0.004152931053481171,0.007615600285077703,0.008373322505259906,-0.007364050577693904,-0.003944190891563401,0.009158464562045878
2022-12-29,-0.005749987148491499,0.0054132530455877625,0.0034951816243575426,-0.006898719222024471,0.0007619689270057517,0.004182516642436435,0.00021163475080500848,0.0030039163988922666,-0.005453610279616679,-0.0005327304445494896,-0.0061536502502543096
2022-12-30,0.008621192657093971,0.007773672160974762,0.002149192891493383,-0.003975809110128134,-0.013465699282235028,-0.004364963936063966,0.007145368662632268,-0.004488439281275458,-0.01438185346347424,-0.0036015396865537175,-0.0048916358246447285
2023-01-03,0.0001070312443543866,-0.00686024751871279,0.005542680517191145,0.004356240195187358,0.004927371769619946,-0.008696213876534464,-0.005947289105175705,-0.002619198738373,0.003536550347475418,-0.0014365775562018472,-8.762283830686867e-05
2023-01-04,-0.004201936753540868,-0.007205607477502282,-0.006166677065375918,-0.01330297404522319,-0.001078557149528138,-0.012376272831536842,0.008545293455777184,0.0005402741165346408,-0.0024527766432591953,0.00827596508926932,-0.009989595285218903
2023-01-05,-0.013188982114122127,-0.0048376504100885636,-0.01334286864519782,-0.0023086271456573453,-0.0237644405266611,-0.013380562870313379,0.0015769045680935987,-0.004980950032276185,-0.020918690702135995,0.006037622090098106,-0.02010247034796612
2023-01-06,0.010887472332171542,0.012566582177076215,0.0008728193377182288,-0.017699986598119853,-0.01791187098798554,0.010414896248784465,0.026395819393767006,-0.0005651335134616194,-0.012683319996392012,-0.018584129392113364,0.005285809572425509
2023-01-09,0.006028760666575632,0.01172967608530572,0.015082368171172394,-0.0014856528185385742,-0.014148335625024988,0.009529168043867997,0.006158722710925583,-0.002813866197391879,-0.014148335625024988,-0.00438518446813622,0.014168598461873285
2023-01-10,0.010940818042701398,0.021685397315756534,-0.010592482879460676,-0.016615407751302907,-0.01607442090733454,0.011838375349247579,0.015766462667039332,0.003140745498658967,-0.012608745389279244,0.004894662849826981,-0.006777648499241701
2023-01-11,-0.004311513752142745,-0.011140212584777431,0.009069238328631019,-0.0009163865372103135,0.008549509063899294,-0.01649392294777189,-0.003251905451221819,-0.0041543721374947,0.007351234266126041,0.007544773204235171,0.0006405396034470934
2023-01-12,0.009607840361721872,-0.0036811852330536077,-0.013269108029966373,0.005720064253753469,0.016761659581533805,0.010825999966763237,0.012452671083124794,-0.002199126067865172,-0.0016018831510656861,0.0038093459566249472,0.003270685154603899
2023-01-13,0.0005672917939781126,0.007172226291671626,-0.0080143062835021,0.0058196163262585286,-0.004827722698549789,0.005429180560935285,-0.008597464557387005,0.004401267643129203,-0.003332316291423887,-0.0034607519666427873,0.011447201514288297
2023-01-16,-0.00012687341440161445,-0.0014176832246369047,0.0015736128249756916,0.0024256520731259037,-0.0011860271781928187,-0.001557061621607403,0.01141812086181306,-0.002950384598415845,0.004613066922855133,-0.00011735973531644861,-0.004024169060190412
2023-01-17,0.02001264595779815,0.021678947608240483,0.015656976418697323,0.012460738666280651,0.046885007355659036,0.028257843965551165,0.036504347223252874,-0.01558197330167991,0.03393528929324541,0.0013364539912692486,0.013472918225050291
2023-01-30,-0.008424542818523634,-0.01344341923908876,0.00415010655652423,-0.012888500102865508,-0.014058555886281843,-0.0035389766262788527,-0.009384654520808536,-0.007901935652500247,-0.016375605000333204,0.013519095426330738,0.008557993798012198
2023-01-31,-0.0017682382306753082,0.009737237861661705,-0.0025380627859868943,-0.0022551260732844858,0.004531897915067251,0.014315720468297053,0.009798023925336944,-0.0038981758426519146,0.005432542164145904,0.002830547742883503,-0.0015593883337605696
2023-02-01,0.004492879611567654,0.017840421219791052,0.004582636728327492,0.0004993546657449758,0.011419344692521288,-0.001577397565694823,0.025249066641483076,-0.0036157226378248364,0.011419344692521288,0.02386462589554661,-0.015354331907668328
2023-02-02,0.008452369657259123,0.016542885032705717,-0.0029102377791040044,-0.011738129255503504,-0.001709455120753776,0.0164348002368767,0.006011348876925264,0.0059673173791681315,-0.0010214334694466458,-0.014762879867384615,0.007314858408477186
2023-02-03,0.00042269955806301107,-0.011522778179518123,-0.021812649606289886,-0.015552444801684783,-0.02694641921537867,-0.01322912415054649,-0.014016895602323573,0.0044905495348172755,-0.021812649606289886,0.0006915572435317596,-0.010183926694668406
2023-02-06,-0.0024895991473276773,-0.013239833193542919,-0.009520498839884631,-0.010857525546080382,-0.006839313934338509,-0.014291044291816546,-0.005769888986018286,0.005158969649254923,-0.0038638403786672346,0.0038407888265941104,-0.005835831876719914
2023-02-07,-0.005857787720722725,0.022546111880483517,0.0025467735130855953,0.022231962174249626,0.03435230311984925,0.015397805955960742,0.029253732557095364,-0.008626904792715311,0.019391007786322894,-0.012965358340909689,0.009071448268815322
2023-02-08,0.004253781428907708,0.0005967921978160353,-0.004146963711159986,0.0038548086069671306,0.0007167435875969352,-0.006353207676734696,0.0018700106590653724,0.0050016718236678415,0.00021011939468912333,-0.0017884621520136978,0.004611480497809017
2023-02-09,-0.0012203331297285696,0.006580197999048955,-0.0013068499371552966,-0.0023952666259397237,-0.0022218901803525704,0.0015629752336325058,0.014945980317885226,0.008030953438599941,0.004297242221321135,-0.0122555160523867,0.006009156980090774
2023-02-10,-0.004019216740925416,-0.009365008270718334,-0.011974170271481538,-0.01762946715671567,-0.01512740022423087,-0.009509044550851645,-0.015869827566827976,0.0063561790969433405,-0.01482328455865208,0.018720948549106102,-0.010083184297562608
2023-02-13,0.0010211383486388535,-0.004973325523965344,-0.0007481740088287241,0.007827952164744098,-0.0008643077794080285,-0.005767976661418779,0.005143383995786695,-0.004347099036554909,0.004989139356084563,-0.001917664351297292,0.004986857172964746
2023-02-14,0.00837232907983713,-0.013180482791248144,-0.000510747323842986,0.005128539035502691,-0.019244064374565873,-0.004914715858534768,-0.014673100853654327,-0.004745705192238511,0.004395589183357945,0.0014616565468952751,0.00626306383118332
2023-02-15,-0.006674722165173175,0.008759365252185273,0.0004407719522038964,0.002647867234642183,0.0008809892144901652,0.005947123464454565,-0.002396253477806365,-0.002283453189907303,-0.0091180744478672,-0.00999762320753191,-0.006668231147276567
2023-02-16,0.0022725820819382014,-0.018932552400926728,-0.003483111736964371,-0.0049985603737318545,-0.008873553082556173,-0.01899879508623949,-0.01649298291763372,-0.007065814575948848,-0.0058994289153320445,-0.00762201017425948,-0.00436884930541533
2023-02-17,-0.0005100246313743768,-0.004177693398883168,-0.00248909336790402,0.002154771260137818,0.0010815050620797866,-0.006816938376479675,0.0007604238139432007,0.0032370327857295473,0.004520709162668187,0.004908543209675745,0.0016211071699913648
2023-02-20,-0.009301197993592941,0.008680741959059149,-0.010031111874102234,0.008519512303611634,0.0034180309318194895,0.0010610538941337364,-0.001882638026736864,0.001915176661160737,6.10534092367488e-06,-0.0026679052331487207,-0.014909515500959702
2023-02-21,-0.006831369936025872,-0.013110111505899774,-0.01239748882409275,0.01117709561670302,-0.006751094112530035,-0.016046954396413193,-0.013778811152656594,0.006303715341653859,0.005955172383081436,0.009268858640553925,0.0054761234029907235
2023-02-22,0.0012077990884645975,0.021537588681565734,-0.015493893891044747,-0.020952374192428607,-0.0061337073394499095,0.011967285655769313,0.015984836101153903,-0.0065898620415322795,-0.011924801392119721,-0.018314779870509557,-0.01565211218829989
2023-02-23,-0.004945777599518022,-0.01857330004161145,-0.007595425120794039,0.004869756225146006,0.0005145720394837683,-0.008031248371349128,-0.0076391998128924055,-0.007669546776452133,0.00925525907844224,-0.0012844880866584767,0.009075889922420385
2023-02-24,0.049271449323459116,0.05416212605023712,0.03789529870397504,-0.017872303329578825,0.04779075002627747,0.021060331776973036,0.035420223961992105,-0.00778000611912133,-0.004380323888573401,0.005877074473508326,0.025686872007957634
2023-03-01,0.005988967062792033,-0.010589533970985507,-0.0010650201771720547,0.00372345103335293,-0.008657431254909077,-0.008045179247954818,-0.006688611958752219,0.006965058986747079,0.00640220489359473,-0.014749694795192827,0.00520646624516985
2023-03-02,0.00419587940280855,-0.0052897216525504,-0.003143234178569062,0.0018090779172130755,0.004564769282651898,-0.004331935853860408,-0.0009649505023023681,0.0014911191236668029,0.001709864919965165,-0.002673477494712871,0.00150169182984064
2023-03-03,0.001545972889075783,-0.004297249994174654,-0.0002676007212430633,-0.0012081504432582824,0.0012721087218664495,0.002266156859295579,-0.00014555168860408418,-0.0033254219333829216,-0.0008157451820410468,-0.0036902982908864432,-0.006478169014089079
2023-03-06,0.0034028022728814404,0.015078441240560403,-0.01000399294128131,-0.000710671807840531,-0.011457785020683692,0.016408211320099158,-0.004700238338717559,-0.0033091037570896114,-0.013183618097242361,0.008315051078572527,0.007133670856385435
2023-03-07,0.003767444348993565,-0.011634717827151309,-0.005934801881711749,-0.003688030358875595,-0.00036434120198413234,-0.012135164979069116,0.0018959925179200348,0.0015657417148066306,0.008763361403789822,0.002720676355659627,-0.0025497246879091218
2023-03-08,-0.00500371407426034,0.004004033118783223,-0.00676227720027279,0.0030929893733237976,0.0024269076663013256,0.0074780330810189834,0.014901838380721491,0.006034259376941945,0.0014628824572816097,-0.006395123597485675,-0.007734836021587912
2023-03-09,-0.004023741496920419,0.001634044456006862,0.001614511236781099,0.005158020950651793,0.007444458486624644,-0.005779280885545145,0.002411492226071621,0.009382006958391068,0.004646629530156848,0.004726548688761924,0.0020659714667942055
2023-03-10,0.00020839666699580973,0.007695542335888418,-0.006344306840035285,0.004862330213493647,-0.004113018549948814,0.011509324631915702,0.0018720960588503033,0.0023750845372370044,0.0006498169224631398,-0.0037288775509788192,0.0004112386548080025
2023-03-13,0.0069789037847644755,-1.3258920921058528e-05,-0.004795477372200162,0.003646441595195893,-0.003489743425642077,-0.002424580279732644,-0.013483728769614123,-0.0008436929497795034,-0.006049154089418762,0.00307145919726611,0.0048277390111653076
2023-03-14,0.004229521063201791,0.00879849693044647,0.008892518931037558,0.004178558652728722,0.014111407383658422,0.0029778564980913746,0.015639624461730766,0.002444430498638665,0.01568126895354676,-0.01123635392364288,-0.0022034358202794127
2023-03-15,0.011060224261551371,0.0093981278639081,0.004093914891324861,0.012107155777041986,0.016896016764347294,0.005039956229966225,0.006235651464778558,0.0003043698675369946,0.022048530015903567,0.010339385069705498,-0.005849431561006915
2023-03-16,0.00645467445961743,0.004960494711030439,0.008202271295383312,-0.005556193723822933,-0.002539001210911533,-0.007875544415958243,0.0157149769056536,0.009174122082730718,0.0008102313211466776,-0.015798008541301516,0.009856058966088876
2023-03-17,0.005892410056260483,0.005908914465004199,0.01346290202117422,0.008966893911621246,0.00958876735031445,0.008836631420935428,-0.0012825166170881514,0.0018220043459283297,0.008827006141796953,-0.005433496290808072,-0.00846103597547094
2023-03-20,-0.003765189673365828,0.0013624092338243386,-0.007325280016576517,-0.006270680549218015,-0.00854559206038887,0.006500127658428556,-0.004919227221110989,-0.0036981784489207676,-0.008536385961314397,-0.000588264277793682,-0.003322257913041656
2023-03-21,-0.005375339011338946,0.002634184532123312,0.0015984884157158596,-0.01313941378030244,-0.003541474892503227,0.009646269173425814,0.009315129447388179,-0.012147497955402339,-0.004229941627970635,-0.002433966399431756,0.004093601930280707
2023-03-22,-0.00040243235365030206,-0.0003201067209591679,-0.006458532328654953,-0.006496192848239527,-0.0050170854014083095,0.0017841537717356495,-0.009698555886902568,-0.01016601816337026,-0.009233508064434107,0.0017475323508611695,-0.006152928638808379
2023-03-23,0.006800250249114959,0.006931108489790126,-0.008166423539376272,0.015598351453832732,0.007243791336088943,0.011290720968450898,8.405877386250915e-05,-0.00038750153719818714,0.00911985676072205,0.009803141205901653,0.007002709216878363
2023-03-24,0.014274069214382679,-0.012715527582321104,0.00687518477816651,-0.006661171750533203,-0.00594579734780797,-0.006396437656702189,-0.015156495597734687,-0.009798126958407705,-0.0011035522633742836,0.008315644166117889,0.002370758031868129
2023-03-27,0.010171042461845017,-0.014875082471653997,-0.005516191482971712,0.002476989941031932,-0.01436201592457916,-0.00856868017556624,-0.016202949519388943,0.002114976304289621,-0.008724323763921332,0.005877281104954289,0.0001802305527168575
2023-03-28,-0.0032058032227790154,-0.0018948104427525814,-0.005870130860002783,-0.0012938678828208667,-0.0031610552713041045,-0.004753730227177104,-0.005112039138553348,-0.008762643204631954,0.001517672145143774,0.0029061676994526038,-0.003919423782104775
2023-03-29,0.00018283604721784164,0.008542468519841011,-0.010715772106727287,-0.003199781284023003,0.012522414339932722,0.0027001468882086876,0.0122874239477991,-0.0006610789819877136,0.0018213104449611808,0.0017333879091320317,0.008423749616674258
2023-03-30,-0.006850185707534123,0.005389062069385617,-0.008126436108551257,-0.006255200818093387,-0.008218234331645905,0.015191739007893454,-9.700068031137654e-05,-0.0075459943527450375,-0.006840591840961687,-0.004454091553768441,-0.0006773890319542084
2023-03-31,0.0001686511062892564,-0.021015256018102724,-0.010641785180521446,0.010267557590828471,0.008533526255949497,-0.015055535758522717,-0.0010364239946093665,-0.0022703495840255363,-0.0010342750408643317,0.02384557563194815,-0.003370911818619454
2023-04-06,-0.00011937799569298546,-0.0039726541500882395,0.004258335535755506,0.005313350560159136,0.001287329009946353,0.0017661187916091134,-0.0063942732585341635,-0.0038018215588361643,-0.00019870483779887982,0.0014068393763468543,0.005756185937627029
2023-04-07,-0.0003924725712575554,-0.010647623613351032,0.008408223337466039,0.0026581725909469445,0.001950211660697208,-0.0054301711349423925,-0.01377628706698932,-0.004422510701556211,0.008301383514555182,0.003323293596279124,-0.0034455803052394207
2023-04-10,0.0071175306797668465,0.002588746112626013,-0.010246213024089809,0.003611763409863171,-0.0043574050282102665,0.002947528335521717,-0.015881530305648667,-0.002617486841296035,-0.001737146406553554,0.004447736987635195,0.00857458983232597
2023-04-11,0.0015892003072270344,-0.006783196061388589,0.003005907741435397,0.001389223601085556,0.0007983577130570483,-0.0031639926530326137,-0.001543865219714983,-0.0021084188479603507,-0.0006650968532115515,0.0009917695850548691,0.0009288380290406093
2023-04-12,-0.010397191674053358,-0.004763874726775604,0.0030787939971435676,-0.006927534340301475,-0.0028018554737367085,0.004407843341941099,-0.015684518005497954,0.011732449149482719,0.0016748361567322234,-0.0013008749127890462,-0.0011593952460702273
2023-04-13,-0.004653216522040741,0.004153155412051079,-0.006076858892516625,-0.0017387227819282425,-0.005525495283270111,0.016467665304532714,-0.004210558838955288,-0.013872567170843675,-0.010408601135850376,-0.01978740197742231,-0.02178051246231636
2023-04-14,0.010384365533881196,-0.023197906068688268,-0.00962845871329357,0.009517163916157737,0.00671010469589875,0.011569203791517426,0.007562161894328456,-0.00540676499603084,0.0076318127435466105,0.010193140282865156,-0.003672316096942139
2023-04-17,-0.00642227484018045,-0.011075698960535552,0.01291032749247691,0.010867807909859212,0.00885005697842491,0.009192236578940008,0.00676709961069083,0.002628710998784793,0.003813369045738711,-0.00642227484018045,0.01704205856183332
2023-04-18,-0.015139565265602459,-0.007379508840350971,0.0004668975513688516,-0.0015482248061889081,0.024837158552513477,0.008728773207258908,-0.00924128120085856,0.0031652671655952314,0.008755085606979757,-0.011983032576384953,-0.005991192315724184
2023-04-19,-0.008626664958248903,0.01157238434596325,-0.0021291616765853525,-0.011099001234638722,-0.007346662642338705,-0.010594945498287009,0.012134935884847209,0.010783253863160017,-0.011011084419183257,-0.013245761677369924,0.0035345125450263006
2023-04-20,0.011301895475865928,-0.009480086059856665,0.007179050037554369,0.0118846027154396,0.007206252901925151,0.00021494986951571082,-0.01113836944574322,-0.008787590960079028,0.008831309382841601,0.002068377443540455,-0.005322801885745039
2023-04-21,0.008868116940109297,-0.0019041778565801006,-0.005969582628143169,0.0023964221079985264,0.006638658988342316,-0.00197241158157029,-0.015772564705303416,-0.007153160475251423,0.004403152113684047,0.0008320094342711046,0.004637344406533008
2023-04-24,0.012413002785613478,-0.01614882627117546,0.0037228293444087433,0.01630528638571781,0.012880242538662554,0.002282636159199972,-0.009548688055826982,0.006255758739762177,0.01504041330889334,0.004308100780092315,0.0013019055394717467
2023-04-25,-0.01329341949099308,-0.02022814406752859,0.006539951334921505,0.013312568772450472,0.018617304075359192,0.006642211479407986,-0.030421802229078348,-0.024447172203763873,0.009183920890651944,0.01897121966233936,-0.004377254350886141
2023-04-26,-0.01138872745605492,0.01389888283596378,0.012828457159738784,-0.008296046235473817,-0.0019694426848946935,-0.0073386470974095746,0.012407017483471616,-0.0012988845170368397,0.0011054150958625664,-0.007174696568247679,-0.003017007807978339
2023-04-27,-0.0034859587443566067,0.0011381870316777287,-0.0019365410711362774,-0.0064176517960508415,-0.0008545952765682636,0.003251702897320038,0.004182914907230366,-0.005944843371433768,-4.120647223602482e-05,-0.003867420182838477,0.0030312428949116534
2023-04-28,0.0009344211376824119,0.0014307393017822523,0.01687613575870196,-0.00766139687053403,0.0021176159904575196,-0.0028413789373609908,0.010722331246657796,0.014275032331855009,0.003126221926129241,-0.009983459737437101,-0.002147790192162417
2023-05-02,-0.0018191295587378826,0.004320191154799656,-0.006006460410759168,-0.0013353679648211065,-0.0017017586048158802,-8.212830703959362e-05,0.0006845337770357189,0.0018515616842015303,-0.002329719583252269,0.0068150169745719025,0.001546699639151448
2023-05-03,-0.022484726591280053,-0.0021461995151435724,0.0041775361481754345,0.016467539793080938,0.007883499977368646,0.008686958511724343,-0.002747452485515278,0.019429440818218995,0.004098553360867341,0.007508148882982531,0.0028823394538215565
2023-05-04,0.006662940084138785,0.0006920989233385653,0.0021052484494823815,-0.0012632630713742543,0.0014003531875012758,-0.0022372608506582383,-0.0005949698916185575,-0.003065420099310416,-0.0016107461065970607,-0.00016059532884272576,0.006144804062059602
2023-05-05,-0.0037587730465985236,-0.003083931873630559,0.002664253384780592,-0.0006183225193056863,-0.0015864906080467573,0.0054943732073462846,0.0026910960392289756,-0.0010074917965003554,-0.0010998943530488026,-0.0030400365808000243,0.0006285605351878665
2023-05-08,0.0035514391442113364,0.00012084414713231517,-0.0008262972260236015,-0.006421082929379337,-0.0015580137661248918,-0.006533439163282991,0.00012321382975621908,-0.010699840571155398,-0.0010664067931247891,0.009799743568451591,-0.003945798792457619
2023-05-09,-0.011677013951469353,-0.005153434077301381,-0.0013422023641843084,0.0033269425508000348,0.007115832002543251,0.007558022867555339,-0.00471999904809826,0.012448519660406165,0.008863276507302445,-0.006116114072093134,-0.0032396505593497438
2023-05-10,0.008931628674917286,-0.012346531679825218,0.011087377622303876,0.005203176622717891,0.011059256752977403,-0.009668313876259733,-0.008032203814550573,-0.0028233977490353204,0.010065716630033899,0.0033335129531220182,0.00533330517568964
2023-05-11,-0.0028161353892421272,0.001539037920447665,0.03028847697103328,0.0021709931005039857,0.03247525328786703,0.01666826033736845,-0.013580849258734373,-0.008691474744657868,0.03247525328786703,0.03530691101158241,0.0015531370564882776
2023-05-12,0.014877545161937908,-0.002172342759687862,-0.011027606313441286,-0.0021177214996483027,-0.01200526477962513,-0.01796277005542546,-0.013642425455386315,-0.005544906121457045,-0.01200526477962513,-0.007893556025286472,-0.0016302879250681595
2023-05-15,0.01278848611002431,-0.009683974840622517,0.024912174452103697,0.016832240730161225,0.01849757020784537,0.03077727787703155,-0.011735801112685202,-0.02738704670294364,0.022203868070911625,0.02924125809132566,0.019232282831455633
2023-05-16,0.03181657353147416,0.030920092827996515,-0.010428573160187674,0.01901857962318062,0.02037122655653425,0.027210872485681936,0.007618761132443011,0.03788153627699124,0.017796950677260857,0.037050783022181046,0.021654084274586392
2023-05-17,0.010403264248391424,0.0275545986088739,0.005514169063225984,0.02375040288142763,0.016858888921773396,0.02303803531990715,0.016238281332109288,0.02426891057930066,0.0168688713661026,0.020447861678181523,0.025712346434734957
2023-05-18,-0.004505709348157055,0.0002218395852899476,0.0018159872864858262,-0.003599112770991323,0.020094173529340748,0.00708233884370631,-0.000645450068346376,-0.006312158660712312,0.016828540814981714,-0.01868275384063145,-0.008470949683114348
2023-05-19,0.006123341426064216,-0.0013997652071228348,0.005979569310125138,0.011802800835638644,-0.015932735493418792,-0.014003681803532203,-0.016857950249895153,-0.006450235467578169,-0.012806011193719186,0.004915333717171048,-0.011448512561127056
2023-05-22,0.0003450015509479468,0.0033492748190703803,-0.003523219555385241,0.008401375081763252,0.005626043389435277,-0.0007885432897123771,0.0017877161216908743,-0.0015353138485954543,-0.0018951659430084626,0.0013708573917926756,-0.011236578908819905
2023-05-23,-0.006618424033789834,-0.010862253651844733,-0.0038520212370093954,-0.008418568465184961,-0.007186486813335631,-0.006356934645267219,-0.005170341724664962,-0.0004835207333542999,-0.005927462067124264,0.00011111021453224135,-0.001985373863354502
2023-05-24,-0.012780710158529274,0.018572325671694024,-4.06761586426625e-05,0.02292460462497047,0.016837239934775393,0.032008563582038865,0.027695388761278937,-0.01710879855259001,0.02272291805385972,-0.03562355518862553,-0.0059370480193131165
2023-05-25,-0.03046380877477326,0.019245132799812797,-0.01550400540144469,0.018821453745192562,0.000722367806670815,-0.014216561765348412,0.04213382128785451,-0.03031291433331157,-0.029389543897664232,-0.014320210898548263,-0.029454644557938024
2023-05-26,0.008545066215632826,0.004533165007833702,-0.01890902667658968,-0.003419218160336237,-0.010932540118623563,-0.017644593772014112,0.003351406196894409,-0.007226305003558919,-0.017227948531919453,0.004702811016578119,-0.003713416617676389
2023-05-29,0.01902268297600056,0.025322051009605218,-0.0006543722621765724,0.011287895472382514,0.01300493307909915,0.011185954656850822,-0.0007442462372663958,0.021411610281066622,-0.00031939129103629904,-0.0056502450305427705,0.0015916841468488208
2023-05-30,-0.0083478231093079,-0.0074416883425710845,-0.012142243294965938,-0.0059345410737495306,-0.0036228553538238673,0.00025688205010854226,-0.0018643252270326336,0.0010657866719589277,-0.003989553845841283,-0.0035315467427055602,-0.006488016696829506
2023-05-31,0.0032005615046423463,-0.004155111248541288,0.002697362209213553,-0.009320312221327834,-0.002602868836743452,0.006502283605779294,-0.02134026176032333,0.006958973466132519,-0.012261773435595638,-0.001410120609471275,0.006474042555784275
2023-06-01,0.0011995773200608652,0.007954198179316935,-0.010240619538476381,0.0125581351175925,0.01899133084656261,0.015462090671526318,0.010303301498150952,0.001744222517409983,0.007374255437977022,-0.004035526153006877,-0.001990825390256477
2023-06-02,-0.0037989734569033504,-0.00765989328620766,-0.01310206701045034,-0.0060422721825439205,-0.003092306530566894,-0.010987661044251973,-0.014376818265503613,0.002009160297256026,-0.004877654665689753,0.006373072693963264,-0.011287768491172781
2023-06-05,0.006654159784752117,0.0017245719015893668,0.009465261108198841,0.0009698344676743282,0.00948790680293036,0.008881296439863795,-0.0033705380365403785,0.004449581328820193,0.003464537305239934,0.005535574971725253,-0.006048781654135138
2023-06-06,-0.00045397652860742176,0.013981403681891555,-0.003234584194210355,0.02257671996635664,0.028970426000272803,0.02496203805175327,0.01068563982983865,0.003668579151107669,0.02642018131736486,-0.009143893114948601,0.012368151933421556
2023-06-07,-0.013556452897667482,-0.014097573803902263,-0.010971619213916733,0.0027861676110565356,-0.023495228780516696,-0.015972458105083732,-0.0003757280969586274,-0.011666227905265503,-0.023984910767876445,-0.017605122959312686,0.0012971287309368473
2023-06-08,-0.0031767410247821593,-0.0023634426716216774,-0.02721767822028463,-0.008333404017362397,0.02724958762359292,0.035548138354867954,0.007496267049762621,-0.0015436170226580765,0.03100731637955282,0.029208569966585683,0.02907839632883156
2023-06-09,0.0020309397067408883,0.004545965797455105,-0.006902516755989564,0.019129354830607077,-0.015326593939190938,-0.009743153120601358,0.005071497617835467,-0.011874156489690571,-0.0006920749209783916,-0.005181795774520502,0.004984457732661865
2023-06-12,0.007042812059660036,0.022502408007011043,0.004590016172603831,0.030974771615942816,0.03579316881079856,0.02375708364211589,0.018874070552857725,-0.008155213607756432,0.029026678591537625,0.023072005856885115,0.029098231280432242
2023-06-13,0.0072638458654136675,-0.0036083141328095794,0.007021627875318829,0.004984568067470607,0.0030140270221843957,-0.0024434866629831817,-0.0002731370737316108,-0.0008876105862187047,0.008817949356985377,0.014137104641311026,0.015385786059170292
2023-06-14,-0.028674530337643906,0.00023272407918889515,-0.00965408602584015,0.019100758274333884,0.011372329771395647,0.024915936067959877,0.014659676310496028,0.007031601536667043,0.03243239120776845,0.03979445552039565,0.013455015530571407
2023-06-15,-0.016214177998613466,-0.005128775894631463,-0.00450524367229139,0.004723265841941382,0.0010569126324213953,0.012498683586176257,-0.0042601339412910635,0.006109004839907043,0.0055953345630701075,0.0002561304217376196,0.002848396031384361
2023-06-16,0.014498297369330735,0.018309682317875414,-0.02016208990649045,0.0002829911009411914,0.00112745680655039,-0.0020410381982140973,-0.012562816462415508,-0.0018701725434389453,-0.001320978229879921,0.02269173652989605,0.009662415025053253
2023-06-19,0.001321678720782279,-0.014044151757422981,-0.004387703119948488,-0.000924174827509792,-0.01236734878912078,-0.010750562132192934,0.002297028959445243,-0.010008367089038942,-0.02350163576266003,-0.0034196206443920336,0.005153825512485323
2023-06-20,0.0004788006587151763,-0.0020375821853903797,-0.0029697476930290643,-0.003540059954634911,0.009022796343808703,0.014435671432756148,-0.000638634967973765,0.00037904575490218156,0.010767014126712179,0.0039493186198723456,0.00319698697788572
2023-06-21,-0.0018107327729018075,-0.007042458193958184,-0.01049297047225749,-0.00017143476302306816,-0.02231677611090893,-0.007209586107452131,-0.015857979314243858,-0.005067083143753315,-0.010926100323287207,0.016934658494292005,0.0045086705774133136
2023-06-26,-0.004128682245255236,0.0031744031247147213,0.0010520812067474072,-0.017848466364630517,-0.010363863862986017,-0.007915456738569507,-0.0017908973134054817,-0.002909003593680755,-0.015251037109593035,-0.010109613589115394,-0.00786890393502999
2023-06-27,-0.01319967315746251,0.017162635954766643,-0.0028299391415485355,0.006783132330611128,0.01731158135550879,0.0009869599110070484,0.0042176150253458635,-0.0028466190302567917,0.016617934009961366,-0.004699334724080277,0.0009273060431348916
2023-06-28,-0.007413811439703201,0.007085739176191264,-0.0004474938304773377,-0.004539871341049727,0.002322009121838183,0.01827649623486095,0.0007451311037898756,0.007700117699952584,0.005190592957788749,0.0019922309481166245,-0.01808054446528439
2023-06-29,-0.014354612000313535,0.0001931169943159101,-0.003896314044019125,0.0026569669401176055,0.023312210807263423,0.012050932946113313,0.006802094009337585,-0.004947106364490084,0.01702667236679653,-0.0054486099368146,-0.004877274686850388
2023-06-30,0.019896651416662154,0.005144764964166447,0.005928662590568799,0.010305338721169907,0.04095041725836851,0.0194751244685966,-0.008568898695006636,-0.0035016884688081435,0.030302594706041575,0.023807683770378774,-0.031030655379131872
2023-07-03,0.025792169391190795,0.01905493574380357,0.019595840577063827,0.030052994244301013,0.0347219019293626,0.024956193017151695,0.01831351038578366,-0.005816205518936709,0.0347219019293626,0.023178105529153715,-0.006173589764002563
2023-07-04,-0.003007355556383003,-0.009458958058936068,-0.0028052763042846858,-0.0027051308403530094,-0.0029940999023666164,-0.012025108105263999,-0.0015951677986378128,-0.009176502333545352,-0.0029940999023666164,-0.005806678048691644,-0.0013728179924315607
2023-07-05,0.008218979973057242,0.0023377421014593724,0.003958949735690137,-0.0074275881973537745,-0.012015179124548359,-0.00818215104974081,0.0062911535344333976,0.004527057826694474,-0.009770281963376242,-0.0021982639229925216,-0.012774498619293539
2023-07-06,-0.0019879484477490685,-0.000916390265573247,-0.005285718303737688,-0.003082767207821708,-0.004846531604145712,-0.009656933617566876,0.007939552853997795,-0.00830600832101878,-0.006181683680503303,-0.008504132653860241,0.005737451720999949
2023-07-07,0.0012109462749607947,-0.0011835403032270189,0.0026566788714876832,-0.0052426032540560845,-0.0009438150201137214,0.002784238640707426,-0.001463120944832345,0.009723616682677553,0.0015093565989966566,0.0005812135689790925,0.00444135496767432
2023-07-10,0.007588459572132519,0.006893316341268737,0.021261689387546544,0.02353835331402141,0.028336050464670616,0.013090135208941405,0.008542004498364657,-0.008261987728651091,0.031784757505890715,0.014602715107828807,-0.011802361045957294
2023-07-11,0.038259475199781456,0.0022537013288462617,0.03667057294333069,0.03316073267578427,0.0420328900378748,0.028006568769526348,-0.013844245144011075,-0.00016100695223238604,0.035498767692789236,-0.003134899460090721,-0.026675807996548773
2023-07-12,0.018326224614579268,-0.0009147899294040989,-0.011359526143743543,0.007307658520074006,0.01294767198015791,-0.009680588491729905,0.00027570952822647543,0.0008244555343623148,0.007131693008229023,0.017368067822041183,0.0058565294309496
2023-07-13,0.0009659895861187286,0.00504382172981575,-0.00481310102659956,-0.009480565983772764,-0.014080251096195836,0.0009935856404555046,-0.002112047729776431,0.01155898861315241,-0.012277832714742217,-0.009486314412176605,-0.003347032355173242
2023-07-14,-0.001110044455201964,-0.006591171717904401,-0.008224042767526576,0.014163254545218874,0.016066742359556456,-0.0004984577064806135,-0.0008142119519124837,-0.011181741670246844,0.002733413097919348,-0.010915956351011613,-0.003874527727026687
2023-07-17,-0.00915949332331159,-0.0045265552102526,-0.0019511752777796134,0.021615406391615556,0.019454045634503918,0.0027929257358502713,-0.011131728472803507,-0.0029011203523801044,0.019454045634503918,0.006903507018118399,0.010664479178677633
2023-07-18,-0.014523511599156871,0.002777163318359301,-0.021002301062495426,-0.0105862708031265,-0.009617468080201216,-0.007970003607800286,0.0010626805994604829,-0.003425450381443577,-0.016452142529251895,-0.0051930698169737975,0.0010071608309943731
2023-07-19,-0.0018117242123980117,-0.0013645065847159112,0.008366077735008637,0.03131359293069076,0.02336231857117947,0.004228102570480304,-0.01710258377072547,0.00685992497463143,0.025208876577643074,-0.0013478949705688636,0.011151646533042514
2023-07-20,-0.002864569999454382,-0.013457888712743494,0.007314521281402475,0.026143195243353234,0.027756318059416446,0.0005275243528302755,-0.023782448822243007,0.014862496884901136,0.02338983755909027,-0.005399904371361129,-0.0011270423179365148
2023-07-21,-0.014566983533503877,-0.008048573563301603,-0.002078841096304758,0.03198779481632376,0.03690308644174088,-0.003436033370188783,-0.0034044824087657855,-0.014336251588884555,0.03325621930165672,0.03536365908498062,0.005053233060063611
2023-07-24,-0.0006060714564577185,0.009363148475187266,-0.005002670983440899,-0.0038939875235272092,-0.0006307264690774785,0.0060729364536427815,0.006641939539317576,-0.00018385041856117113,-0.0069876358493281086,-0.0019593482576042154,-0.01729792819624071
2023-07-25,0.008844923813206793,-0.015761328861542762,0.00158262304209289,0.03837201544314983,0.016459023355573466,-0.002361736711508189,-0.011439498441812227,-0.0017158668684224736,0.021503749709799503,-0.0007584701046766118,0.0034240888637631552
2023-07-26,-0.0009446420562062665,0.00022049201543870378,-0.00017832094652054774,-0.010897022985711852,-0.013327073178205955,-0.001645589477481224,0.018448028577652265,-0.0048026059613497565,-0.014467321525384474,-0.009342601993711851,-0.014634006427976973
2023-07-27,0.010291482475866042,-0.0003689744322416255,-0.0067327387238821645,0.004454572389377196,0.023942487213714763,0.00038711029209175397,0.014891296782144497,-0.002201856677695291,0.01165629961909792,0.0133808895272201,0.00940303802880075
2023-07-28,0.00581471546457731,0.014306422907877684,0.015767832597657832,-0.04168736804741802,-0.04347546134186484,-0.0014365528192598065,0.002749181315134945,0.003176246382371073,-0.04380309979134349,0.0038463313991473533,-0.000612203210059318
2023-07-31,-0.006462472665350734,0.008137709060249503,-0.00613010915461909,0.003118205830208942,-0.007551145302362875,0.0011348151039454555,-0.009616851254892719,0.005311120356023842,-0.011547571240365834,-0.0047507429850699445,-0.01196099598922675
2023-08-01,-0.0010764462621121289,-0.008331701780730737,-0.0033949685234210183,-0.0014369687388045664,-0.028247237788272955,-0.011737725340324034,0.004552543302416149,-0.01608835315652988,-0.032926123847867445,-0.008045362724034666,0.009058600054614877
2023-08-02,-0.006425461433397514,-0.015130517854126464,0.012021548581449853,0.0061112589600174445,0.010992671902461152,-0.012016293856818813,-0.02211197685795261,-0.003200492265558389,-0.0018512706930000808,-0.014110647866197906,0.0002645093962721501
2023-08-04,0.03151762967535434,0.0034870410849642264,0.025245097618529035,-0.004315950929221842,0.03171875358230678,0.0065001283410401536,0.005159850419625892,-0.0005905203664437293,-0.0017567986252253753,-0.019827602673938016,0.0132296668519154
2023-08-07,0.011846722375213439,-0.008723235091832055,0.006925328482021681,0.016208520124664682,0.016344827073318646,-0.003967776173604498,-0.011317966908844623,-0.004815531514724358,0.009469206007437576,-0.00814411897160609,-0.004504431015893142
2023-08-08,-0.013946986074715858,0.0004764027673870661,-0.008699889215163625,0.006992732292129841,-0.016284878580704244,-0.002702480536411163,-0.0007947813671178583,0.004271555182501848,-0.018603499612701226,0.007220673674972293,-0.020385633128146285
2023-08-09,-0.038099229273226405,-0.008910944979799764,0.005540913777253706,0.009820146738427543,-0.023120543674831073,-0.006464762008570648,-0.0012710351866651037,-0.007415328559000586,-0.022158672949037478,0.019899559272368722,0.008226626860788908
2023-08-10,-0.010171281758368992,0.0012941557216062198,-0.0024227037741181567,-0.012338914808337523,0.012429102562625156,0.009599022381578282,0.005688034840590292,0.01601273717443626,-0.012093802086385701,-0.0093868355636025,-0.010688744941617489
2023-08-11,0.001064991285875682,-0.0017627171343682357,0.0008417844170592968,0.0001993551804896354,0.017455453684811946,0.0006463932151915819,-0.00331062099143183,-0.006773140703825287,-0.00848648764240566,-0.029888925996761212,-0.0024002455404401237
2023-08-14,-0.0031001984552585884,0.008029223604945679,0.004152395815905828,0.0046144234274511,0.005052859070926044,-0.0117405502840248,0.019151905883868357,-0.004466752703794467,-0.0019462649609054508,0.0030700602257676124,0.011817449557173343
2023-08-15,-0.003890721342690343,0.021300241012173777,0.040837086074872075,-0.004820274700904792,0.03474404059668697,-0.007280392615936308,-0.003580289626764507,-0.012763214127075687,0.03791855473683381,-0.034450540007311944,0.021205865554109377
2023-08-16,-0.007396195077529533,0.0020500875898814275,-0.001180655387842048,-0.011437613671576335,0.0038211277923889766,0.004159617921181441,0.010155451285819997,-7.546097628594907e-05,0.00685268810174026,0.0009017469649407286,0.007711073868590583
2023-08-17,-0.022026772572443714,-0.014903850985188372,-0.0051512335585783,0.009131228643496692,-0.012848482598909639,-0.0007501574120807597,-0.012179784986280381,0.014522799026838137,-0.02680923896098869,0.02740076433010758,0.015105232029150872
2023-08-18,0.0029689253948808336,-0.003057113324180618,-0.0015753247179580523,-0.0023703601096662454,-0.004402060766138212,0.0048863981148144315,-0.0035278010870048635,0.0019486262117977176,-0.005381143662110862,-0.0023515335584595545,-0.0033883569089380172
2023-08-21,-0.013485782380452744,0.00828904830320043,-0.01497180676706163,0.003147595480130938,0.010629000813906414,-0.00934199781604092,0.009994625261761574,-0.01655866280070528,0.008349031594483941,-0.01223189015906483,0.009479524669456785
2023-08-22,0.004779810945792931,0.003263355729329037,-0.007898396257431115,0.0018810081089953952,0.004452482686211781,-0.009663768374576942,0.003697873277329307,-0.006068189235124736,-8.095191489044607e-05,-0.0035344946514296225,0.003363622990993881
2023-08-23,0.003947265155812915,0.02141066168706357,0.02150013827447809,-0.02044687996059034,-0.009307742704152577,0.0012398690239894075,0.02482482565821542,-0.018030989936111002,-0.008332609549939474,0.005920465666070945,-0.0019023136082491256
2023-08-24,-0.002465688219589285,-0.002625829188760328,-0.011238138057747826,-0.0018301555710657606,-0.01945795280379578,0.02346251047323571,-0.017174996942818765,0.00329113517542734,-0.028106710981453176,0.007754270258875659,-0.010471786475774448
2023-08-25,-0.009397763546268775,-0.002355030117214256,-0.011567308828004033,-0.01105220865861321,-0.012607584915242146,0.004748006594397355,0.008885848811191291,0.004238743265469543,-0.012657606447456133,0.0001357647662920034,-0.014662209900904517
2023-08-28,0.0019510463805405553,0.004682895621551294,0.004492775691337639,-5.0659994021502903e-05,0.0004248832842797352,-0.001181959552846945,0.0061324915297577744,-0.006387370815680785,0.0018777812009386037,-0.003931940259221593,-0.0045548791604420975
2023-08-29,-0.0024350802143052,-0.0021333567003711438,-0.006635320239581448,-0.001750513239204258,-0.006812865752266399,-0.01102871503769278,0.008306146701707484,0.005989763031380953,-0.004335028692428818,0.002937829250722797,0.006250765159909216
2023-08-30,-0.0007183350901151051,-0.0030475552585003587,0.0009363861444069794,-0.012672290574416156,0.013386267697695733,-0.012369237880413431,-0.003077627756294629,-0.0017805447916894868,0.004441518063962082,-0.014047795422486528,0.003023750083591311
2023-08-31,1.5512962713034803e-05,-0.002870353562308729,0.002332450359131358,0.016769137227285895,-0.02016653712884283,0.022262785134587543,-0.00705499523891793,0.008159029519728984,0.00510956559111982,0.002144908982074367,0.017352524868546465
2023-09-01,-0.009935568555777948,-0.010778239064956877,-0.006884857909902934,-0.002508046262134467,0.01086765462232292,-0.016319693899326842,-0.004921374892901453,0.0004076191628741288,0.00032943811541373026,0.0020624223484346045,-0.0035420207923793816
2023-09-04,-0.005141420145028368,0.006029653044252015,0.005508147663429673,0.012198222226999603,-0.0019233792002489778,0.003504409816880642,0.003413827823863273,-0.0021454642353310738,-0.0052788812811417245,0.007497525886427048,-0.0054076849804856235
2023-09-05,0.003911015337019949,-0.00021971515285448828,-0.002224872147289318,-0.008182900542205987,0.023235157127659202,-0.01812360791951321,0.01113000939192967,-0.004180913407790902,0.0037371461129029147,0.0017366509295655324,-0.011246410978690677
2023-09-06,0.001723007452032475,-0.0055646406032347304,0.0004253298355727797,-0.006871556830407641,-0.0037474150033825855,0.005941135721302587,-0.013951540216330771,-0.0012643262568201954,0.002688575058703846,0.0006935060129212671,0.0008982250608979003
2023-09-07,-0.016584455401268898,-0.01383875285442046,-0.013974195611497292,0.011157296328132097,-0.016519785650674634,0.00986839232352385,-0.007098440338322279,0.00167949593167388,-0.015407063520796238,0.003537053554821682,0.005986817524663605
2023-09-08,-0.025393212374456808,-0.00619277891395012,-0.002489314464802106,0.025427094071404643,-0.009137864241058493,0.00869117293179287,-0.001981818921441688,-0.0021339440192918073,-0.005175875497693872,0.014882629639711504,0.008578456961598414
2023-09-11,-0.008436144493426797,0.019784198825368898,-0.004515639108603901,0.01005375497398898,-0.006255892904034739,0.010637059409546873,0.011125218996561714,-0.005404089652219057,-0.005357990458367712,0.006164839688070986,0.0009103440690430842
2023-09-12,-0.004603979715119259,-0.007465248466256023,0.016733555713605498,0.0057746980341341165,0.007199832749481623,-0.015149661768741957,-0.0032274096997391144,-0.0016335762419441384,0.009110777468994868,0.012042873164149861,-0.0009908353980077798
2023-09-13,-0.0012069373586828993,0.007615340079143201,-0.010457558652739266,-0.011218415110551643,-0.017406244516876484,0.0068369861005279815,0.004637275884985784,0.0010177369281129112,-0.011594127071300364,-7.51223039922224e-05,-0.00595596205462029
2023-09-14,0.004811727464171198,0.018122170200951387,-0.007553584522226301,0.015913522519794325,0.016467321236292735,0.0018333529959625354,0.014731995918690826,-0.019293306942792892,0.008691521443116374,0.01860008127226599,0.010813755945748932
2023-09-15,0.012779162214612024,-0.0005148989359671416,-0.012352401601124597,0.0168067546588196,0.021282267944358464,0.016784135732713812,-0.02845161438367161,0.0063830888379476,0.018972630872613076,0.0068689540569510845,0.023491367792954555
2023-09-18,-0.00014989504376845385,-0.001827445422276669,-0.00034213809677043506,-0.003023294057372533,0.0013080727302881567,0.006385313614288022,0.0022586792142408703,-0.0014605891119123249,-0.0026245157077838532,-0.0031728118746463616,-0.0021057184362021832
2023-09-19,-0.004592205170646874,-0.012023703602084185,-0.0051290133196960075,-0.0029235659475282116,-0.004239992655245615,-0.0033459763141180003,-0.006294573805974109,0.0064380621823281,-0.002397095954631343,-0.00563770128622502,-0.004040750399518964
2023-09-20,0.0028859405482584977,-0.0029880158152520257,0.0038605592894740233,-0.008476467225792494,0.0021188035007690866,-0.005969658496108152,0.0071602132419742275,-0.0012895695721139386,-0.005594287538271644,0.004216507422739954,0.0017633998851300896
2023-09-21,0.012212324110573963,-0.003385791401111606,0.013225240521731916,-0.012664334933076477,-0.009032635354067084,-0.0026602600424910734,-0.009419611737447911,0.0037828324794261423,-0.011859902436331282,-0.0003281681092479245,-0.004195303197213072
2023-09-22,0.0052990864389833945,0.0069090748832222135,-0.0018778474664940537,3.2768168929599335e-05,-0.0024806135551973998,0.006662859706399673,0.0013649092379640253,-0.002013108299687519,-0.0037314428085798807,0.01008427027903184,0.00927695848900926
2023-09-25,-0.008646742096768734,-0.005554814921953904,-0.001066304817777317,0.00441087043143428,0.0039410492969811535,0.007586679765205606,-0.00418492559553694,0.0064103165043363775,-0.00015023009831974243,0.0003944830164694553,-0.0012230813663370033
2023-09-26,0.003625257274540411,0.007568657788548132,-0.009315710261632953,-0.02040659350720355,-0.01331596988661865,-0.0119487065037291,0.006737028255015709,-0.011705158985096442,0.0026227643860023226,-0.008421395143847618,-0.0023611806693321453
2023-09-27,0.006567213098563396,0.001321208745262814,0.01175073806793403,-0.012301919592729952,-0.015181751509216837,-0.016254254610153267,0.007974209917925598,-0.0036632974663186233,0.01510479089336251,-0.0033480536910785634,0.00492320968341418
2023-09-28,0.031775804931206825,0.011180774564573698,0.020377887189111127,-0.008580240684692542,-0.02229788788703076,-0.0204659045688594,0.017885869150605527,-0.011574537028694265,0.02620487890624948,-0.01717722575056942,-0.01457698726854445
2023-10-02,-0.00085836036046615,0.016225467066873233,0.0007724926400137413,-0.010573045092013946,0.018527859521880158,0.0071392664289216074,0.005061136982428438,-0.021430171083799705,0.013955619707514282,0.006187665597297831,-0.015382453329117326
2023-10-03,0.014915935582086518,0.004631849673457764,0.004803863766949459,0.0038353428551908264,0.0176694038739184,-0.007443056867063796,-0.0018375934430604653,-0.017576534473592902,0.010813807674975825,0.005943279526392278,0.0007758071397215762
2023-10-04,0.0006532566532023911,0.008890529268640849,0.010286335919362972,0.0021541579490431673,-0.008332117489149565,0.0066855398935573105,0.012450602225736723,0.0011118272054778666,-0.0012433187178656864,0.005315533170623518,-0.004304071848211466
2023-10-05,0.0047498358173131226,-0.005443040520562066,0.005521084929017909,0.002388186280480302,0.003261453082126313,-0.011697051189027086,-0.0009599631737749288,0.003724662487609942,-0.0003052042641855284,-0.008517203668741249,-0.0031691337640776343
2023-10-06,-0.008916909099757083,0.015853561333132753,0.010006397155609137,-0.02737994155884329,0.002263460524953676,0.01494707293612475,0.010347565850232148,-0.01230600745040535,-0.01897158505115562,0.0132541882982098,0.030724914368055734
2023-10-11,0.005051619159222781,-0.006297012428295131,0.0056011245091370605,-0.005465685570892867,-0.004293513151256155,0.004497136228489722,-0.0012977395982035258,0.003125456626236164,-0.002844661930350721,0.0028355809062933224,0.002725709641595473
2023-10-12,-0.0023135091851227887,0.021109410515111005,0.007718716836947562,0.006636960477082611,0.00848548405380617,-0.014748697800980379,0.014943896784182472,-0.022374711876383235,0.00848548405380617,0.005513790379226576,0.0009494549911129857
2023-10-13,0.004348672952845439,-0.009344500495494141,0.005882413048811347,-0.006139508252162529,-0.0011882634446600164,0.007921846342529043,-0.00870052109992551,0.0029216256943506895,0.008963155585621524,0.0010694775371778526,0.008314916500661518
2023-10-16,-0.0029034792982300475,-0.002921176160036102,0.0008578712360664542,-0.005069756648578783,-0.00018513434335356216,-0.0037653863065550317,0.015505615752591129,0.003186659229399702,0.0028372826674607035,0.007849629495279759,-0.006587838989105495
2023-10-17,0.014059709180784908,-0.022369688601559856,0.005865835099313396,-0.0026834215809928095,0.00083484944095529,0.00636195434746357,-0.015513321710452685,0.021022207636485768,0.013384978726981495,0.01953754033065037,0.008673566137413574
2023-10-18,-0.010846214234615764,0.021923181840500284,0.013540334881058417,0.011579816875398052,0.01599825996079101,-0.010613801810599389,0.030896851831842136,-0.028544718990546614,0.013724090072740355,0.006075272410974673,-0.0015136203425893486
2023-10-19,-0.014521127313288907,0.013844775539492898,0.000200721237675755,0.011306539673862765,0.009344377570294632,-0.004498630732793413,0.018597755978559484,-0.020739339233181442,0.004398228076896771,0.00587954266658485,0.000982476157109547
2023-10-20,-0.008933869862853161,-0.0030293936299017332,0.005390883284056791,-0.0020516282441758182,0.001999908474218798,0.004798178039981615,-0.0039088975092106595,0.004605915132120811,-8.424405383014588e-05,0.0024456817564488895,-0.005723776653034021
2023-10-23,-0.004680585932932302,0.00012733944387226682,0.015539402751818282,-0.014485348311427976,-0.009752947602953421,0.010302812029196307,0.0013911635337664858,-0.0040309260485890674,-0.009752947602953421,-0.0021592659085393575,-0.0015028105718017104
2023-10-24,-0.0014688699749005052,-0.005696963380212648,0.009578645034817443,0.011336385122604719,-0.001036335859190625,-0.013619075102577056,-0.001649993699847899,0.012918354165546467,-0.0023929340872397746,-0.0009888130668520845,-0.003128528584317114
2023-10-25,0.0010815328504845036,-0.0035616426872771088,-0.025768352626132494,-0.012620431484092854,-0.014375384605934943,0.006380866258492157,-0.022761358002110155,0.0010659363240805297,-0.012048143824864004,0.0037304002254772515,-0.010672863779853436
2023-10-26,-0.011728203279046768,-0.0023759322014614837,-0.0062295184552483935,-0.0043170742935142725,-0.006354187491958568,0.011165842231482797,0.0003494586089919741,0.0014006744806133549,-0.005982526837662844,-0.007927203626442439,-0.013339423531316248
2023-10-27,-0.018426794968080345,0.02455290225355648,0.027025645247784353,0.0013287185705862605,0.0177475607879021,-0.010430660002236136,0.0016114345068621123,-0.027830253824625173,0.031154170912982282,0.011859376977523112,-0.004327268347047461
2023-10-30,-0.009399903019143563,-0.01090040060422795,0.01038508071940411,0.018397980971492367,0.015189096398204205,0.0019976028245026014,-0.009350933845890846,0.014508871017265576,-0.012427638451777245,0.0033866382138928912,-0.010348371346688146
2023-10-31,0.0017522194836046743,0.0010407187688766344,0.0030139476303295463,-0.0003825694325573596,0.008615860018269406,-0.0042919035141089175,0.008437521836420195,-0.0005425369240416958,0.011910734338400553,0.00943108146478433,-0.0059021508993011935
2023-11-01,-0.01679358692544388,0.020145623597741708,-0.008663029873658839,-0.016906576988288326,-0.0038946499576439364,-0.003452609447064381,0.02050415311263043,-0.009384573892375125,-0.0012536877455055322,-0.0005618844830942993,0.01229665793583053
2023-11-02,0.005692508765314389,-0.003916625327655021,0.0015774440015901836,4.500802283789263e-05,0.0017631663885679383,0.00667378536151822,-0.0004678798553869514,0.00750534851941805,-0.0017474619224716326,0.008541212891288508,-0.007283507521654686
2023-11-03,-0.015041022380266167,0.0018622444667666018,-0.005336984935818634,-0.004686068121687259,-0.009650485008148007,0.002437557420579958,-0.011838207541844392,0.0072149491600802165,-0.009379044513000756,-0.009439095160441408,-0.002675135611579912
2023-11-06,0.0047592387897593775,0.009269278082440074,-0.0012642653802364217,0.005198417347236676,0.011114420195373249,0.00013974246721645822,0.009784114277500994,-0.011035490597019896,0.009502598679488198,-0.0019603861849139628,0.0020712683641685528
2023-11-07,0.020824916631553614,0.015021378887358864,-0.015734452603489168,-0.0051703303153491,-0.0090456637730289,-0.004410784311562832,-0.004920888404220114,-0.011983874083471957,-0.004264953103030156,-0.009939426591167828,-0.024012097239675866
2023-11-08,0.003803902918158917,-0.00553385034356905,-0.0065235857113969025,-0.010864031547771361,-0.012897686762183983,-0.004297583972625224,0.0005283199066230166,0.006156516847204178,-0.014492969502241087,-0.002418825931529432,-0.015040142118789863
2023-11-09,-0.0013145719702321126,-0.009026653188702938,-0.010969160308959225,0.002037717889398133,0.00027806932666992433,0.0056884486249488275,0.0014103910315007757,0.009262926642421973,-0.007709997050337028,-0.00866464763259367,-0.00976404673383055
2023-11-10,0.009088626801748675,0.02059901511318542,-4.832569414314758e-05,-0.0013629176705606816,0.02096506926446886,-0.009105120995204441,0.017568352469852333,-0.019628777060229308,0.012084197842898159,-0.001152475145321269,-0.011345131825895843
2023-11-13,0.0013699275151506378,-0.0025088500132455964,-0.0010683728097538778,0.0007069134764101188,-0.011721046241204661,0.0001895210710662898,-0.011099675349368713,0.0072301545012860196,-0.005889568705541674,-0.0005712661745311447,-0.006003124865415164
2023-11-14,0.0058582036107970685,-0.0019366421703757401,-0.004358767430453861,0.00033926242461657097,-0.004314806847954267,0.003959044001297929,-0.01043372154288702,0.009516795488633859,-0.005064594271428283,0.00822289352014155,-0.01274921844984713
2023-11-15,0.0112887039155359,-0.010904055338598265,0.009488877155017273,0.005563296115924496,-0.009714647066497311,0.008337293175502497,0.0007859918730118336,-0.007696237235494471,-0.010975874698581838,0.005908177473306714,0.0110412797662147
2023-11-16,-0.009154561515520002,0.0019308010279327215,-0.0036548180414193907,-0.009273567193898935,-0.002513061345335077,-0.012791254571928054,-0.008334439085248096,-0.0028975997904743256,-0.0037445693448679984,-0.012717401384101306,-0.008815528554489268
2023-11-17,-0.0005523605795070552,0.004630265006877752,-0.008967165477667719,-0.009132390322415362,-0.001431805928272569,-0.0008600081116487783,0.005476592348808225,0.00022471762453194844,-0.0021722885139985604,-0.0013884908673483334,0.00019152725944018845
2023-11-20,-0.008347632215978581,0.0012528327519129752,-0.0026210756445954417,0.005577923253519707,0.013298041386335207,0.0009143171016288507,-0.005218655492251645,0.0011856012187033329,0.009031749831021969,0.0034537633276152287,-0.0008100940730655197
2023-11-21,-0.00842060731333085,0.006011033064556516,-0.002710095404994543,0.0007713397081117734,0.012522985787338892,-0.0036851128459782314,-0.008860515963390676,0.003191169486998602,0.007880556268999084,0.009322273212721813,0.009478134510871317
2023-11-22,0.0041137145639623856,-0.007609520926849042,-0.002883866277483077,-0.00040379193669784486,-0.011987371621706664,0.0030419553660417467,0.0025004707938248716,0.006057354985739116,-0.005563564897333682,-0.00814226665016867,-0.005563564897333682
2023-11-23,-0.007042716448346623,0.0019106059338429662,-0.004414730271717672,-0.004484246264905613,-0.0003060766642754287,-0.0032272148053626897,0.0011441240849680197,0.004495231334549525,-0.0019099723536491475,-0.006688215553910461,-0.008231845970720611
2023-11-24,0.012620128223322655,-0.014247110000057859,0.005426074837687247,0.008056147657894624,-0.004586981136335442,0.0013165580487445403,-0.016907847174293316,0.001137359364442629,0.007475460709643325,0.0021447617082473542,0.0014543872648303908
2023-11-27,-0.011537406480616871,0.013145720942718236,-0.0011991673627864876,0.003514721971212784,0.015683036371263104,0.0056364013417421754,0.00994029222669161,0.00869685714165965,-0.004201613645809214,-0.0007001733343599639,-0.014154184274297044
2023-11-28,-0.008567212162437571,0.00204096852462012,-0.0028228268514878807,-0.009132607319722957,-0.007277188283952194,-0.007187114817893303,-0.0007294533159292553,-0.00683409272832521,-0.004363159435607121,-0.007770249749335943,0.00047032316079133807
2023-11-29,0.0016837191290152245,0.008096501927283145,0.0020595421844224657,-0.0036384078860098312,-0.0008931600272722067,0.005128873157964471,0.00866777695791284,-0.001424210908852271,-0.0019109053871496733,-0.006309273718184395,-0.002927421277344753
2023-11-30,-0.008001062947340728,0.0024162136894525137,-0.007019138743695141,-0.0015885710018639272,-0.004966160937193284,-0.0141190321750392,-0.0012618121910748332,-0.001180064156881007,0.0040426288994358335,0.0036635939390627648,-0.010148346681681557
2023-12-01,0.004344247111406546,-0.010015888202756007,-0.007952111932272818,0.010926715368039602,-0.00379956573805601,0.0004706153526282306,-0.01254799628883772,0.003242227137843538,-0.0024054883569252228,0.013297812818730862,0.01293467256898349
2023-12-04,0.006736447584231984,-0.00804164429361782,0.0004702607110122674,-0.0002686739305430008,0.0060715064394316525,0.006603236613257651,-0.005329026833749066,-0.0063514840863777376,0.004675613935693305,-0.0015686807554029514,-0.0008512549602354889
2023-12-05,-0.001864081868578495,-0.000901677757512348,0.006404640334661714,0.0012831720870965422,-0.005544853804925448,0.00791495947546858,-0.00010416714552685669,-0.0025367591529734854,-0.008477764131888887,-0.01379053118062179,0.003750853331519967
2023-12-06,0.0024463580029749537,0.0050495094889580205,-0.0020977748393827076,0.0019441196546179373,-0.0022472517763516553,-0.0038554159127894934,-0.0028712801165754476,0.009559236227531964,-0.005987307970691894,-0.0006180329528146788,-0.0007852372327996349
2023-12-07,-0.0002516887154534464,0.008662348948937285,0.0005221189804216115,-0.004331186983691115,-0.0020071165138557667,-0.0003326763770378216,0.0030834054111720985,0.0015110495870343335,-0.00656104393423553,-0.003334590328257281,0.002874811039083436
2023-12-08,-0.0033773642846070635,0.011016927923107342,-0.003112754362449686,-0.01242384926034254,-0.006262588511296491,-0.007295614337801422,0.009305628502804475,-0.00847616574530228,-0.010692290063139487,0.0030410854082519407,0.00019111473581135806
2023-12-11,0.005976775176369076,-0.0014017694046753089,0.0033594010149241293,-0.013130196348519621,-0.004522326033927483,0.0016840968922902473,0.006547819746940187,-0.020154591433773888,-0.006188827383681678,-0.0018005126538564085,-0.0026041376838915145
2023-12-12,0.002299174742499817,0.011189330535139014,-0.0007050323833647969,-0.006439917016847226,-0.006142965277801875,0.009429908988571526,0.004941153857551006,0.003961978348764772,0.0007325727941853064,0.0065905692481655065,0.016924908247556908
2023-12-13,0.011980580310006983,0.002697725064266448,0.0054941226095058075,-0.0033082864397423837,0.0005389105097428262,-0.001485821847854247,0.004774517736690798,-0.004227195021213196,-0.0005132192234787065,-0.010568663360130829,0.0057825613668405045
2023-12-14,0.021561312554453677,0.008827186003745796,0.013455919760950813,-0.012050027662676027,0.014177164180179983,0.007907075076663503,-0.0036215422875115113,-0.006139734123095614,-0.0018321633753635626,0.0036633737213010633,0.022284919541530158
2023-12-15,-0.005722743819808834,-0.006994622022834999,-0.0009866894928151626,0.0034615162616816186,-0.006294602450028368,-0.0017268517199944544,-0.006256597372137998,-0.012382292781730883,-0.004555019989492991,-0.0038806911857643123,-0.005225560860401601
2023-12-18,0.0038030193291330268,0.0012045012107419946,-0.007891591157079214,0.0010604913187763076,3.4567992664342757e-06,0.00635504908642511,-0.0038506395966600437,-0.002440019780705645,-0.0009997686360758429,-0.0001843011898900737,0.0028249098566409483
2023-12-19,-0.012223057395298775,-0.004881602978148852,0.014226133986065656,0.021481107949254695,-0.016172398726779613,-0.006840307737027873,-0.003830010836212076,0.0025365255984767243,-0.0051686301889102655,-0.007275257098412581,-0.005804511661782206
2023-12-20,0.02142269222280535,-0.003148489767903764,0.004906363160999174,0.008876199754399322,-0.006006110204986009,0.0016932061436222374,-0.006314935896486999,0.00838334259574347,0.00021731958067133794,-0.007517589168226692,0.01326726425498346
2023-12-21,-0.0034453807713111426,0.012517425674034318,-0.0005007234384202066,0.003926370075718101,0.010087167325079648,0.010011277754489744,-0.0033799557664744295,-0.006456489183500835,0.007828742866812548,-0.0007106101633365023,-0.001193109449101069
2023-12-22,0.002900722719515192,0.0013610822242665077,-0.0012329492933602082,-0.006919383860455189,-0.002702900023158039,0.0022058054142631662,-0.001036125975472054,0.0005663093160818513,-0.002948402158013841,-0.0016648511942464195,-0.002260676930250005
2023-12-25,-0.0037762355756846278,0.0029030309576169033,-0.0005119621201605251,-0.00036010988254795784,-0.007842133543508045,-0.00676428168328691,0.005833788122506382,-0.0009481237167924999,-0.00506486349481744,-0.0010686192358265916,-0.001840449178701316
2023-12-26,0.030935993677243374,0.014346177884947353,-0.009770016456362144,-0.004300986811835744,0.012035073344105984,0.003052648757298427,0.005499612264499891,-0.017103798610755838,0.009584484823617947,0.027391337203849307,0.0003833585935816468
2023-12-27,-0.0014977780417962383,-0.0071738670323641856,-0.001503167068366266,-0.0008430233295386724,-0.013362917473927075,-0.0010362399883329099,-0.0053180886556743285,0.006297504373572682,-0.00852830666529795,-0.011425253044772673,-0.008929643478704934
2023-12-28,0.018081240834806576,-0.00044426000755276585,-0.011842459618226183,0.015079767068136454,0.015611497471259441,0.0015207204951504885,-0.005838770515263251,0.0020260845435485786,0.0035590328378353278,-0.004812889254596553,-0.01628606769621786
2023-12-29,0.005298534222256753,-0.015846469948854247,0.026192184789005063,-0.03009519760896438,-0.03119733720962096,-0.009409866153780153,-0.0013581464351129315,-0.00021856238657095694,-0.01300110759606223,0.0013232354545939518,0.005099606312059542
2024-01-02,0.006918868957234342,-0.011510251434217217,0.006396087793275209,0.012066629089237484,-0.0021245844685872095,-0.0014803245482637624,-0.00927594983289289,0.006058251981074458,0.0033029332276104575,-0.004913736121725864,0.009482486444607408
2024-01-03,-0.0003638347286876731,-0.003683504707808316,-0.007087245165351799,0.00821548671664668,0.005819964710860169,-0.0013382663728784088,0.003325103962824409,-0.0023556752031259434,-0.0006710939317947362,-0.0032868273759715425,0.005945418097549671
2024-01-04,0.0010736030177398805,-0.006177726864833338,-0.0032402588344439725,-0.0013830244741651803,-0.004024002155655589,0.0025815762882323103,-0.00305940481059704,0.003121290005548912,0.002703796235501192,-0.0014054727964796418,-0.0008452993648991975
2024-01-05,-0.005208352664522474,0.0052678044241449284,-0.00706906281192519,-0.01186183151166098,-0.018420213666043628,0.0009060191844956584,0.01705985133096185,0.0038121147173767467,-0.01881308948037106,-0.005390440453068597,0.005491989953659866
2024-01-08,-0.015679905625465906,0.013103553365727272,-0.0035422208772431336,0.004633622092521346,0.005646026407494231,0.00752897561749948,0.00967543129920854,-0.008076952842991186,0.0019969926182077753,0.005442980299007648,0.0030845709788252518
2024-01-09,-0.005393778081038654,0.0003224063364765939,0.0007578408050689008,0.00844483650051254,0.009378700905601426,0.0002805433800970778,0.005328096296532803,-0.006412170532098341,0.004133831461055679,-0.0012344038110271849,0.005182540639394171
2024-01-10,-0.01664775835439914,0.009075607725738927,0.007610367854042344,0.014241870233101825,0.013367945099343812,0.0020714226842402927,0.0033298423886590767,0.006671027134634559,0.010912554341527658,-0.001692335803273872,0.008734484952482403
2024-01-11,0.014778836603310594,-0.0012897073980582263,-0.0030712775487673296,0.005245783872615428,0.006669558145867413,-0.0035529660675820787,-0.0024250963389727542,-0.0017129186233112066,0.0060491196615939935,0.0062910354625349,0.0026453495805851173
2024-01-12,-0.0038811460658091657,0.0023876662712560186,-0.002099104637725187,0.006958488279170931,-0.0013166752840012659,0.0025285072293572504,0.0003906902601402882,-0.002391757519641935,-0.0010693141645456332,9.417742175321653e-05,-0.008316616222391687
2024-01-15,0.02278850153959664,-0.006450336320079287,-0.009730346474798729,0.029351844770928514,0.025331286209048183,-0.005205620783212498,-0.009672558796078774,-0.004584425106769615,0.023957722052489815,0.02622098218758358,0.010599055719774358
2024-01-16,-0.016698717053837984,0.010145046012181838,-0.006469734104021258,0.023209202429678066,0.013810658821956007,-0.0006205707830684581,0.007956970557792747,-0.001892665739977855,0.022412340793127105,0.005875173955057027,0.003624862528380207
2024-01-17,0.005038673988222118,0.0077913775194579735,-0.006672102549607492,-0.014760549795084297,-0.007203778911184991,0.01140277253452664,-0.0031652699772346526,-0.0022072997412963904,-0.004790277599727713,-0.014365460050421755,-0.0046603439248658896
2024-01-18,-0.015486146656259619,0.03207934051727929,0.020637215174464076,0.005066796492607661,0.05039265488256011,-0.019206904221734544,0.032190003474343365,-0.011763245305588515,0.052711190928119205,0.028631537058823632,-0.026191595740699052
2024-01-19,-0.021730706666334892,0.00526074349698096,0.0014824693528885287,0.01157287003609168,0.020237896267432286,-0.012878330383279929,0.0048006337116237585,0.000778116461714792,0.02123333377177262,0.01495876934282701,0.0023807997271692123
2024-01-22,0.0107141972744354,-0.001060466140229551,-0.011533981985940061,-0.00026075107602657743,-0.008367288380061233,-0.00046552840497135484,-0.007228061629604432,0.0013294838586083157,-0.009863753618670406,-0.011868642773561292,7.98752662376408e-05
2024-01-23,0.0005214437800875604,0.001481246311715756,0.011651651327843729,-0.009418779529509794,-0.010858334399008277,0.0026707526016913155,-0.0019178829139706033,-0.013546922751145496,-0.011949711486852865,-0.012158100729735407,-0.013990478152716332
2024-01-24,0.017207985639585734,0.010385193447135399,0.011931246811757576,0.005921918311267214,0.010506976281837953,-0.008580783819210522,0.010117412502380222,-0.022426331833961737,0.009699088121155414,-0.006541902528307293,-0.0010979172677067963
2024-01-25,-0.03256654606573374,-0.011561784909677833,-0.027034335987903547,-0.019145629695973238,-0.022040996942522352,0.020630132164924753,-0.002113532706760882,0.016250920687886028,-0.019145629695973238,-0.028768029318712567,0.005772810152691618
2024-01-26,-0.00805113835213267,-0.0018986930693952369,-0.013995513768848925,-0.007494708876098192,-0.006042084216580626,-0.0058597301605751535,0.00356177730433697,0.0062538901379254885,-0.008248863672335165,-0.0021708234012670817,-0.005938806007606989
2024-01-29,-0.0015400849942502626,0.0173573948510481,-0.02598611575645029,0.021482900994233906,0.022898201209608244,-0.012999316273546299,-0.0012000691104629424,-0.0065213604178155915,0.022898201209608244,-0.005091454136878745,-0.0016533103614586597
2024-01-30,-0.0104136968463313,-0.006271038199599871,0.001352361754929023,-0.010936416828291412,-0.011115285387699902,0.009689333370418912,-0.006128231486401292,0.00042967931104420654,-0.016834434774520124,-0.00820957523516407,0.014276312152978551
2024-01-31,-0.01979525894635346,-0.020420249246505855,-0.03226454072570395,-0.02641140844037874,-0.03772703023982758,0.002855615291806603,0.00010965588011224714,0.018626756617217393,-0.03297394568484384,-0.021341979972765247,-0.00987599783809732
2024-02-01,0.010455780988125569,0.005937264190704654,-0.007664578623665208,0.02109019362830833,0.01869311954262534,-0.007824062443977209,0.008282194130752134,0.0027569150391090202,0.01869311954262534,-0.0038761806286816505,0.006801341968910163
2024-02-02,-0.017627549443302266,0.017331383314656196,-0.003608911252319472,0.0013467476843398718,0.01840344468202121,0.0019980039827819,0.010566020729240974,-0.0016417038401822885,0.007025971612731312,-0.0032262735063167585,0.00850151638528221
2024-02-05,-0.009506804199982788,0.03756263923154297,0.009817615559328557,-0.016230046767036443,0.050740853971834206,-0.010576785038841463,0.037319735089547924,-0.03861177527055286,0.036121226258481604,-0.0009930661971912225,0.0290784345069461
2024-02-15,-0.02435410894106389,-0.005767074597941735,-0.03687173331773931,0.028973046227541405,-0.03923015155336468,0.025563123752165417,-0.015106075023207766,0.004545525966577146,-0.030458062335153534,0.007990644593447994,-0.0030772430410176783
2024-02-16,-0.00282638164211992,-0.009325567449959363,-0.01580782461877948,-0.014976819234840658,-0.022729572410298014,0.008542675011537751,-0.015004407187888685,0.00649225721241975,-0.022286703020560426,0.0051755051945857975,-0.009685075641087412
2024-02-19,-0.0031475231975949536,0.009474732917695997,-0.0012944217677933003,0.007472929646491239,0.017060838529035664,0.002954088278820423,0.021726292402746223,-0.003355070824468713,0.012710353171053668,-0.002647602766822956,0.0022747897456894817
2024-02-20,0.006918329094300346,0.0008342525283472533,0.0030916594229764283,0.006610470294763739,-0.009220586991554749,0.007191162641231967,-0.0014318940322699167,0.007370952350988872,0.0024764946102603103,0.00335520095844552,0.00019652085239161687
2024-02-21,0.017649891095584118,0.021472657349535823,0.006214521294010298,0.008771373238002514,0.03001385176288343,-0.003763574111178558,0.03177519646222097,-0.012506214734567478,0.009290968766833562,-0.00712268733877458,0.01023999061109714
2024-02-22,-0.024905173149902156,0.034806373684738476,0.00121739906104254,0.029798070595371085,0.036653171037483015,0.0043938840953277785,0.05581539135329846,0.0023241624903971485,0.012972613772600608,0.0004633188577701508,0.0031562739056242295
2024-02-23,0.0019985928017393073,0.006120556486238622,0.008562131675285068,0.009300922625108232,0.005650804152260279,-0.0022012344133426156,0.0073332564557174,0.0026981307894809272,0.007152259216608975,-0.005446835630892877,0.0017556397289220744
2024-02-26,0.01357700648030144,0.005722752251343176,0.002386358377414882,0.01289754430804794,0.00650729758090951,0.012646701584941716,0.00971807776841982,-0.012623033296559597,0.00650729758090951,0.017017159689709127,-0.008694179215388259
2024-02-27,0.019224223008182856,-0.00011515577983534954,-0.008548065974453447,-0.0007376502412584831,-0.012652014425937283,0.010202414599872414,-0.010670578329969798,0.009028446369301077,-0.0066132357879060775,-0.0005018583614958732,0.020215241150892915
2024-02-29,-0.007310305963796745,-0.004891698171840634,0.000611864930212952,-0.0009701543336778085,-0.004476731312519003,-0.0023136458427212474,6.227588684968796e-05,-0.003493936253426218,-3.0458955731513596e-05,-0.0184994998066694,-0.015555858607002019
2024-03-01,0.005590121072583044,0.033910138664545786,-0.012202400016353579,-0.005863866069580373,0.030727667876047592,-0.011687419482888631,0.053982261408366226,-0.024534107847062725,0.03636774122899407,-0.014784361774065502,-0.017619532610853306
2024-03-04,0.005179750635842972,0.009261207658991188,0.017222666058721525,-0.004386682355957443,0.003780193511366344,0.0006301665488781343,0.01613885154573258,-0.010145305186942491,0.012690684605832078,-0.003015054508863857,-0.016258635770155135
2024-03-05,0.0043810304119120125,0.016747239034576922,0.0067597410848819015,0.006758156368230776,0.011182008303787109,0.0010389805514439319,0.023014307705915244,-0.008312692474720957,0.015712714273417507,0.007316889866247012,0.003377891803410675
2024-03-06,0.009348241040031308,0.01544083869165307,0.003906501812830171,0.005508820354138216,0.021092993353368988,0.0031293327232861197,0.036406602003661116,-0.018582610080931906,0.029488987474034545,0.013217737008944835,6.530126279514592e-05
2024-03-07,0.010462303187900554,0.014747591152179579,0.019478015115959164,0.0022346951576296867,0.011687062486217287,0.014550892470902707,0.02976075332700786,-0.022124418822850284,0.024823245531445853,0.015884379700651107,-0.016578475258121915
2024-03-08,0.013452083360413054,-0.011861839599241992,-0.013499953985059451,-0.0004449835810710432,-0.013699801690242347,-0.01557009901785103,-0.0204593387783021,0.012596445418336544,-0.013699801690242347,-0.018612609556125554,-0.012051927168700663
2024-03-11,0.011239054499784462,-0.007853573063663263,-0.009199413620201213,-0.0017594070084812805,-0.005245555525868159,-0.026811732717361553,-0.006971005338103649,-0.005074940976920997,-0.003736717406256658,0.003036002154498488,0.008271746948031233
2024-03-12,-0.0025795905345968317,0.003683662018007063,-0.009359352213928787,0.01547987985269873,0.017603112580066454,0.01253690357451904,0.018515254117482893,-0.01150735056063601,0.016426296352585672,0.006134763660370255,0.008476371075925646
2024-03-13,-0.014446587727854046,-0.029394986712812855,-0.01710460591832911,-0.028253785935741644,-0.02400848677181975,-0.014302000104644755,-0.03507923900609313,0.0022517111560054204,-0.02233305565906505,-0.020440696455431902,0.0152405588616324
2024-03-14,0.018485489412432787,-0.0038381219658881194,0.026680765860776078,-0.001236135897767554,0.0258011037032147,-0.022416427397197174,-0.01169587542388334,0.0041393419129907745,0.024962684705073734,0.03340639937658772,0.019129041722394113
2024-03-15,-0.005803884142521551,0.009949327641991496,-0.011810947537003718,-0.00714316629024366,0.029797956053682573,0.004533222624451355,0.025814276031177363,0.0016216520382148492,0.011036889970840033,0.009770705699821542,0.0030175005876802354
2024-03-18,0.009726970791846812,-0.011166712535592649,0.0028399217026196986,0.0032029083267118104,-0.008222531838145744,0.0028295820364361477,-0.002682680535802377,-0.008580945073382973,0.004025320264157056,0.010016225825591252,-0.015421297759405306
2024-03-19,0.007190305500831079,0.004004284015073642,-0.006574200800110702,0.014378774818215534,0.010067595711603225,-0.0017292017711878025,0.0035155329739459482,-0.005432007503977691,0.015454795658870146,-0.0007648880714037258,0.004251252888517974
2024-03-20,0.01806661941163624,0.0008626431496197191,0.025326953158261147,0.0240782173633751,0.014195262396857988,-0.004889981793739765,0.011796094651392752,-0.0010689948209558313,0.012448296048515207,-0.002027013884138562,0.0009621857272764656
2024-03-21,0.004947353878433,0.002840000752633104,0.0017730171823667484,0.023116916419987903,0.007662170346106936,-0.012831279068701055,0.0015969794922979048,0.005363469657469459,0.006436763747825008,0.011561266228859779,-0.002837095050654807
2024-03-22,-0.009143753747213204,-0.0012927406501000807,-0.0038287133658551535,-0.016087679759322716,-0.012660325224505126,-0.015039999692149936,-0.014875781973855936,0.006521883330352493,-0.012020951012074992,-0.010592893880228604,-0.005937532396296121
2024-03-25,-0.0077532111216713495,-0.011684751090101253,-0.0234902100888032,-0.026988576256810115,-0.03358130743036415,0.004270943144250768,-0.01603337613854557,-0.000443845266093275,-0.03270355320019552,-0.030281789314998104,-0.018172772661935933
2024-03-26,0.01016005776030458,0.012216338247888092,-0.011421599542581023,0.007925302439438684,0.020588316669686108,0.004622889879756139,0.023579311477170628,0.007569445778494925,0.02585118771930701,0.003837767275781649,0.007114499975212027
2024-03-27,0.010837567256807984,0.002852432439812434,-0.004395901917590428,0.021527029528014274,0.021815388425944604,-0.010944073072896077,0.0025816810099102225,-0.01063315390257145,0.022860495326119883,0.026598490359634658,-0.0029403082129109788
2024-03-28,0.006384909734117086,-0.0012435903124371848,-0.014755148549911612,-0.015125269437558781,-0.01909064536513433,0.009444052559580881,9.711116347213902e-06,0.005592793906271654,-0.01592709804567699,-0.0007936241209341721,-0.00526521444978309
2024-03-29,-0.01972188441891578,-0.01880316044555717,-0.0065559370054353115,-0.0030561159481443303,-0.039058599079101454,-0.0198669790350517,-0.0424472749700211,0.0113544648581968,-0.025307809464588087,-0.01846099749601076,-0.012132421827551051
2024-04-01,0.035231325744959165,0.0063090293503215615,-0.017151185058599777,0.027688822482916965,0.04342754806587501,-0.008465610125016898,0.014335090006831974,-0.007925793571515757,0.036462141382467124,0.024892020777017538,0.017379557376931077
2024-04-02,-0.0003830410133658455,0.0029852200189852043,0.012879504611838214,0.0008880718508892296,-0.008806994211773805,-0.0029601641162246926,-0.0016859959971227316,0.002275127105833774,-0.006272984978965853,-0.0077513732063788175,-0.005537087711490465
2024-04-03,-0.000168919394994989,-0.008384230107139493,0.00032544041482399956,-0.0011109385079227374,-0.0034081246053901115,-0.00451593317981631,-0.01141792370973621,0.006143967316693755,-0.011618124819529249,-0.010026495281100944,-0.004727761585731183
2024-04-08,-0.01661355890511797,0.005216658210248748,0.019057546154794346,-0.006845457120800572,-0.01605747148206545,0.005071720540580121,0.014177745687542228,-0.01281628317654293,-0.004862691890546519,-0.010218416908320038,0.006603024166000429
2024-04-09,-0.00041068617771205206,0.013843489006581647,-0.017102744687571003,-0.01735558947765687,-0.025228164983578532,0.006984234432373911,0.008836395307854331,-0.002857118389170854,-0.018073999662600093,0.03239666216708799,0.001843772743179419
2024-04-10,0.018598824180618884,0.006908062558939406,0.006858771274902013,-0.012817208304474489,0.007190549563761935,0.022169542150985728,0.019694535442008755,0.000716941926394969,-0.003423678441034814,0.015204428293243127,0.016356646911010752
2024-04-11,-0.0012633636816404923,0.00037442859412412967,0.004127345152363515,-0.000843949954279213,0.004016059021842276,-0.008757487768306843,-0.001438486264019101,0.002428608863191924,-0.0007980422870675448,-0.010438195113053356,-0.005557732392185386
2024-04-12,-0.020276995508168978,-0.023017105303853563,-0.014876637688898797,0.011322681242507876,-0.00445769128976296,0.001966994651692376,-0.04041383017625642,0.011492859606554329,0.005655889609414266,-0.025096250553911507,0.003300300334675756
2024-04-15,0.0037972981941334256,-0.010408384850356944,-0.005901002808478589,0.002547426899627458,-0.0017952924551341357,0.010671674217858574,-0.00704886725776575,-4.5119263436938645e-05,0.007375287735561859,-0.010814177187589903,0.010630183643376017
2024-04-16,-0.027886027833397147,0.002966754339909404,0.001243248263698047,-0.013450526420103137,0.01946925164575809,0.008081516811447476,0.015516493256839459,-0.006993336165513397,0.006701651587637811,-0.013357523334972513,-0.01859191117044635
2024-04-17,-0.007743099434209644,-0.008749541909682745,-0.0029333800262891785,0.001703856599816228,0.005843068956322009,-0.0064715384071193744,-0.006323430194631996,0.004625645965944725,-0.0034454631778964018,-0.00012436446948575243,-0.007571383742076461
2024-04-18,-0.004174772880860333,-0.02591630851151707,-0.0021740976511363634,0.015852881309891292,-0.014628587703593786,-0.017990755321653805,-0.04630961384020125,0.02465602911970518,-0.00645959292884743,0.007586067465868828,0.017888993303358913
2024-04-19,0.01241305554750825,-0.03683490811261072,0.009553456722278975,0.027054007948550007,-0.0011065734951380228,-0.01628562941387337,-0.062137916660274205,0.02679526509298128,0.002158809265510042,0.006685500425099106,0.029614041023853538
2024-04-22,-0.003604753490069094,0.009500094429361294,0.012103125461782141,-0.012406011554619992,0.0020403004135639002,0.015567226750773128,0.01663467918022669,-0.009096329110756233,0.0020547121360325695,-0.010549554947185985,0.0002728956218347924
2024-04-23,-0.06090261040870528,0.02490353238605846,-0.03576217556116892,-0.016005464560518334,-0.04948873361652264,0.014879385835085347,0.04198883926392901,-0.02428582842646182,-0.04441590215350429,-0.031181982252437485,-0.0568284643690443
2024-04-24,0.005185351659536597,-0.007461726672843921,-0.0053214469369356945,0.004769059227047503,-0.00010996768470441197,-0.008460208954676926,-0.013190234744123971,0.008209058708994004,-0.00041962303287011206,0.0034185194560217014,0.004931614399820983
2024-04-25,-0.005591247658798056,0.010429574817726522,0.011319151434769368,-0.027446894710522307,-0.01138088351051823,0.009669256366730836,0.02855656284544054,-0.007971530312668154,-0.006669022077650466,0.006079522404496579,0.01222934130164983
2024-04-26,-0.0028513409091243114,-0.015298215954109646,0.0022873972585589035,0.004835701592661352,-0.0053281332719595596,0.0023688532909906246,-0.013135548919840107,0.0023652791674159852,0.004195370457236575,0.02172243082340347,-0.004158297545288162
2024-04-29,-0.003610121572534616,-0.0013722233182494326,-0.002600498579073111,-0.0042544144099487535,-0.0016879343882415711,0.002479734421655268,-0.0035816972513033427,-0.008373032938330489,-0.002373196006434106,-0.0005280934573685392,-0.004828253331684193
2024-04-30,-0.0055778964642855715,-0.007736199791714286,0.004363924331356424,0.005172794281689282,0.0028538586147836553,-0.004998490944850831,-0.010165189919740117,0.01220051827416585,-0.007214708625531502,0.00912942323459793,0.004904536839871983
2024-05-02,0.017319624816972284,0.0233275493053544,0.007495777830971318,-0.022204890766317858,-0.02163599339677455,-0.00852757419767916,0.03062255687262579,-0.009878168728850723,-0.005726479147592287,0.025487513505004732,0.004111097507044923
2024-05-03,-0.028651579717139997,-0.011601070890690865,0.008146366321872564,0.010842738576507138,0.03046193667832972,0.008915524088497542,-0.0063258563937121925,-0.0009140837782888322,0.03719034864675309,-0.01963314044212655,-0.026658422558505184
2024-05-06,0.0013009718525322698,0.011784053098358439,0.005547570134021804,-0.01811227270471479,-0.0032897729443286767,0.01115786132325634,0.021739985780276062,-0.007018415275237537,0.00903365298992953,0.010711018162614255,-0.006490351477715123
2024-05-07,-0.008744693587724145,0.017661021288776807,-0.006329765845610476,-0.002827411822154541,-0.012992525197519672,0.005546395694565609,0.028676087422126424,-0.0045287974520104215,-0.008992465893091411,-0.004089646338117295,-0.004565412542253122
2024-05-08,-0.004575083539445783,-0.007317496676324466,0.0023144556075011258,0.0033552680002669295,0.008478801149120196,0.008788281968979452,0.007172978076947426,-0.002650744585074527,0.017267874871363526,0.004690588836714277,0.00014819167698845725
2024-05-09,-0.0035538898865525304,-0.0274478887913752,-0.014343231742524571,0.008122495664097413,0.018417863830611465,0.031506101948489455,-0.007194644369349098,0.0010157231000517495,0.015551224611523657,0.0059059744671606795,-0.02478884825096921
2024-05-10,-0.002158094745766124,0.022080160318581094,0.006358183615662797,-0.002882556247339352,-0.010162810331189376,0.004637418058530638,0.02465042551598769,-0.013181090863543299,-0.0029650552992630252,0.004385910981696236,-0.002615276319206957
2024-05-13,-0.011671369200541903,0.01947453387193441,0.0007215722952592096,-0.011965957108457334,-0.009291268324258231,-0.004890467914442254,0.021645568072238275,0.0017408531309970146,-0.00209566505122825,-0.006442744027296332,-0.0043840260306258205
2024-05-14,-0.027162537589860185,-0.011891988618708316,-0.0062188850919451255,0.024621924307743303,0.020785862610328516,0.029865853983123497,0.007555597034107501,-0.00044711496085710544,0.02188232962026303,0.01043529631901847,0.028068235843737077
2024-05-15,-0.00876143101273726,0.01251342629758223,0.008689471902241435,-0.005125715134117488,-0.01808386563541664,-0.008068998168678768,0.010404034935926638,0.004731277821856228,-0.01704603543767058,0.00954032908199276,-0.01241614250086337
2024-05-16,-0.01042961245638202,-0.00654540503578066,0.013748704189817662,0.006531608293436038,0.012224462804329159,0.006276138459796308,-0.007032156299192627,0.005044168910358582,0.006541668400814216,0.017319364831404505,0.015984288762724036
2024-05-17,0.007289724921382061,0.0033213872237428752,0.017289892039915607,-0.009758325904170011,-0.002807045836199479,-0.006017579407547029,0.004914502675390213,-0.009008480384484041,-0.008685218664857738,0.0019078195274423075,-0.0041934142330841235
2024-05-20,-0.003665826459095004,0.006897970299078729,0.016015951999969597,0.006767561840304359,0.008527431416907604,0.008276050536846075,0.014078496532742124,-0.004820445141850094,0.005781708023050419,-0.0006231506881000937,0.0018740911640935942
2024-05-21,0.002792784233666903,0.017999179577129397,-0.019566323516344557,-0.002658423131401336,0.011031852302304338,0.013826923228977198,0.028632242089650616,-0.0006328659764024414,0.005702252551961143,-0.005504222064728828,-0.003967446590256514
2024-05-22,0.02394254220569948,0.020270950683619487,0.023732889840452125,0.011405330744667236,0.02375669828486491,-0.00018189148939865007,0.028264327329841597,-0.011504456242414862,0.01659003021953484,-0.00818039417390303,-0.004657530809370407
2024-05-23,0.00150205755367185,0.0016874092768884947,-0.001799472205329158,-0.0030482728071843292,0.013999693034012245,0.008194585926785411,0.0005566084165520846,0.00972369717694388,-0.0038616321557227717,-0.015583805720010621,-0.021054724073354493
2024-05-24,0.05897493486856692,0.022351589157457746,0.061296427472686564,0.026452907932974057,0.031255814230497087,-0.0199697596840727,0.027266465551132137,0.0004494904698147395,0.027734788180800662,0.013247312415192503,-0.009832106479679702
2024-05-27,-0.007588427451596233,-0.00406006750126664,-0.012375312745776792,-0.0008835345490865085,-0.00152252631285954,0.008812845220183285,0.004476845924624032,0.013953395435205573,-0.00152252631285954,0.007182691485781767,-0.005420566536766887
2024-05-28,0.006214838847246551,0.0056293640923842005,-0.004060901720949934,0.0006460522159215751,-0.005179264855764264,-0.002356773470164098,0.003519869688632476,0.0010240711445464266,-0.005255797217450408,0.005626773656873021,-0.001991386050587879
2024-05-29,-0.0018414069840301892,-0.005847950232601614,0.004867248081605731,-0.0035358680304817623,-0.003686300677047746,0.0022129526273254683,-0.007799692149662141,-0.011566489741694497,-0.004411279435763601,0.014802734627457468,0.019650860754841893
2024-05-30,0.013840015620748639,-0.009896995519694696,-0.03465517259096877,-0.02565829389824816,-0.028292128051905806,0.0028869572570760227,-0.02853905777185134,0.001868905127551482,-0.030119110472503503,0.010465076811556274,0.018056381252000635
2024-05-31,-0.01994932000743843,0.02712891635441055,0.014541495797938137,0.022890097594372927,0.024613840611732152,0.011117883441749068,0.037001223341372236,0.015629565350631165,0.01199183757019683,-0.013460385975141978,-0.02461851375795911
2024-06-03,0.001005058642125023,-0.0021567193492345316,-0.004618990858751762,-0.0020355335732475943,-0.008302722688314678,0.004398048377497826,-0.003790894598785807,0.005249888318378915,0.000644005634200787,0.01465758470372222,0.015036308528191739
2024-06-04,0.02000531460899127,0.018060416902551085,0.008111273327864349,0.009513486187204009,0.007952713722496738,0.004088144627937995,0.015882656977994826,0.016521254401233254,0.007946100114273593,-0.01639300065841104,-0.012148409780359398
2024-06-05,-0.0028773219622095225,0.038775118465255075,0.0003532322186407255,0.02351128891219158,0.03446752437239921,0.031380352750940754,0.05350354960307505,-0.018559216374996024,0.03446752437239921,-0.006147763197605839,-0.028850833452433555
2024-06-06,0.004237117642144027,-0.011031053953879322,-0.012587340501815387,-0.004176700078112679,-0.005131647874513645,-0.003988329464954643,-0.021288027628555084,0.0016675876053754792,0.0022903648807621564,-0.0004869509910760128,0.0026922122666857467
2024-06-07,-0.0033539019992731476,0.005956700911627773,0.01382689187374477,0.001399224350780659,0.01041024331876709,0.01932028582225167,0.011616734148254612,-0.015422536161498504,0.017419216630377453,0.004466164602113558,0.007212079296293324
2024-06-11,-0.00711538934551359,0.024108206341475952,-0.016974664471148038,0.004239647734465049,0.027534520825269332,0.0029803652737087905,0.03509244124796688,5.687640149927998e-05,0.006085431507410949,-0.015766944026404234,-0.008130414790445056
2024-06-12,0.039070929627188215,0.030882408913141323,0.010966199858176881,0.014200529768950004,0.029629660620336683,0.03334464474727872,0.041788805873922384,-0.00026890695696605606,0.008986166763773812,0.009002312726785339,-0.008680648213524184
2024-06-13,0.0019996039692685335,0.0020325848539024987,0.009960780479146012,0.0026879718590420614,0.009803781882574072,0.007245667684462803,-0.00023471655551610127,-0.005562085428949963,0.007970814617091712,0.002811278145791093,-0.0002900421434800706
2024-06-14,0.0022024661273486366,0.0003811516735754694,0.0030398545122116427,0.002550971853176496,0.003745107608235311,-0.005974974910816286,-0.0017844937875176048,0.0028025772112960645,0.004797996964249457,-0.0022010683573839935,0.0040750345928847465
2024-06-17,0.0013737766977430597,0.015250897604387331,-0.0035692048627134396,0.009632492167008427,0.005552705436286914,0.006778869380631167,0.020051129573309012,-0.00610048015824414,0.011171110873665818,0.0008642362931283549,-0.002861205666209029
2024-06-18,-0.0035578547687296624,0.036343994062385664,0.007369515456421023,0.04183682363885836,0.04180420952493541,0.052551682655090616,0.05259918276972664,0.018654084466578312,0.04180420952493541,-0.0024792919408080927,0.026443786672518305
2024-06-19,-0.0035902786088533034,0.0012012429630172874,-0.014768569054961767,0.0009385382003524838,0.014258106764909035,0.00965492561693011,-0.006576140107478609,-0.002458697336772583,0.014258106764909035,0.0018042064377638643,0.009681185665572625
2024-06-20,-0.0017877780956552236,-0.0026273638304536067,0.005666346269139477,0.012234083642567025,0.00433898617587138,-0.009499399960247207,-0.007192892998310385,0.01742412335284556,-0.01157731063797642,-0.00011170289287448787,0.0032706806105652444
2024-06-21,0.011535010637937956,-0.02037854721856417,0.0029755156849048483,-0.014591742419443138,-0.03255418963578142,-0.03121319098635117,-0.02972633743730363,0.008668018908936093,-0.02669237208942018,0.03001170948911644,-0.004753737605075858
2024-06-24,0.008054939912904494,0.006866558347260836,0.009352766823286618,0.021855347269527557,0.018805721067258897,-0.0013800479402602726,0.002046692726366225,0.013047289879389523,0.012488157741809374,0.004521534128271702,0.00047521902195462196
2024-06-25,-0.006204933011099284,0.012378682504860758,-0.004630640002124745,-0.008432846341217132,0.016765508478896112,0.018565831567214308,0.030915876235338646,-0.009088581559042594,-0.0049581018791297615,0.0011198454678524776,0.012006543232175804
2024-06-26,0.005709097908326216,-0.002256119701448002,-0.001967218176353175,0.00424921371338044,0.007544340456570532,-0.0029474790100264174,-0.0010382293405820273,0.004480918046253205,-0.0008258163093082527,-0.002855577845569899,0.0019774063276401985
2024-06-27,-0.004818364519172076,0.0027433391025488696,-0.0015619073517131876,0.005547978029088972,-0.0001300188346491371,0.012013674916493605,-0.0007707664703187804,0.002391263151026483,-0.0001300188346491371,-0.005284759931467996,0.003976337145450787
2024-06-28,0.014243446465567059,0.00124408399224063,-0.0028468765888912118,-0.0023828993331795976,0.00872766871343426,-0.0005517149096004592,0.010543286592753203,-0.003392463169507716,0.00872766871343426,0.009379556664499725,0.0015763978965010195
2024-07-01,0.0065130144898423725,0.007971212458976074,0.010961356560864721,-0.0032638868828706036,-0.0036399843772892855,0.005569251323630518,0.008176255952392538,0.005263988834399363,0.0016023351863541924,0.0063907956757418005,0.005045086112099926
2024-07-02,-0.0031620402366371765,-0.0005036011813054353,0.023093932567835818,0.005920280206941186,-0.008663086271142761,-0.006644509847248051,0.0013668241560124876,-0.010721333350299178,-0.00579524523069123,0.0036082049849564916,0.008748868441464552
2024-07-03,-0.023482655092970223,-0.006532630837603101,-0.02645590803657329,-0.005581428267586813,0.011729487822680944,0.001186319662486085,-0.005715373901039156,-0.012003369942108006,-0.018741927549208892,-0.0296026720246856,-0.00063903371103885
2024-07-04,0.0018799533334519873,0.0013471655261989195,0.005042707654731794,0.007938402473446737,0.010692047855881293,-0.0009268844843471624,-0.00368250950150939,0.015076325966007238,0.015594810189513622,0.004308831707126046,0.009054602547796053
2024-07-05,-0.008775734535756807,0.019645849686523064,0.012303933795763961,-0.012233326013100749,0.041459332579084164,0.02584602134460583,0.03441309622216678,-0.005920772241737388,0.015283915235426698,-0.012215480647781829,-0.00366900955958995
2024-07-08,0.0007045520975979547,0.024077460096405788,0.00922234704099655,-0.011702672886398294,0.012886830012487832,0.03440525584335151,0.03157856166827792,0.007033170532007305,0.008265194252931624,0.020581594582192875,0.005561805472493964
2024-07-09,0.0004959051731435922,0.0015998662698501935,0.015818084352054923,0.004889976839481475,0.014619890071416414,0.01047356073971728,0.002357906025280668,0.015022511288354672,0.02788217294802033,0.007200871749115896,0.008133910483863157
2024-07-10,0.008269146125780596,0.005052614256563373,-0.020751435116697876,0.005851487781182718,-0.00048273641343935924,-0.01056197372284029,0.003708794319265037,2.6983343784408448e-05,0.02835326077137227,-0.0024354512167535742,-0.018285883258587966
2024-07-11,0.0403065753550998,-0.039284089565324684,-0.017002384748702276,0.011582870430932535,-0.04145226871836316,-0.030897021396966113,-0.05521395995099421,0.00038248162859881064,-0.03504253621255478,0.0006791193314518908,-0.004889849354733328
2024-07-12,-0.0027705442248351364,-0.002302640460633313,-0.0004936540045866467,-0.010233832219462502,-0.008905039935481732,-0.003034251165610411,0.0002810745722787722,-0.0013221449686474835,-0.00967665368584375,-0.006482509211312891,-0.008270413824853329
2024-07-15,-0.006961991363276326,0.02213102459067299,-0.0022580827306375546,-0.0076581033989240235,0.010394725123856382,-0.00016692775109058977,0.013411924225720037,-0.006697773805878901,0.008490939551782558,-0.004962220941051948,-0.004675087811607415
2024-07-16,0.010178803534867109,-0.053011982553219594,-0.01089952118778458,0.02224853568172223,-0.028351900870770386,-0.018165845484535797,-0.055004872894184875,-0.003722441652432425,-0.03774429529323022,-0.010407397074350974,0.005029928969012609
2024-07-17,0.013925829756370791,-0.022263205250094988,-0.023401699903389427,0.014793681155344435,-0.0153506145974584,-0.039191568885614286,-0.03712499877544365,-0.0003519082684837107,-0.025833035838553325,0.013923308170556908,0.019570823014903926
2024-07-18,0.008631596010472715,-0.011547091167826356,0.004510635682164282,-0.0033030363535726612,-0.007081214697334692,-0.0008149554364060927,-0.017287696680845253,0.01233632100356441,-0.007081214697334692,-0.003950257651583014,0.0026795049594521003
2024-07-19,0.026267061242464196,-0.015465701051178069,0.021909428688665872,0.04079164868794665,-0.01189581200727377,-0.021122898090195318,-0.02619250597994262,-0.015075540978950714,0.01098540215897027,0.023744841771881464,0.035629184153943984
2024-07-22,-0.01469432654383642,0.034596158374456565,0.024283029559214686,-0.04076028175589678,-0.00305884097345625,0.024630973713147597,0.04323815516800078,0.0009977022725425888,-0.01890352989077134,-0.016983619653815986,0.0010096895344167134
2024-07-23,0.010827211981153217,-0.02184568699776629,0.014792918690712309,0.029637687453217636,0.035358382652521815,-0.05797463047061723,-0.03734046728996091,0.026868772547840997,0.03710856197910347,0.005814328364958728,-0.018891004212201627
2024-07-26,0.01403303382627776,0.00897403622220914,0.005336253044525165,-0.002573138525994658,0.02693098479520108,-0.000994154205255208,0.008143699025334591,0.005710904253371581,0.021139045060177997,-0.010844131688966085,0.0002395824228464496
2024-07-29,-0.0026331030569847758,0.005931446224282248,-0.01151737524717337,-0.017775048352746646,-0.018603326487501404,0.013573775548861616,0.007793961455314191,0.013831169346777712,-0.01009102242181024,0.003219225494857277,0.007993786550346254
2024-07-30,-0.0007280249603859121,-0.01736622313053219,0.00015286449394920788,0.007108649323795772,0.01441420400517679,-0.004762664209173298,-0.021605960944009055,0.01672329696471549,0.00960523700675949,0.004461310887386438,-0.0024264578183243644
2024-07-31,0.00041978342722796477,-0.0033655160614881885,-0.02418527975553516,-0.026476399241755922,-0.027075456918785424,0.01749598750866168,-0.00387727956190866,-0.02071198560410864,-0.026883316603696427,0.0018260555599673434,0.028270417983782416
2024-08-01,0.0027264777933059536,-0.031054829403349193,0.057270165973792295,0.05529702400966818,0.023750898295526533,-0.061092634884726923,-0.04978950689337115,-0.0083220139914865,0.021414523478709736,0.014958377119448314,-0.04348913180754103
2024-08-02,0.014577567725622166,-0.033902332420761835,0.033613041371956635,0.0503889542489312,0.015272046183464907,-0.048544572259912364,-0.047178777065175447,-0.004553274492418005,0.019836257700547505,-0.008693859544926186,-0.016627489865001024
2024-08-05,0.0037213368280548872,0.02949423633017203,-0.00793149985797124,-0.050497668205267444,-0.03963487324758843,0.01849424096663943,0.07138169880222674,-0.009673536588743849,-0.04560259058708518,0.000221495473841999,0.03319757827876111
2024-08-06,-0.0021651467834448435,0.0388048902851171,-0.022023060706119552,-0.030511670049511257,-0.033644398642189544,0.010262935604203893,0.05081628435005481,-0.015280918938334387,-0.031429216367916235,0.02688172965547203,0.02895145152682837
2024-08-07,0.00914207279060015,-0.003077387791565838,0.010005432961831567,0.02532017252722752,0.02532017252722752,-0.02659593324123699,-0.007248985175924372,0.009894711104763015,0.021040580225330154,0.012283759938509848,-0.017291187577226846
2024-08-08,0.0208936368570391,0.0014269237252678701,0.001512261732736015,-0.01661690004971158,-0.018236523923988966,0.015382857312188726,0.009341079299683419,-0.006581921114258371,-0.013070139475841644,0.008437072825854264,0.009658382310999008
2024-08-09,0.02808395980401493,0.02488423220663476,-0.016123798987904493,-0.031152656246618282,-0.042044302243853436,0.03135342337423517,0.02820788841781548,0.0037890172205039176,-0.02327037845021862,-0.023524102663287555,0.032514206454078654
2024-08-12,0.026355255378949477,0.020432473773026826,0.0022552571468717106,-0.004419584312994626,-0.010597585619770495,0.010926374730935226,0.014363181321908353,0.00685147408348811,0.002761633331730194,0.009036438643988278,0.00396377837124883
2024-08-13,-0.001965834773995071,0.008091301684029644,-0.005504220522149772,-0.019775103359633228,-0.014006818004049904,0.007526024548790072,-0.009247507621239492,0.006605300520750552,-0.017243968534678543,-0.008706260997254706,-0.01363442476515194
2024-08-14,-0.002197881753971953,0.0006129408872481597,0.0015605197484637543,0.006366868453293076,0.0021604027932702417,-0.0010150355860228302,0.004292200333572343,0.007027612118926347,0.003946684621318891,-0.0013810287923997078,-0.006911083728741524
2024-08-15,0.010151100977681276,0.04082087643270846,-0.00986498948782083,0.006209161344190001,-0.018060652495280067,0.0063305854452979475,0.044362950221270826,-0.010180790175144097,0.004236797279583454,0.027348925807223635,-0.012871761306405494
2024-08-16,-0.0027009439971758904,0.013697961958753457,0.002063689315192509,0.005130259920390577,-0.011088868707859375,0.011345666100581981,0.01905719410468561,-0.013904326159586644,-0.001209111651217112,-0.001761887636121469,-0.017336540666752442
2024-08-19,-0.012404151255547011,0.005370862063363365,-0.00794661264074591,0.004066350252014915,-0.00845759065109151,0.006446739986956357,0.005909568194328085,0.00361363411369849,0.0068984306261899815,0.006342230877637819,-0.015679900729284636
2024-08-20,0.012210424505344255,-0.013314155114474202,-0.0004531833978375921,-0.009627538238529021,0.003254371064530387,-0.013017447730107509,-0.022732870337806316,0.0020331386277705104,-0.0007670802936670107,0.002950177990413564,0.004307086078898598
2024-08-21,-0.0038414352897578885,-0.007136433806917567,0.00229681270601285,0.0025172258418383144,0.002810907411146202,-0.015982901821202617,-0.01041637676071209,0.018614205978689978,-0.0011648554886749172,-0.0006397256844762984,-0.000642641380887395
2024-08-22,-0.007361778979732225,0.01585424162103753,-0.003875707503062718,0.005940067274155331,0.010324379268853814,0.0008415382271648361,0.0070838386376961635,0.0037403415802146527,0.012702367749382068,0.0052415147236167985,-0.0050537695479626705
2024-08-23,-0.002488908917612017,-0.01308854628270717,0.00165517248078495,-0.01975877136565864,-0.011237163836933054,-0.008181840139956978,-0.01532671176237436,-0.006808517852733656,-0.011566188107714315,-0.009150108824688679,0.020023345105567487
2024-08-26,-4.0489905312079966e-05,-0.0017660339006150176,0.016019322505535987,-0.00465719101909252,0.003685388362149618,0.0012175822656919355,-0.00017264070293093736,0.014030635377144846,0.0035125369364478283,-0.005404651216092728,0.002681742785141568
2024-08-27,0.0015884587791021778,0.010803572307380124,-0.010563179997594485,0.006995519149584582,0.0023851249677166175,0.017342116193525076,0.01066057960368542,-0.007692366028599147,-0.00636096256306759,-0.009330488325487246,-0.02124596208076458
2024-08-28,-0.0078022432509136375,0.015525219435227786,0.004372843501644842,-0.0017190664863104468,0.0008851855154156834,-0.008993369741916012,0.013793970271651931,0.011283787055860806,0.003164296524535648,0.00897940002042787,-0.004160834606155905
2024-08-29,-0.003122367131883815,0.00401492256602203,0.01187262696852956,-0.007303555266374107,0.0030270787109453095,-0.011587639755860912,-0.0011767143973736571,-0.004453248920590995,0.0008821068780190309,-0.002533717643216397,-0.006581845475966981
2024-08-30,-0.005595126799834658,0.012808167150649872,0.004872418998360449,0.015944190393562856,0.023922296391135106,-0.007457174653071266,0.012045951935831856,-0.004498688516155369,0.02584470143064624,-0.00034702213788452086,0.009617215624420574
2024-09-02,-0.0117635577603221,0.004999974386100235,-0.0038054036167324097,0.00455793717056414,0.008490113028601448,0.012930200691270228,0.008884312127777886,-0.0006268478486150713,0.0011655608875840258,-0.0035776431261601662,-0.015796585186128274
2024-09-03,0.012742418261936166,-0.008951770952162756,0.033060088711406574,0.010635621368177674,0.007753782301138427,-0.028417225042786272,-0.010294144561436423,0.006342688767152237,0.025601501231012264,0.0043317530581564005,-0.006863492521344779
2024-09-04,0.005170557804124121,0.019642645428430656,-0.011054887047376033,0.011086692963156036,0.022448479901719665,-0.019210819466526714,0.013009389161718492,-0.006619475912986746,0.03252287950640744,0.011132768563625606,-0.020067882383188056
2024-09-05,-0.004735391779012388,0.012021498477635933,-0.0071304270605935804,-0.0026483249635912785,0.002347895342093195,0.01009820911114771,0.019134529156162244,-0.005976843759392114,0.0012544564892796872,-0.0013421660147330452,0.0012215614389727847
2024-09-06,-0.010388404596288408,0.009459578902260745,0.012249116037218658,0.009581329126836412,0.006864441927028463,-0.016973961764696177,-0.005479328749398032,-0.0022892116756348946,0.016532574690822317,0.02715643094158694,-0.014150575257200055
2024-09-09,-0.008734051671198322,0.023749327636790114,0.00930545768949321,0.005391426187018156,0.011698994815848157,-0.018647238681271567,0.02710523327584672,0.014120005417733006,0.0218256544745556,0.009902552343277332,-0.013823615885876217
2024-09-10,0.007603077580354445,-0.013141928808032536,0.003016322710481143,-0.00785715117970558,-0.009542949679905516,0.004024913645698633,-0.016900209705831448,-0.014622676394815607,-0.012180363366993296,0.003178914576002824,0.001041956102276716
2024-09-11,-0.01002312849528451,0.02164106787849327,-0.02675205766427252,-0.022793738707392708,-0.014197006236669807,0.03736248446114707,0.028121344323557618,0.012578462674963209,-0.008578641537406525,-0.02198518680190311,0.017061451253728377
2024-09-12,0.021038962452773063,-0.041327630134556224,0.01656909045959105,-0.015784456250070578,-0.03588208852501116,-0.012046910604152259,-0.041744700126316536,-0.008004511225005914,-0.03588208852501116,-0.017168216641889517,0.020835140072110136
2024-09-13,-0.007914560108533936,-0.011086324199409619,0.003210327107649606,-0.0009392134142561046,-0.013345837946611372,0.0037006143383931187,-0.016146978706039244,0.006286082236868884,-0.013793026946676093,-0.013486989950225051,-0.003535809948803574
2024-09-16,0.0009942371413760494,-0.009134178756803297,0.022875746754933025,-0.003142739229048813,0.002895727412052453,-0.02609300104854177,-0.017345113389277817,0.001979511559722184,-0.0059132585470759915,0.013842808616180008,-0.0011817070322077496
2024-09-18,-0.006190770456947417,0.014041846595116637,-0.005765635014471508,-0.006115851816626808,0.0005120593941986638,-0.0004847105997398682,0.01311349036784141,0.002723446209733693,0.0032073021781962394,-0.005081081729272463,-0.019305540594197906
2024-09-19,0.0019538953598268183,0.008052457809400431,0.004075124464046287,0.0027881379677405227,0.007087412083034927,-0.0006368184226938634,0.010365266591007708,-0.015051305704493145,0.004863636861768911,0.001024618888946921,0.0027391456407682793
2024-09-20,0.012814786027167532,0.01444986048021261,0.004677505635382235,-0.011487570687579848,-0.0012552999293835203,0.0011940566518722408,0.009756892559990534,0.00427647573596901,0.0031825144206823284,0.0020820067011539005,0.007891739234621147
2024-09-23,-0.003525630303950765,0.02401795046101492,-0.010337112455282588,0.001719855867353617,0.006171828274165949,0.0057531342952775455,0.02787687525834322,0.01188259462238835,0.0009964419554488926,0.01235783135607362,0.005818922852717567
2024-09-24,-0.008175568470809727,-0.004108474959379327,-0.004161136581133281,-0.015725444823928774,-0.021003191639227536,0.02621891294726545,-0.005647892651305646,0.0010933720916332188,-0.02043473766543082,-0.007877806120589914,-0.015281877325148501
2024-09-25,0.014967705153501062,0.026830260599101634,0.0007025642890863639,0.005114254749174124,0.0052002491097941,0.003187605234826271,0.027393787180766165,-0.007308959003792101,0.0024492580207193435,0.01619703293741781,0.022698089387299558
2024-09-26,0.011100565862801004,-0.06330046505076005,0.014998217534894377,-0.03619888845154697,-0.0754148546507938,-0.007871953524417311,-0.07685957221063829,0.025282347206046794,-0.049747097779650105,-0.032009575818918355,-0.019047121804832135
2024-09-27,-0.001228395668609928,-0.03566094307032803,0.009690968627431526,-0.01016351464935102,-0.007065048306866448,-0.02709958476657364,-0.05307799324045568,0.00020005916962563888,-0.006414200637970815,-0.02817663552975024,-0.024746010552355164
2024-09-30,0.00045690728505800226,0.010102359044133933,-0.013394668970886259,0.00012491420497467054,-0.008067618667916823,0.01463881345129526,0.02224142257539341,0.007500903659301117,-0.003919888434281158,0.013244068907291304,0.0010256771823308475
2024-10-01,-0.023134210351341517,-0.019509276577538776,-0.00949992434614331,0.014747488992397556,-0.013467108701842367,0.009843485285965358,0.005840084321351302,-0.025470824025667062,-0.004972447661854877,0.0069482342949942115,-0.0006365572686398606
2024-10-04,-0.006535708343477664,0.01991969378870841,-0.004897873970935042,-0.004819310265624377,-0.014852821337045833,0.009172800165234547,0.030784525468961786,-0.0035228833198110987,-0.01303424315726224,-0.011087875920967624,-0.0031030364741863976
2024-10-07,-0.005701026807453907,0.003332386153459479,-0.011227460939409026,-0.018726999020752987,-0.01566030389022635,0.0027637375048145674,0.00869539961736826,0.015731347417127634,-0.015279054251220142,-0.009816592083359324,0.0006692856761859787
2024-10-08,0.026632064922427146,0.03297176017739803,-0.006079525898788482,-0.024493397418677943,-0.013661924542952193,0.03785342783850375,0.04321936085451687,-0.008930707266847748,-0.001748605102361328,0.0039045149301787097,-0.016600782561944714
2024-10-09,-0.0035438231789559627,0.025975727791812148,-0.005442113507038308,0.0006529648826251178,0.007517620318139036,0.01984636600851163,0.03515365456453856,-0.00758157358833252,0.007885857223327705,-0.012960255717407793,-0.019079632519995282
2024-10-11,-0.008709460322389043,0.009201478192450022,0.004745993108680356,-0.016992936295698,-0.013308671148636653,0.0042390898353421675,0.001290229006166192,0.00406489049628056,-0.009489174151145863,-0.01035188175361279,0.0029240865379996464
2024-10-14,-0.012783842258865216,0.03236131414626355,0.025106523031468337,0.0019402047002987184,0.019718593311118016,0.03698687945866498,0.030317962037212008,0.015388097637399864,0.02893453162663308,0.025968958214318345,0.035478440306473666
2024-10-15,0.0006083526134760733,-0.006804548797680471,-0.006497090316462997,-0.0021955718531308788,-0.003573499160879243,-0.000549861652654313,-0.012430797850087993,0.0021480504539710954,-0.003419290501326517,0.008988264734258244,-0.007785108008169912
2024-10-16,0.006730451952100905,-0.016871581809068836,0.0036913312425486313,0.005751212638812564,0.00392262126711009,-0.004889653957729889,-0.017555966674873913,0.007664061517382562,-0.0020919018235912943,0.0032073353565571314,0.007657333392609248
2024-10-17,0.004582038856112275,0.02075277453967923,-0.0013256994496971264,0.011407715745526606,0.014302120296062999,0.023563001798227234,0.027153395141710036,0.010489539161764427,0.02273436101170111,-0.007910874036722016,-0.003053493022984596
2024-10-18,-0.011556117218015239,0.02591273331300457,-0.021940374132087288,0.02104947391479168,0.022214375016802547,0.01038950671974968,0.031676109472162,-0.005477964145903402,0.010192675009073901,0.00019779752080877587,0.013869362643612678
2024-10-21,-0.0012098728108248524,0.00508623567393567,0.009866215881819166,0.007866319110231909,0.019413071906227895,0.02055209867241941,-0.0009665516844400424,0.007948713626304376,0.025360651853038606,0.010549130671738294,0.024886613012715896
2024-10-22,-0.001105605863741893,-0.0031950080527506,-0.003225369299735501,0.006367309821703027,0.0051012372769725835,0.0005654059806594891,-0.002512015490486649,0.0006731137853944382,0.003380424467643861,-0.004544353673277704,0.004843429771205035
2024-10-23,-0.012714138048384626,-0.016488964090117318,-0.02033370648152939,-0.017676928246835023,-0.030565872628948266,-0.02018558549537024,-0.014454076685630016,-0.008146020614910432,-0.022873588443114812,0.007760568921753659,-0.023563421538843148
2024-10-24,0.0050700074831976,0.014223951372275428,0.015427569635236948,0.009406300480186092,0.023439038551115565,0.010164855596669686,0.01129353893609005,0.019018628392345804,0.015538137479556995,-0.008868268078603303,-0.007842402054071329
2024-10-25,0.004674601907867115,-0.01670556164083679,0.02071303693689779,-0.008567348256968374,-0.007244370769373759,-0.01101489719515115,-0.022147680632271554,0.01311640593086616,-0.020861600944409763,-0.0033751146251235946,-0.011427723115392197
2024-10-28,0.00805018169672673,-0.006618305586081407,0.002875507224667829,-0.006448264774984261,-0.010697752496451118,0.0011941931686713647,-0.00629075035910287,0.016360210848294143,-0.0007563380141234859,0.001551021917990364,-0.012817633781060647
2024-10-29,-0.001098653083862866,-0.001435828729587483,-0.004167006148926622,0.0064609474713290625,0.002723409371409867,0.0007525396781845051,-0.003188960870208572,-0.0021918581465040963,0.0025434216750293654,0.008572359253786799,0.00040436196827139015
2024-10-30,-0.007027649057541451,-0.008692868788830271,-0.014800139811099788,0.009983562832530815,0.012176521596369533,0.004143564724518249,-0.003980716189483942,-0.0002615245816957046,-0.0029821810182423057,-0.00328281752665265,-0.00109697040820873
2024-11-01,-0.004296058749336576,0.010047868817220354,0.02070387765596605,0.022516637377792775,0.02617751524113739,0.01982886500148376,0.010578898436075401,0.002752715670489995,0.023541589719617572,-0.0015662115674922317,-0.005306644399515401
2024-11-04,0.011416004094633808,-0.0017219389225584065,0.009990274845262418,0.008438273592658066,0.0009555614988206638,0.008916252293697163,-0.006098536542186728,0.01171522635295467,0.0051496894429236455,-0.010962910776076482,-0.004486668328520321
2024-11-05,-0.007252850054092633,0.0037092777930688896,-0.00968527510878909,0.003758047452616135,0.0021975945568901605,0.001986930181182576,0.00845458754751427,0.008339293211531262,-0.0017317391189617208,-0.00977944534980609,0.004855358840022592
2024-11-06,-0.0028500668515690037,-0.014085859900303605,-0.0010694158890248253,-0.000571500113726503,-0.019536795362067316,-0.009074940118625696,-0.018810376701253777,-0.020862751657798162,-0.0016788619436217955,-0.0031597618653424475,-0.0040324540033915834
2024-11-07,-0.0005813478897097506,0.019453030603900884,0.02039543259754743,-4.378559935897886e-05,0.02770398057818521,0.0252599382936299,0.011362239411377281,0.01530768182247814,0.026167375011246663,0.011529269536415707,0.007646173352496177
2024-11-08,-0.0023046163596505045,0.010151037318464071,-0.010966096650021498,-5.415146708997055e-05,0.014099577155516862,-0.0022727650326333313,0.01616903123322736,0.005675686889701492,0.006278358467711816,-0.0008125674012663029,-0.010280668814732996
2024-11-11,0.0028649746059834884,0.0038771313752009144,-0.0034485120181830704,-0.010803869523146614,-0.015445910576797124,-0.0038323374194465347,0.00737093947858334,-0.004561096400508485,-0.015445910576797124,0.01085686529499057,-0.012733601922011516
2024-11-12,0.0008628916735465841,-0.003759355601198333,0.013962835455253814,0.01073714246425638,0.0149949906656979,0.008206500436050784,-0.008600074011638667,0.011094646541354133,0.013171805369586648,0.005884047803942666,-0.0041529566938264635
2024-11-13,-0.012225888546771962,0.019135424621942898,-0.0047490241366305395,-0.009124912228839719,0.0011135488020110884,0.0061999672380016555,0.013971469142599113,0.0005631835213219336,0.004925490036886989,-0.0010256987175084973,0.012577292988697327
2024-11-14,-0.0004042308871965161,0.0028230452169459574,-0.02796580667580889,0.0032430109466166177,-0.03476854236784516,-0.021559595374867485,0.0027700589138879295,-0.007199711534527327,-0.03177227175551939,0.026741948413400458,0.0035993774074760307
2024-11-15,-0.004841530167176977,-0.04301837332118408,-0.03482915504728207,0.010069413526067116,-0.03306397317612884,-0.04197528914529436,-0.06022593338783052,-0.009164822117379862,-0.042331493588683475,0.01929775423598204,0.03882932768053107
2024-11-18,-0.0014268578741626163,0.030150115936148515,0.002710778318701377,0.0005416680974084194,0.027916152539335454,0.015674601282439353,0.039457879671389993,0.004159355286816269,0.028355167277752242,-0.006606025609318926,-0.0016415453775233033
2024-11-19,0.0005975445505813819,0.001181057489058464,-0.012071294742698533,3.0288294622778274e-05,0.0012793200836926644,0.0046052110289262205,-0.0004046193963509661,0.012957349468092388,-0.011324709717596415,-0.0028210959516250986,-0.005748781280946183
2024-11-20,-0.003080447256549315,0.0018723290730339633,0.008588204189699855,0.006658557498009393,0.004006902328779695,0.005370824208273414,0.008587299429882511,-0.005741073706627927,0.00581237136093198,0.00036989843479820483,-0.00418611145977894
2024-11-21,0.001933630658102481,0.027214160896018875,-0.002061107321120563,-0.014026055872353874,-0.0008713863946553566,0.011970926703190943,0.03427811220538909,0.008646684608675348,0.018424106095437914,-0.007789718704292033,0.0024393801684933028
2024-11-22,-0.0008065301847477075,-0.01600999679065033,-0.007821880778175824,-0.001790936117140254,0.0016799287767506983,-0.0029110489983412147,-0.022236304800011503,-0.007874918637816974,-0.007286709133607719,-0.000803430612020299,0.006109233058584888
2024-11-25,-0.0013300809383555434,0.0009233239701027978,-0.003974161625298678,0.0184900833065041,-0.0023973360974212563,-0.005744998089854403,-0.004230422180257876,0.006634633560839043,-0.008829445479538168,0.014522914986699886,0.012503730004807942
2024-11-26,-0.005199021792313796,-0.0012630197394235439,-0.012273584839172291,0.00552805971121372,0.008459233580908943,-0.002006957553326638,0.003684824146184318,0.008489890708019938,0.0038617155854393515,0.012607696105770413,0.03116138268130512
2024-11-27,0.0018022098401453785,0.009703985718039904,-0.0002470177750157989,-0.005677608804079841,0.008434983125799433,0.010071845114986886,0.012724128451727138,0.002652408761316412,0.00939297884638618,-0.0049846315665886915,-0.0030319709627018116
2024-11-28,0.011184992329547921,0.0161859387538232,0.007912626242325704,0.0062479858642782255,0.011413253397324869,0.01985832199901914,0.019075192062741424,0.007611949742201751,0.017471794668614964,0.001112899498580215,-0.006323980876179802
2024-11-29,-0.01394400767291267,0.029362571385631947,0.00615375566120574,-0.009453002959207108,9.4131452251909e-05,0.018137069671201923,0.043760167803656026,-0.008278705174302589,0.0077670789527171935,0.0012984011520129164,0.009151421457791669
2024-12-02,-0.005544391415144975,-0.0007846118407879299,-0.008060619022803972,-0.004036271061549079,-0.004256919445482454,-0.004701768034373499,-0.0029437146324120898,0.002248068595927596,-0.0033282148916435883,0.0035369436507470264,0.0068343291466768825
2024-12-03,-0.01767966743950878,0.013242626613182457,-0.0019692446280831035,-0.011948504737515334,0.003747028783855734,0.0099198386456547,0.025884556449475293,-0.000988841230813128,0.01798623777595279,-0.011135192413431139,-0.0015585058843425776
2024-12-04,-0.007437361667536882,0.02095663584470577,0.00577868449303362,0.002959251147025971,0.014987905679575919,0.017455625398388335,0.022922225329445507,0.014905319732500349,0.02188589479772911,0.00908623150520053,0.007524064731203465
2024-12-05,-0.002198320544739174,-0.003284649187884384,-0.002507060815658463,0.009072946908674717,-0.004334300672196044,0.007412745017716918,-0.005799582757151959,0.007029707973709831,0.0007208396011555802,-0.004383126038274962,-0.01910088676052491
2024-12-06,0.009370971405404604,0.014768456533478025,0.012826842452684246,0.011013187893382162,0.016547148176064792,0.0036165383114632375,0.022313631572864333,-0.004258680825445263,0.009861928408596492,-0.003827924848865877,0.004850289673402175
2024-12-09,-0.004927791498392259,-0.0005769720854978213,0.0042770628193310265,-0.006343225414728723,0.002425131532735177,-0.008157026614473633,-0.0009664939073770378,0.006200780572146976,-0.003604884790210779,-0.0006441789856128735,0.006549183114547256
2024-12-10,-0.0030972051168526773,0.006629880428016359,0.009462321429447038,0.004731680506719219,0.01030980750432368,-0.004593785239903919,0.0060767412120827004,0.01138689619209384,0.014555628001451252,0.01387333716776117,0.010807952023693094
2024-12-11,-0.020722397121961576,0.04034544159906575,-0.006212263153006417,0.01408978372978954,0.037165230020305445,0.02673260461592076,0.051234793977006296,0.017937696439849476,0.03627213196039491,-0.015608672230867832,-0.010375452420754319
2024-12-12,0.0033045156939898275,0.03150958001218171,0.005506636004375167,0.011773007424393439,0.027183568378640506,0.0089635070939764,0.03722817142365524,0.025330095395243113,0.03202642345882742,0.025207137859571765,0.013773409611359125
2024-12-13,0.0060151825974037645,0.012807595663754723,-0.002151963628503543,0.003698853621717503,0.01727711395317245,-0.0006896839113130862,0.016408812165139137,0.0029195602290785034,0.008723410754803707,0.013318327729813376,-0.005142414648777016
2024-12-16,0.010800307165282668,0.015947212292478502,0.004970944289361752,0.01129570370547022,0.003971952789849298,0.002391764815992903,0.020415277793007704,-0.009851292416287294,0.01129570370547022,-0.0030964769944607875,0.008272769853273215
2024-12-17,0.0024966228431076067,-0.012588396672988722,0.0022261619035929088,-0.009347433614977696,-0.009245014584662186,0.006441682124509962,-0.015629367791526832,-0.007706583700200387,-0.009949761197456608,0.003517580580937837,0.0058588877304421305
2024-12-18,0.002610240947277057,-0.0069313192665901024,-0.0007465928522433964,-0.0059734921777540115,-0.00906382358419732,-0.007865017882769257,-0.005114865198727041,0.00038420230657976173,-0.00906382358419732,-0.006646995172190575,-0.0003799561411800458
2024-12-19,-0.026918529159904163,0.016610974415954317,-0.04164125092429296,0.002834195990406029,0.016265365103525258,0.006719303713323818,0.02349812936538309,0.012202962958861197,0.016891959111242204,-0.0017210788203279592,-0.030881468808106875
2024-12-20,-0.013813023393593433,0.018899549398805265,-0.011752949985596506,0.007526655305588641,0.011434177728313715,0.028418291909700855,0.018117669116945602,0.015514965215989312,0.013924460038907387,0.0011634001668939069,0.0001281797783893035
2024-12-23,0.010296888150893949,-0.004742833451638256,0.011441799719671011,0.009636221422067909,-9.040886718351526e-05,-0.0022652744823946913,-0.008082710611006183,-0.006759258291608875,-0.0009242212111430412,0.0005109176834001694,0.001182780763781699
2024-12-24,0.005001665079883209,0.008362590166804027,-0.008944141295552006,0.004356658642182524,0.0035736186173282356,0.0044901175228390005,0.010150256094774601,0.00924223688666026,0.004727611488737525,0.0028434804339210287,-0.0037616270092922137
2024-12-25,-0.006363836327142085,0.007797913191410202,-0.004350283274931616,0.006246178433421364,0.011593406926953164,0.0011923780740922447,0.010901607514200957,-0.0005364548241298763,0.011593406926953164,-0.004094354227706912,-0.005140898828708404
2024-12-26,0.004551358182211326,0.0027536051857736665,0.004083370905359938,-0.004969894217732177,0.005479454469217253,0.0027897241764267373,0.004318730547016887,-0.0049801676010143665,0.005479454469217253,0.002027325931836734,-0.0036579220425133245
2024-12-27,-0.002130465172684448,0.018165710461137446,0.012015285196750094,0.001967751139381635,0.022111842436047375,0.002498052395603449,0.023503957634203414,0.0107322560962075,0.022111842436047375,0.0066113163606297725,-0.00698637920400629
2024-12-30,-0.0035838006109330427,0.0031448811369048464,-0.0073949174800349935,0.011010252454468294,-0.004288218253380105,-0.0038170564019842455,-0.005944730578377392,0.010612745805071933,-0.004288218253380105,0.003932763247492412,-0.0005282003647664362
2024-12-31,-0.004732343504327283,-0.0024024490810003914,-0.0016646487103886363,-0.006938379759287572,-0.0074703780491952865,0.0005895915412656803,-0.004768435909205207,-0.00632504237260532,-0.0074703780491952865,-0.012534762553333467,-0.011938145635888733
2025-01-02,0.011544934268248633,0.012913432733335662,0.005677117529681261,-0.0063841525341743754,0.010515361253719092,0.010080841880832248,0.01402783907165491,0.013758168458652928,0.010515361253719092,-0.012081966593681853,-0.012644168390557792
2025-01-03,-0.010544908865506925,-0.006901054782056069,0.010424021108528636,0.021565234304691518,-0.02515942522590392,0.002089502422473872,-0.011318770762371234,-0.00900757840728798,-0.012582740245732825,-0.008873534242912595,-0.008628852058933972
2025-01-06,-0.013436269817524871,0.045594946197443253,0.008530323057442252,-0.021957516408126893,0.061672470805251275,0.018355942934240654,0.06462918521668845,0.013397543748973877,0.05262047425671677,-0.013946538076016441,0.012327107591497976
2025-01-07,-0.019178243122063444,0.006602391219706804,-0.01018988923829169,-0.00546906845268603,0.007303823963335463,-0.0007755328084443347,0.010999316425191363,-0.003185376559762125,0.00248680914139247,-0.0008946646122764597,-0.016366252622146304
2025-01-08,0.0027287697272997957,0.011759091041978836,-0.002543996352084559,-0.013710360505732478,0.007960307220768709,-0.0021166984329888307,0.01484100171895858,0.014313734704471708,0.007960307220768709,-0.005205205736069418,-0.013328065350457063
2025-01-09,0.0064734660857708095,0.021027441808374552,-0.005988111018465813,0.0031270520571819813,0.02357807833268727,-0.007685338233737144,0.024364206153170625,0.009483299546704663,0.02357807833268727,0.017550142789288587,0.012027619992342845
2025-01-10,-0.011879907286571742,-0.04969333143656955,-0.02010426642031517,-0.011820002761156448,-0.06556637090964046,-0.041556076968200586,-0.07400750182234131,0.00312328051211234,-0.06556637090964046,0.02131213979332257,0.04721456777052723
2025-01-13,0.019438114812307596,-0.038497247803104186,0.01581066319857947,-0.018400612334107502,-0.030163888450708276,-0.006367163420695673,-0.04555071763284613,-0.03977785664764647,-0.030163888450708276,-0.011734883585805841,0.004017912091146457
2025-01-14,0.009164282035753831,-0.01854479972227781,0.021203448511309526,0.012499249789153927,-0.011034288236648296,-0.02792099367679815,-0.01736760772236473,-0.006217358042225045,-0.011034288236648296,0.00562772524404595,0.0016629319011215171
2025-01-15,-0.008916599079118421,0.014338948141066742,0.01787397259798862,-0.009927413362094887,0.013560576906544764,0.007297302833546387,0.025591931054883072,-0.008489485521058326,0.016446389653685684,-0.0023372157674302527,-0.0019703137649289366
2025-01-16,0.00963112389021407,-0.042997365961264446,-0.008013524043129355,0.04134818004105534,-0.016481561695807518,-0.0077315212044502535,-0.04625339819747831,-0.022069403741452054,-0.01945073093813615,-0.011697251547082566,0.032760087942675445
2025-01-17,-0.0021188157152451834,0.014038520958979598,-0.01463383325763673,-0.02124862465896349,-0.008068592355548196,0.012273179571454507,0.019300782699201102,-0.007432161023651278,-0.010088930013303124,0.0031376312900340264,-0.01026293643830455
2025-01-20,-0.0053318698438397,0.015158763266317673,-0.011390893362704194,-0.01992907373761374,-0.008483935076184187,-0.00010692380154181391,0.02442249362515192,0.0017220089632671663,-0.014561592189041184,-0.015763919664173197,-0.012632119205029269
2025-01-21,-0.032001888329934794,0.0005910625113341545,-0.019552852950098933,-0.009656808791020061,-0.0003083794715504169,0.005695320707281274,-0.0005675202480939596,0.01877254292221227,0.012548924238858117,-0.01065254617567335,-0.02388964337792443
2025-01-22,0.008023122391895426,0.028429737122876754,0.01781004590627952,0.008869519884824088,0.02808474717444063,-0.037443712649417725,0.03211585721357291,0.009118628273162233,0.03603127322089362,0.07904056842953334,-0.003673093849075937
2025-02-03,0.005251085188348973,0.022219745097756465,0.006131073581503563,-0.01042970607943668,0.011401846102047874,0.012025885209170528,0.031862688032892314,0.005110642963428207,0.01728797389558055,0.007939584568997488,0.008502713920590432
2025-02-04,-0.0208456646472287,0.0069502839944980774,-0.013165387479453653,-0.011976186056891991,-0.004092168989789702,0.0073746830536362,0.010594762844217306,0.006259855823647594,-0.006354803926395461,-0.012435747439830317,0.02288083162717793
2025-02-05,0.004387576929778111,-0.00883809436676817,0.010529672324511408,-0.006750139625406604,-0.008076684833785189,-0.0020536897392091262,-0.0064318322331601285,-0.00258338808702944,-0.006927959494415807,-0.014084272670065493,-0.0045027132886322025
2025-02-06,0.0032273461863174904,0.024465601259385433,0.006993962869033374,-0.02608604919664375,-0.007095124200039901,0.026064061329327787,0.028194412891559256,0.010405094372095266,-0.007095124200039901,-0.011366641441585482,0.030190576241989044
2025-02-07,-0.00449020694460045,-0.027826665666979167,-0.006668129914369519,0.014633999692017906,-0.0007911874011479279,-0.014636193655502885,-0.03294383580726573,-0.0057316914642227355,-0.00597799441872222,0.009342898021671885,-0.024132025368472067
2025-02-10,0.015128695927547417,0.0016927912088432013,0.01691121239164774,-0.015582053343290343,0.0006883576234806652,0.012577793918412303,0.0026125011374355713,-0.005983582756819965,-0.006683136048507269,-0.016940517366839786,-0.00372540920938987
2025-02-11,-0.000847434556822976,-0.039155315450357296,0.004297210073624658,0.008586085153433759,-0.012654355416082803,-0.014141037224308947,-0.05027729522900228,-0.006814691298854295,-0.022510624786444878,-0.010587648624461729,-0.010444847894760226
2025-02-12,0.029213624095290297,-0.04757250870658406,-0.007187508123964274,0.02214118251520681,0.020224607655231784,-0.03494668348169202,-0.03720462311020443,-0.050659439646499514,-0.028629743828786136,-0.02143851723136602,-0.011689603752735247
2025-02-13,0.01993112595328562,-0.043182301676553125,0.03424534633579346,0.0331953763960698,0.022505405497077562,-0.033308263643505,-0.0369127847761123,-0.022707831932224476,0.00263203192111174,0.005086961371903009,0.019375344763597795
2025-02-14,-0.0030842880805312294,0.005852285619131731,-0.020621572516197395,-0.019444839935961782,-0.008394164078265449,0.0070003478380782445,0.0004473609521642441,0.0008769498978652979,-0.005558295334534317,-0.002006362800933895,-0.004752520053967349
2025-02-17,-0.00030806390296041685,0.025508502410985585,-0.006007741785953683,-0.009126039305016709,-0.019279442071710378,0.005331811607607798,0.02352719415877706,-0.0028698679125048017,-0.023218974596947457,0.0033602440773972493,-0.016886435307857085
2025-02-18,-0.01251915912272088,-0.014348627885447818,-0.010343075269393487,-0.00024976215258064793,0.009059995844360957,0.0023864147100664352,-0.014388072234469862,-0.006616245665215552,0.004313470283361348,0.00881546103118011,-0.00023037644285192616
2025-02-19,0.004396449949779983,-0.010998909867943116,0.0021230989427881894,0.008984625999706222,0.008929177101969063,-0.011821358511055785,-0.018785206641648605,0.004706766103842408,0.008667579019687687,-0.009200084722936356,0.0101294070113368
2025-02-20,0.0019486167811356338,-0.005185412838417317,9.250540351292934e-05,0.0021434910881366065,0.0018985362111989725,0.005341572083683391,-0.002858523541269439,0.002058650673916307,-0.0035415653297197758,0.00820263370434049,-0.005481070156958682
2025-02-21,-0.010129892353376673,-0.015711575466966443,0.0032878566596954055,-0.001957286246702078,0.0199245714271749,-0.014485976867003675,-0.00763888896462985,0.004701037466567692,0.01936157488393207,0.0025978780853564234,0.006198956374639852
2025-02-24,0.005798016137897507,-0.023214160375186105,0.0091882339432759,-0.00912284313789268,0.02327127864903462,-0.033377176043569975,-0.025632277286661714,0.0139982901857074,0.021621559530957762,0.009914852091832441,-0.0003507013106960517
2025-02-25,-0.007589140611659662,0.02405374637869878,-0.00860577633772619,-0.007215465368385207,-0.027823269616557473,0.0123863638067708,0.016637673427964628,0.0007447732791935706,-0.02163971373133563,0.012023420130136474,-0.020052659896779013
2025-02-26,0.0027117724665807383,-0.00831907907327952,0.023692385504106156,-0.0008809701223356035,0.004260694072419052,-0.015718679716136035,-0.020992964830499117,0.018575615590031735,0.016442849855267127,0.00012760355120997047,-0.0019138452297331925
2025-02-27,0.011952007835813053,0.00017535760834277124,0.0240710557398771,0.002584584405242684,-0.0052657727449735466,-0.010282828209848171,-0.002195718030415423,0.013339161195672671,0.018731819790845317,0.004485345256344364,0.01934330152475521
2025-03-03,0.0009420488895830748,0.009817061024898498,-0.02206094232410998,-0.007306273130506413,-0.010041346768346199,0.010203338231433202,0.020757087953872894,-0.0016027142793599482,-0.011377194983458322,-0.025104611612515704,-0.023830680767089368
2025-03-04,-0.027963925721442556,-0.04280654109891243,0.011372171909985296,-0.007775036930176412,0.01188507199405442,-0.003491071963546496,-0.03928427374316057,-0.017601286689329643,-0.005911169791859276,-0.02040032718636948,-0.03758007119146974
2025-03-05,-0.002486115900242567,0.010739742240632417,-0.001780656428756346,0.0018568549789629758,-0.015356748670588402,-0.0014963657263586394,0.001174561187457679,0.013232562168160896,0.0009632192567071243,0.0030525291935081154,0.011772621880606507
2025-03-06,0.010298985704494537,-0.0052560842203073594,0.0038226054928390727,0.014757493692003557,0.008822870159869822,-0.009551256796272925,-0.009967764467543086,-0.001568152905156624,0.006672088644353591,-0.0042533688943515256,0.015785527499769098
2025-03-07,-0.0011305144702657057,-0.036999169089031794,-0.0048069929901348825,0.02280806579396763,0.03422096659347183,-0.005980864300194002,-0.04049646686955758,0.0004011294683958222,0.015217702432892999,-0.002745308832996627,0.01909400536452267
2025-03-10,0.0018930675320593948,-0.00180966587428405,0.004287930355362901,0.009762524596623513,0.002090412054018118,-0.015400994109101295,-0.010300203673531367,-4.0540041967351836e-05,0.00975593379836682,0.009553015711516094,0.0025887391132680595
2025-03-11,-0.0025384413072596923,0.014719932824287204,-0.010990866161639384,-0.01568354549978826,-0.033081115260230574,0.03728328596077421,0.023707040860179978,-0.0007515861313598198,-0.01981588984789374,-0.016791454082905805,-0.004387836094883052
2025-03-12,-0.004370878625802193,0.021924711212199195,-0.011186413611158519,-0.006847312971604319,-0.015136166921693589,0.0005191276138200029,0.013416074897748598,0.013957524701538881,-0.0021171617443762145,0.012964461767491098,0.02860784163898845
2025-03-13,-0.013006575760586466,-0.046827978167868954,-0.0036105390240540516,0.02345762988169663,0.045601903958532836,-0.021967291849188702,-0.04608676649152166,-0.020506680129218413,0.017511851552123342,-0.03393704460135951,-0.032969974314863905
2025-03-14,-0.013503833120866615,0.0027117033497161547,0.010645146856845328,-0.0037308341528838607,-0.01358628763642819,0.0014473083500002684,0.0038762089537114717,-0.0056233283053296335,-0.02241354729634646,-0.005158920313124038,0.016791008334377282
2025-03-17,-0.006313027064593728,0.007542072931116028,-0.006935764479818585,0.003418820740755094,-0.008497119231729688,0.0001450592881117596,0.01522404220472114,-0.008832767458690993,-0.006881967131969073,0.005599008077115256,0.002621571075238231
2025-03-18,0.004439107965276837,0.007158033367820653,0.0009275390859580322,-0.004849427545632751,0.002928607122633939,-0.011852862553509202,-0.0018117993589316095,0.009955442166114584,0.00870597182048305,-0.008878117094857623,-0.0038019589137738945
2025-03-19,-0.0048787816703264415,0.0072082390582629725,-0.001240753580055284,-0.002911521528862926,-0.0034033395584706083,0.005006916566018963,0.010904833427018793,-0.015241833304674584,-0.005319793353819954,-0.004934908237031207,-0.005725602877300692
2025-03-20,-0.0002522791694916475,0.02678912177070448,-0.008339742376794265,-0.009541214521529489,-0.01259069480158868,0.006122632432543111,0.028980560808327692,0.011411777213242973,-0.0023067023115809215,-0.017621021761661564,-0.0037356007761745365
2025-03-21,0.008481298793809655,0.0055026381230421275,0.0011414707337892476,-0.0031312496537033163,0.00383588401303452,-0.010459618446505614,0.009367325672889263,-0.0023829194683221977,-0.0003144805104950783,0.008300138365496534,0.0015335665259280928
2025-03-24,0.012468973938966546,0.03432443455284033,0.014461637310818213,0.006474785812314449,-0.01613593464348767,0.017515981624902255,0.040965949648629915,-0.016352179437643943,-0.018102206593348547,0.013019777436933203,-0.005520891171790351
2025-03-25,-0.004767380247153767,-0.008255796865794899,0.00013736302052976424,0.0044674452944410605,-0.0038199795981443594,0.0031072763580154246,-0.01394669340374044,0.00417409558694537,-0.000592354148931773,-0.005848325443368847,0.009529494832547966
2025-03-26,-0.01176797150170546,-0.01913290859533196,-0.0062108181907614135,-0.008384501928435826,0.024541068535769445,-0.025179035552254276,-0.02714094782334109,0.008516231781412142,0.011984309159781242,0.005430559542290806,-0.010000663141747477
2025-03-27,0.003502749188022375,0.016698096478237084,-0.023852012606527296,-0.00285006179947786,0.019001071454872287,-0.016186920966494406,0.02036278837179506,0.0067620156045619835,0.006254540121387061,0.005994859644462697,0.0007453761341166092
2025-03-28,-0.002271146000065692,-0.00978222667716503,0.018542423564322924,0.008830816030217226,0.03661207628461308,-0.03451816141358242,-0.02020767058551587,-0.0027590555707057707,0.04056280691692161,0.01218330488085359,-0.023928983827177307
2025-03-31,-0.008692004178399122,0.0038994447842836885,-0.015505555401440626,-0.016907484395486207,-0.018906611535465377,0.021034705205956683,0.011514478959536535,-0.01827875565527378,-0.019902352184851778,-0.012972733040258626,-0.0050219982643689605
2025-04-01,-0.008182151360793272,-0.011062337895226499,-0.0027641834078482126,-0.01095614458670465,-0.007626365270122976,0.004644518620383195,-0.013926073267576777,0.0034934840719125595,-0.009641159646528702,-0.013353319346610382,-0.00035795302596632517
2025-04-02,-0.007579072388365193,0.0010644676074473836,0.01791463717929931,-0.007079404139584536,0.017118898207128155,-0.012559562798847013,0.0002158845633815215,0.014903363769538769,0.010859604910122722,0.01679156854562043,0.0007035428620518897
2025-04-07,0.03170966371150797,-0.018450776956720046,0.002517519493249751,0.016684034092135137,0.07273318678356326,-0.08745519568908164,-0.042730888966182524,0.03300403470579649,0.05852406566177003,0.08676766927380546,0.04474485005050488
2025-04-08,0.039232463732515196,0.029567442714149357,-0.03779947028069454,0.006500714775784823,0.04590940028883945,-0.03153424316744348,0.030320603470774546,0.011139024123447618,0.0006178197417971917,0.028940089234050365,0.04664998456494927
2025-04-09,0.0002853192482583228,-0.0033063716235657153,-0.04892152255534713,-0.025572598952782022,-0.07842281816097724,0.03879769714165528,-0.001202666295323021,-0.03919455372716858,-0.07843272938804635,0.03713697139597111,-0.0009230769089388358
2025-04-10,-0.013502779046348029,0.03317598911747038,0.03316676876065793,0.023766147003122785,-0.059143975271098596,0.06597992126241921,0.04815337578197798,-0.01775789027100696,-0.041136937608310435,-0.057234168360534736,0.05217611351274013
2025-04-11,-0.02998159871933173,-0.02542579471888769,0.02232947726163752,-0.03491825670128479,-0.01729818889253105,0.022239799102306772,-0.032513178358690456,0.01051029659511273,-0.026553248378952964,-0.011628883241593438,-0.029395388798084003
2025-04-14,0.01639851989611159,-0.0358598616944553,-0.013347004470886251,-0.031623091887720445,-0.006344414652708112,-0.011940685196187222,-0.024251880152087124,-0.01322335745699173,-0.008397481611675289,-0.009192439834894057,-0.029909918558796173
2025-04-15,0.01961166667171423,0.006512218481590077,-0.015204757763733201,0.022040803629128507,0.011738853791828993,-0.002826859716880764,0.0014287377825732035,0.013755029787853201,0.01791405500104718,0.008991498735009679,-0.006991202628354953
2025-04-16,0.004954363914524798,0.005585979563967465,-0.007631228529142636,0.009194852798116474,0.0018427393005022719,0.00840494661820318,-0.0003825905537421792,-0.0022271383782022282,0.0012218600093679144,0.01908272568910797,0.0163706459698246
2025-04-17,-0.005743277628217414,0.0058353219989653775,0.0032051542350606714,3.1140042203753326e-05,0.0017190725751202078,0.007418853515330985,0.014278743122739024,-0.0007248999758457573,-0.0003859151482626484,-0.0011077731423560222,-0.0030930186360255962
2025-04-18,0.002476589527396461,0.013873626821896374,0.002607587791081639,0.0011304900091007597,-0.0028547775962847934,-0.003972296052059751,0.004904243002904207,0.006032081624660901,-0.0033449846014680564,0.007693417289613276,0.00873952673832105
2025-04-21,0.028043305390222317,-0.023242853192300406,-0.008272195114320674,-0.001934170995196707,0.02167152409428308,-0.017401847451312347,-0.03635805841267455,0.006157159779622223,0.026998179445512638,0.014836557383753371,-0.023483668569403576
2025-04-22,-0.02493910895595299,0.02259514010629482,0.015554229827025569,0.009188890399035376,-0.030480102753448868,0.042386357586566246,0.036046244170949635,-0.020895554543912565,-0.014434961826318427,-0.013925772833271233,-0.0029315387268341805
2025-04-23,-0.01589381534544933,0.015044033527133748,-0.018737268509431148,-0.001154521618975335,-0.002113740680874693,0.0015903071787441627,0.0072284308021614944,0.030242042286902488,-0.008127140298004303,0.013130180393517007,0.022104550886128504
2025-04-24,-0.010814276239679437,0.024225806135380622,0.013033974254156377,0.010233094889813527,0.0029641515167791923,0.02085495298446931,0.034899388197767424,-0.027123164424753654,0.002514819706439844,-0.0026426758070925427,0.02077030127556072
2025-04-25,-0.001243346004911115,-0.0017757678242924049,0.014718775199991208,0.0037846840705531015,-0.004398552906829732,0.02632483322492361,-0.006369543338091532,0.0028354003955102978,0.014872949747902337,0.005759120415446665,-0.010593962345418437
2025-04-28,0.0013102652434419295,-0.01122180727267258,0.009303955410498416,-0.009389557696655707,-0.00795967815749087,-0.016024741325247782,-0.0054321619396655585,-0.0022981880212149895,-0.019563864574255924,-0.01659988674608026,-0.00037123120496622853
2025-04-29,0.00852779264190547,0.012048496305047155,-0.0004391541263981946,-0.005996971261920725,-0.0055257730786551496,-0.019907827888890006,0.005102531339962172,0.004125205825673032,-0.018440867752497408,-0.014131839150841513,-0.0018181995528382773
2025-04-30,-0.008049308087598073,-0.01135656232911747,-0.004088628835903829,0.016629828538353014,-0.0019207650866427776,0.04702955094223057,-0.0067643183246247265,-0.025369526862791814,0.01165983514344382,-0.0026126461624318593,-0.02569516521121686
2025-05-02,-0.017611452995677217,-0.038649121761384166,-0.010252539807377392,-0.020164396021277325,-0.026459339231042805,-0.007815145074768114,-0.036041050492859994,0.004135641756078131,-0.030057369621821206,-0.05078686958315707,-0.047748229618191244
2025-05-05,0.018783530047443736,-0.00576164001995616,-0.0004267228797904995,0.0065204223519849756,0.017744086648238223,-0.012003990869908315,-0.030239764034258786,0.02446750964664235,0.008778478326252215,0.0030129642103132277,-0.01799159283844587
2025-05-06,0.005594043183135259,-0.009267795652238323,0.005581682190320579,-0.002104623293454224,0.00014297521257272683,0.003673367366082518,0.0031179047142649297,-0.021887355743571778,0.013046592205189833,0.0017196421952964669,0.009009558530188533
2025-05-07,0.014466511499949328,0.013435838386554691,-0.008593511465389437,-0.006214623644275432,-0.010737480210782219,0.016003020732826195,0.02358135806420908,0.012337074742251247,-0.01023115381997993,0.010423903703220699,-0.013363560691561166
2025-05-08,0.0029246424939354254,0.01054858881515493,0.004919494218806256,0.006337516299995979,0.0037566772035953298,0.01321183934884958,0.01773598074603744,-0.015590973309136242,0.010104267139689538,0.010002664654582365,0.001736594687598625
2025-05-09,0.00024091328549733816,-0.009331197372675145,0.006856616964591795,0.014968775114871807,0.005078001372390581,-0.011002701923377415,-0.005670428982975391,-0.012384416234252201,0.0007234664935485231,-0.005777498786485646,0.0027597617482591867
2025-05-12,-0.032691869934731346,0.029606587402314248,-0.031312170692687845,0.009546456935447903,-0.005487750627374019,0.005248321731380771,0.030742094444550748,-0.001185264101832913,-0.036800457592592165,-0.03479981735759946,-0.000493625429995805
2025-05-13,-0.00838624672541662,-0.005008308286295763,0.012628104069776557,0.02013683434716192,0.03326551729760438,0.017922211056492297,0.000511639703714855,-0.022423744898215987,0.0015464537069294626,0.017800741616015248,0.0013815732123154123
2025-05-14,0.0045345510325499605,-0.0034943324278850964,0.007327133743962692,-0.008548893050851445,-0.005116623945611446,-0.0062362926806754735,0.010797399611032155,-0.0072899886177238415,-0.015934782269838577,-0.01480857809554211,0.002955436661894258
2025-05-15,-0.020516602433461584,0.005048710078021832,-0.002048967516139949,-0.011299495588915232,-0.010279547268722645,-0.014580331512260986,-0.0005167437169871225,-0.0067413449353701345,-0.011299495588915232,-0.011210018507642961,-0.007199692204943264
2025-05-16,0.018375731272540347,-0.017618828753737492,0.008433372319037236,-0.0019760720582680906,-0.006753053034163608,-0.015171237314630104,-0.026346660672128968,-0.0023717484656677517,0.00238239009650785,-0.012132646759809091,0.005299557742883274
2025-05-19,0.004499539021434638,-0.009184691658275596,-0.001434397970680919,-0.005473033718730823,-0.009454615048227274,-0.010705082778879013,-0.008175096175749574,0.010663269198062653,-0.006530575603176131,-0.004715288745727538,0.01385400465389026
2025-05-20,-0.00846598831001713,0.026946330872087226,-0.03139384225844292,-0.013946778398714554,0.004953837079412141,0.022870273853270524,0.023210571585315625,-0.0023327983249794935,0.0009166872106162929,-0.001406348830477226,-0.013808096940787218
2025-05-21,0.011007864381598769,0.01811491200042361,0.005765067461345992,-0.00956061570526488,-0.005434513984680358,0.0029627912413455557,0.017557830479501085,-0.005525841884889268,-0.005262899766407583,0.001297613406092699,-0.005997657687176101
2025-05-22,0.006824235585712823,-0.00934585718360754,-0.02302266409272244,0.019287304318935106,-0.006171154818661355,-0.01269122600457152,-0.004093988293501161,-0.009850355044961345,0.0010220643940079912,0.009438741218629736,-0.00537217740646979
2025-05-23,-0.010963939420197393,-0.00951303540959549,-0.00683875591244032,-0.020283346581616856,0.0007513094077138682,0.01007537732587265,-0.00593379825298442,0.009588363396417868,-0.005055660523530358,-0.017958681067743527,-0.022250048369315222
2025-05-26,-0.007459588785840188,0.008770746080721944,-0.002746794812283562,0.0003911037312505361,0.000804716291733028,0.007633407957124101,0.008287722524468577,0.005286917492087467,-0.003499328818088704,-0.014330393030084248,-0.004990059135265892
2025-05-27,-0.0016085494342547024,0.0011669656591951627,0.002763015948607191,-0.009655606161157293,-0.002224662245781865,0.008430766462819483,-0.0012055381645308025,-0.005221842613567099,-0.004939650047125229,0.0008643680087594419,0.0014026072470054718
2025-05-28,-0.01723493775168216,0.024396616263529364,0.008116963666246091,-0.004332121126612373,0.01152451339137551,0.025628569317600675,0.01675586701006136,0.01638860716515922,0.011492041130205613,-0.007265362136071679,-0.02541086141453277
2025-05-29,0.018314732707230708,0.017971501310448695,-0.007624761504474062,0.04674974816120801,0.007024754723069959,0.005082399428353016,0.02621339913327577,-0.014861847294241615,0.008828277565323969,0.01322733930960874,0.014704240016869144
2025-06-02,-0.012460365025375574,-0.0010088865926658475,-0.02040047163286703,0.04100545399968461,0.0031265577798848167,-0.0009715784942492811,0.0038744222815973632,-0.012744984111265512,0.007498296117124511,0.02537426010207904,0.007570580529668322
2025-06-03,-0.005541545888750489,-0.00026179357759763787,0.0038561594372941623,0.02310997285020247,0.00207717735390368,0.020855210972991988,0.013494904689535441,-0.015827941451414973,0.013065547258511584,0.002879534741789239,-0.0006318507543856926
2025-06-04,0.006619198108883553,-0.023586112856042025,0.0054531602985769725,0.003419043456228279,-0.008817244194679516,0.00028958878435483837,-0.0259389885315288,-0.001742557771384638,-0.00040889289829661515,-0.007212986177943942,0.006633255409857385
2025-06-05,-0.013522204093376658,-0.012872869646256446,0.019177544830325095,-0.009017168389033678,-0.01596265297425235,-0.02231647276678852,-0.005529337935189987,-0.003491604661872705,-0.01907075726108017,-0.006508658613216109,-0.011519306978231577
2025-06-06,0.005435950686008402,0.008429962453410777,-0.00010191447496801787,0.014736666132132878,0.011827137627018175,0.002513170414225746,0.009819451073335927,-0.013279984339561401,0.005074546481684326,0.0021854256828707595,0.011369720212634651
2025-06-09,-0.00043046619825404253,0.017713684242124383,0.021324187838296853,-0.016622734239566395,-0.01063819061012287,0.02885499870843385,0.02970233156451907,-0.0191497628916405,-0.017045800892225682,-0.027364321447259088,-0.010945439195809037
2025-06-10,-0.013765130412940012,-0.003363544891013278,-0.011660866717056129,0.01567671831342582,0.020265633210204043,-0.006610711114443816,-0.0037452088763706244,-0.014311463765939466,0.01857577783968445,0.02423442730126289,0.022357969892403146
2025-06-11,0.02319328755473346,-0.016514077416244582,-0.0030472542903749265,-0.01195645797895343,-0.0032888964966386698,-0.0068851688845604775,-0.01656054529827124,-0.0030226680012932494,0.0025858557911046243,0.00043361364939233527,-0.023083270157160107
2025-06-12,-0.0036008845110421053,-0.021800021234324396,-0.011076932093589582,-0.003763434476955559,-0.00935198199659254,-0.014697892522957279,-0.01904938011807522,-0.008076529549417325,-0.013036649918358826,0.018676156734286915,-0.0146435322322091
2025-06-13,0.002736186910451373,-0.010158492897167757,0.0016669515147705316,-0.010760144591936619,-0.01670224030692672,0.003123495328899245,-0.016866985371698635,-0.008190741467813697,-0.009920111568149093,-0.017744898027445888,0.0057433736142613045
2025-06-16,0.0052215045746024456,0.04199715994056389,-0.001516684950782647,-0.004801430689656152,0.005267121555995152,0.030296770589000026,0.04987353744344928,0.0025603495907747607,0.0025006619536048855,0.004205939599203781,-0.03953672768071667
2025-06-17,-0.0004042151445569353,0.006087262378150687,-0.015512675665165279,0.011703962618138913,0.020489604790494182,-0.003083634430916915,0.01577647186421945,-0.007232282919842996,0.007376835203536676,0.0036120255894219553,-0.011657017865375782
2025-06-18,0.007442930340058532,0.006669156462294785,0.014495293862095462,0.009731634830749875,0.011574054254344001,0.016447829664858755,0.0031698745705607094,0.005666620570083214,0.012156450847372019,0.0063968674095158575,-0.019577769238146588
2025-06-19,0.005648995079460983,0.0037532837720455348,0.011023246651847451,0.011777811301152871,0.020723429856000397,0.010954127103946915,0.0211215159714932,-0.026845212429290832,0.025255481665962105,0.004707872758185498,0.003909504893447223
2025-06-20,-0.004972633426837125,-0.02664120477939235,-0.005771047977186453,-0.011571974756950201,-0.010439397125735458,-0.022409526707915274,-0.017608206983037,-0.002456476761272067,-0.009654158450939495,-0.0010284780653973258,0.011886638400247618
2025-06-23,9.16332209172279e-05,0.023456774576827582,0.015948562087915064,-0.00486310789146549,0.011219082177994534,0.03517188314625811,0.002700301078590168,0.005773118252197212,-0.0003375738611093304,0.00470318051727836,0.02330996123289683
2025-06-24,-0.0075143195851162525,0.015197938761638097,0.011882880227773304,-0.008134001038754909,0.007663327847507506,0.016758714306451594,0.019802585705169167,0.007000313452016978,0.005004128706686225,-0.0038817276097281765,0.001608506573989801
2025-06-25,0.0006276135442823128,-0.013583270911811957,-0.004508064886368106,-0.012740063350196063,-0.022546102244285365,-0.01493250252092108,-0.016696328254442578,0.011265216614421592,-0.02204612258926601,-0.012922809553812411,0.007039205638649801
2025-06-26,-0.007710092815894336,0.008510104639386876,-0.012259791970406404,0.0031089759118612488,-0.00012907829047033764,-0.0028454488385088648,0.0062344994821667,0.0006271243557284993,-0.002895969978919055,0.002729680868736225,0.0006304519497267553
2025-06-27,0.0025069772975637346,-0.0011717327453824762,-0.012215395706487431,-0.00967072882295646,-0.007566996201314263,-0.0013756036683012594,-0.004369852003986079,-0.004999116473975515,-0.004856426879677144,0.0030031933763051966,-0.00491784767242583
2025-06-30,-0.020420638817631655,0.005144917296344715,0.001604382049594585,0.014973453670173748,-0.0015359014761229077,0.00922433630180769,0.007409732119791124,0.009899848339553263,0.009632594776043762,0.000737014512135481,0.004601941435727563
2025-07-01,0.010925098341871092,-0.007817806890386313,0.007671745467131388,-0.004785833140559368,-0.011564623624015308,-0.0030652105262675977,-0.0014514400414041475,-0.011914180005584252,-0.004567775489795155,-0.010443931816804955,-0.0024474086734606144
2025-07-02,-0.0005590062609690805,-0.011426652030088285,0.015200213124530421,0.029818448216610068,0.012019453435754696,0.017983965292583132,-0.0187542829190633,0.018213183413559153,0.006702108598591706,-0.006295871700971641,0.005073983857015861
2025-07-03,0.013779036932669733,0.00706494458700857,0.008373593584840355,0.015622691601562507,0.000713697234008992,0.01093728831242849,0.008157675170865778,-0.0035758540298612513,-0.005200488838415035,-0.001921135240934689,-0.00015815211847242105
2025-07-04,-0.006150295555701726,0.013095038343390337,-0.013168119956526012,-0.009323529737955083,-0.007701037111757625,-0.002919830865279166,0.014571700397407888,0.007429291471331015,0.012595200065720819,-0.0021884988085351478,-0.011621549686557478
2025-07-07,0.018602186862116055,0.010430597223231603,0.010349477842086268,-0.0012691189428398753,0.006364952215961414,0.007590422553553966,0.00997099257917126,-0.005039067700667477,0.0014115616966907571,0.00032569160147355447,0.013151811483736639
2025-07-08,-0.011786947450018006,0.03493351072014424,0.01618539944016915,0.026112969857249358,0.015728131592818956,0.017344893235833502,0.04730479951680918,0.002792384421322088,0.0064391890973242065,-0.028121920142099417,-0.002840685919794722
2025-07-09,-0.005730618184210787,0.011795697608616457,0.022147144077040614,0.028215820248388833,0.017307034791032377,0.008092145509929927,0.019207946571001184,-0.00492001955688363,0.028771432788724415,0.027984137861528535,0.015402861615515795
2025-07-10,-0.0017835923906962259,0.02042593503729122,0.010952854920475505,0.006159918072841266,0.014569022070610654,0.007964327656914535,0.02254879095998715,0.004305603458458632,0.01570024593888118,0.010695976218435146,0.015902569304856867
2025-07-11,0.0007746506283411812,-0.033539658835156305,-0.0045475778931700255,-0.014134094813305501,-0.042529726605146576,-0.031471763230309646,-0.04090518346183862,-0.013943971605195449,-0.03833063724886957,-0.00973157256507771,-0.03326321781702888
2025-07-14,-0.003349597210452045,-0.0055898253697993505,-0.011232503713543673,0.012350465394669089,0.015068069852127452,0.005746107232893455,-0.0011833601737298496,-0.019693346904548194,0.004895678113559657,0.007287214328765862,0.011966200860520942
2025-07-15,-0.012761336208770752,0.012625847741915006,0.0001465678547242869,-0.001040579894387559,0.01010492658963642,0.01652331540785363,0.020043133553995156,-0.0045980535530356454,0.0047417289727829295,-0.0013602073774735455,-0.003179342350599736
2025-07-16,-0.029905864244318653,-0.05415129808276107,-0.03135589271535721,-0.001121665036840728,-0.02913027497256741,-0.027113729128543613,-0.055216983418547104,-0.011836158070708053,-0.0371613530839123,0.025734501860949555,0.021041754274630824
2025-07-17,-0.009946577225166009,0.006243628386878013,0.011879289336300503,0.0061495658370631645,0.01248254597612052,0.010787641064868958,0.011604213722700558,-0.016909756421728057,0.013502088723715593,-0.0032619824860305553,0.01633293851790125
2025-07-18,0.003827351448903541,-0.00701867614369613,0.005255501552951791,0.011894546987226492,0.010596241277104382,0.0013765983983992092,-0.005748418374633654,0.002760759730310647,-8.869288866967628e-05,-0.002411752226014067,0.008835877661324792
2025-07-21,-0.0048072471292001555,-0.005684143930540916,-0.007418204360047605,0.013172267464032078,0.0020268190372590236,-0.01388121943888133,-0.004801277426569883,0.0050673325602277695,-0.004630162548734783,0.0004485277606920872,-0.002751608088483311
2025-07-22,-0.015371475603189725,-0.03076043964397046,0.005211829003215301,0.007304068277594611,0.005014528296214571,-0.024924058553608037,-0.050033472760244314,0.017528066587652453,0.0012707806803948785,0.0045384416469967746,0.030858776919711374
2025-07-23,-0.0007618846978034814,-0.006652227082198536,-0.003220277307656653,-0.002236086688393285,-0.009359852404415123,0.015442171266957471,-9.72818981140507e-05,0.002949243829806677,-0.006800254637750728,0.007597918357270722,0.004895472799093331
2025-07-24,0.007277694436269262,-0.0028654654212795228,0.0020059694513107815,0.012928116313259056,0.013222425370348734,-0.0016408102937457611,-0.012435999951372864,0.0031026675832751907,0.013222425370348734,0.0009468324051876142,0.014560912041792265
2025-07-25,0.04346178023099559,-0.03987529035565506,0.011460936341928529,0.00041585650952385045,0.027983145705731877,-0.002211257666205798,-0.04622738250976721,-0.012267305458832867,0.034601918690295254,0.045891711899477855,0.049538694727711996
2025-07-28,0.006953490317354177,0.0086667473226008,-0.002990807180587047,-0.012890194654566017,-0.006420950113275082,-0.002486868468709297,0.005547871861173486,0.00820515107759125,-0.00541985939711484,-0.00034811252774366586,-0.012379498355628248
2025-07-29,-0.018171445265441545,-0.06291142401820032,0.040832142444397646,0.03445968653130532,0.06008873086307309,-0.022232050512556535,-0.05382803272121939,-0.016001027636656194,0.02743017354798566,-0.007461693491329654,0.05236452974724141
2025-07-30,0.010659733640699238,-0.021359550004768503,0.02890033325435895,-0.0033139474638058386,0.040921936498275635,0.025402417740772128,-0.01494629465391519,-0.013085753580092008,0.05048475183866247,-0.017031462323903762,0.0008943326438512009
2025-07-31,-0.04150622280798977,0.05912871648008976,-0.029622928157171418,-0.08403577771769716,-0.05796414042756143,0.008821369965749799,0.04414368253726879,0.037982772676273514,-0.060359482328354586,0.024796290020448475,-0.12355755274782237
2025-08-05,-0.012263147503259214,-0.02270098770995268,-0.008247439718031963,0.012185550903812717,0.0029222292972887753,-0.018298326680804528,-0.03045120371574985,0.005850325855190112,0.001692790939379074,0.006631661182053059,0.02698629242410745
2025-08-06,-0.007932518341360106,0.030040429060942897,0.014130069935773166,0.002788735816220014,0.012401242588472602,0.022606902714870748,0.040778604720639065,-0.004882936628692139,0.00979014785962069,-0.019504379618870738,-0.027251125968395035
2025-08-07,0.001515624999619223,0.003043929519849284,0.006907594136836966,0.005713221595294184,0.008698340856376652,0.006803851331882003,0.005716785190124399,-0.003049949268944881,0.014179059381114412,0.01069653755556102,0.017661213584283027
2025-08-08,-0.016701553812909237,-0.030173283079979445,-0.001022645805570618,0.03123647016742511,0.0323002945789437,-0.009292713075472617,-0.03511797134831981,-0.0033628089451344465,0.0014887897878770135,2.062305372560469e-05,-0.023357016813017696
2025-08-11,-0.000418207440149327,-0.02711539581292205,-0.004841302803747967,-0.012929403580013507,0.005567943650611898,-0.017063910171286705,-0.02454085493024331,-0.006310839265407689,-0.006158211490900308,-0.013088829374564745,-0.023888825101797646
2025-08-12,-0.00217030781212498,0.004749338897750791,0.002812281299927176,0.015792267412904626,0.02192154097841792,0.0074225901756510195,0.003283676691035983,0.005231367194501161,0.022679263947932682,0.017872151547083596,0.016583635545093716
2025-08-13,-0.004512993295229546,-0.00022872173055050538,0.013859681783595396,-0.009811817336495665,-0.009498144804774233,-0.020722615469184823,0.00014092080541044938,0.010733240796574228,-0.009498144804774233,-0.008007327648541545,-0.010490348720300552
2025-08-14,-0.014619061424865668,-0.026124097567291654,0.02207052652664211,0.02293481124016779,0.032680526114960765,-0.002057333580378221,-0.02937945999197576,0.006083861724203351,0.03211139028660458,-0.00029066529881028626,0.020623476316641614
2025-08-15,-0.016646610744417267,-0.007572688933217914,0.00363272418627944,0.004514485669577767,0.029374905055797325,-0.0031490548018682043,-0.012490378582164136,0.001270891825725225,0.010469669312480695,-0.005951857134324556,-0.005715595921889832
2025-08-18,0.005375217545386002,0.03264359773908545,0.0004659911285834579,-0.007622750858960543,-0.0453523441206399,0.00027312798642194734,0.03970423097735726,-0.0017764112375376526,-0.022719694938668534,-0.0004546983390073707,-0.010233576658182076
2025-08-19,0.0007211917947211773,-4.926558969852238e-05,0.00481512026382098,-0.015752156515385425,-0.03219768023984491,-0.027468338122103676,-0.0030492789991541924,0.013496089720719601,-0.03760136330673076,-0.0003937537055257283,0.02111995898999781
2025-08-20,0.012061473425376758,-0.03641410376054558,-0.03231240029723822,0.0039014951980200045,0.034244542444276584,-0.012102177862879926,-0.05205010130340767,-0.007955051571403565,0.021380351696558126,0.010676854444596059,0.004662393850309032
2025-08-21,-0.006065634371536649,0.0006084396394723246,-0.002984693775159272,-0.008204665022031996,-3.4360167447945907e-05,0.011083133812879334,0.0007160888995859649,0.003536462415600017,-0.0120374279603285,-0.014650869940569819,0.001213175938649317
2025-08-22,-0.004197243066271404,0.01766161076368015,-0.02097945805558299,-0.006907322387282903,0.00938317117169506,0.01934269567702814,0.024924937049712066,0.005908592081720676,-0.011379055460021778,-0.002148492664388565,-0.022610627272517152
2025-08-25,-0.034141792067990576,-0.015754131584959707,-0.008042275083337158,-0.006253645515660832,0.01713690202772772,0.012739420341799368,-0.017517057175655066,-0.034918194735785404,-0.002636828795646325,0.004117257073037931,-0.03953066162140029
2025-08-26,0.004753836114841027,0.003194629070677505,-0.01288674570816716,-0.014637946351562459,0.01887678067413982,0.03560503812961427,0.014623363769610412,0.006502885884260271,0.010636635866599464,-0.0016818374280120991,0.010637571133001575
2025-08-27,-0.0023761775348047267,0.014791821918678616,-0.004707949788789847,0.00026416541364727465,-0.016749461930004744,-0.007084469793342207,0.012048814378231909,0.018674432902569166,-0.017020556358405808,-0.015432643805202872,0.013561217760930028
2025-08-28,-0.0023442495297747445,-0.0031031960229777706,0.007028121456145916,-0.0008917939927587477,-0.00037915552662295027,0.005158551173182266,-0.0007788728313498821,-0.004526885811479605,-0.00037915552662295027,0.0073541247663395735,0.0014875630090510905
2025-08-29,0.015360790296740052,0.010170913170799064,0.010505064684091283,-0.004712518713890326,-0.027768250765769192,-0.021031064830514024,0.007681170008635682,-0.0023122660747896817,-0.032123630975607304,-0.006123045871533959,0.00835240762786533
2025-09-01,-0.012059827703717671,0.024312262851434712,-0.015142144112047246,-0.0017540157404756784,-0.012982601924236014,-0.009199516552428556,0.028035393548462073,0.002535275229963052,-0.025756958308041738,-0.0018524750828671037,0.018089782170385316
2025-09-02,0.004756896690825111,0.015292886850216495,0.0015119505190689755,0.0009822286618784055,-0.004583153700771003,0.0024750388744091225,0.021775769062881735,0.0004630063387553265,-0.002279008311224018,0.0047464861507472145,0.0014634606446128813
2025-09-03,-0.007794928427376595,-0.004565775104234902,-0.0029997169542640423,0.009044044766950393,-0.004019652131436254,0.0009638731341951035,-0.007151068940191204,-0.005969271869038506,0.003364652788276431,0.011377402926550142,-0.0019725542006132453
2025-09-04,0.02057166672529196,0.03012823700725618,0.03840190368439037,-0.013100112088041738,0.03277116047720164,0.02790075250784556,0.03571142126381577,-0.0003496474848243185,0.03463053383554921,0.014630121029715903,0.03067032992096347
2025-09-05,0.005202154613774888,0.001236309631017572,-0.005152292246982271,0.002456596162460828,-0.005768763446674133,0.005588961179124404,-0.005662590716957701,0.0016844366637491408,-0.011778099833312312,0.005343119580944716,-0.00019911538441431476
2025-09-08,0.02775522009269319,0.020909793504183104,0.05060973952765244,0.010744782185464357,0.04283600668523715,0.033785803859954194,0.027963369822746498,-0.002223907622182257,0.045330634703280186,0.02235220193118198,0.04046108320466568
2025-09-09,-0.004787880540712719,0.010878302160347585,-0.015899949044349087,-0.0031648600156523785,0.011869266443043897,0.036860428903451085,0.010979513055000629,-0.003139863267157446,0.018165108769324655,0.018612298213077832,0.010237286300596986
2025-09-10,0.0016363752334281516,0.022406979918810827,0.02186888668086248,0.003256268502780722,0.0219698840840942,0.010396187606525489,0.025041990265124953,-0.0028493058721774656,0.018942321076381136,0.015615256139771069,0.010810398521015036
2025-09-11,0.0057233576593132916,0.014300581070427826,0.004097750058972135,0.010961754609716785,0.0037172500885585547,-0.00043172494126693904,0.004442286264920751,0.017171928245367174,0.005850537698195657,0.009892580395263306,0.006879044651146951
2025-09-12,-0.0013819908643587136,-0.0011628862571675114,-0.003315825491950382,-0.00024518866883084045,0.0002221638377253956,0.0015253169677155822,0.00018554803510143847,-0.005437354859592976,-0.001100580732414859,0.0034544880004570657,0.0016670445312475153
2025-09-15,0.005626398204647211,0.024565912752294104,0.0019053646803482243,0.012937055884441384,0.018559523457945537,0.016109847085671813,0.040286489976680016,-0.012528723185546042,0.015336163856727498,0.0003636171592844759,0.012106458866235856
2025-09-16,-0.0022851910500094144,-0.0185299053305858,-0.0018327611336515226,-0.009852951654527736,-0.015082782278074348,-0.010340895414054429,-0.02476084877551088,-0.00014221417760222166,-0.01574943877221498,-0.009609559164083514,-0.006409811252145237
2025-09-17,-0.008609555178046272,0.009842965498167554,0.0001000913956736571,0.0010214104941177193,0.0316065190294251,-0.003192698044536831,0.015853143804659818,-0.0028853173111808754,0.03077227404468083,0.01566930127577438,0.00403477816742014
2025-09-18,0.027869107203783456,-0.05221266298097908,0.007732484896161703,-0.044460511003734826,-0.04323585364708461,-0.021502151360211202,-0.062419373082243046,-0.02545216085370385,-0.02795880008642106,-0.010565397427080625,-0.01701720406091699
2025-09-19,0.031930380191178845,-0.007486610445012846,-0.009309582046691495,-0.017018539231000395,-0.005544810997264282,0.010442968148280182,-0.016076263161281395,0.0005403649615658788,0.004804564136778749,0.003787473188802783,-0.0021970616298791577
2025-09-22,0.001923678172860488,0.006254743731290267,0.007169057923484397,0.007140784532119471,0.017590641201062636,0.006909079750047778,0.012869650174048897,-0.021992224786204884,0.012199477345807305,0.02050028217644953,-0.0013722588210365967
2025-09-23,-0.004645787680445998,0.00936860582004187,-0.0019046808305242802,0.003981430714702999,0.02044435603123036,0.0022852819495781567,0.0005593610875863804,0.004415667303817391,0.010171531594657954,-0.009712018202297001,-0.02132081026876121
2025-09-24,0.006994352651687741,-0.03125832701173714,-0.005753769307240428,-0.012162851264225522,-0.03755916930163802,-0.023440594520541085,-0.03896091486781942,0.0118979118615646,-0.003463141518177948,0.03453554236069743,0.01539222198806443
2025-09-25,0.002567019969256762,-0.00576705140501399,0.01499844558079567,-0.002540461993361498,0.003178442590493621,-0.004774862882577104,-0.005707486387242833,-0.004059402281138195,-0.009229045300261066,-0.01750829478611879,0.0003255167101181011
2025-09-26,-0.011832813144787476,0.004475406750173207,-0.004900154291078244,0.009295522273315315,-0.0025655852498118843,0.005016411445640143,5.610144472408462e-05,-0.007371284478232191,0.0036431789251649043,-0.011775070599534495,-0.008151599318924008
2025-09-30,-0.006112570375173099,-0.004936613343072799,-0.008618586237036496,-0.0016289105665077315,0.009222700654695326,0.009940077563071617,-0.0019710206873123637,-0.003167011513200646,0.0005097952555453335,0.004931103142032073,0.0074809804071203825
2025-10-01,0.006302640950287476,0.023848814486638326,-0.012181803654368226,0.0005253833101638385,0.03492882921367017,0.022799430989085635,0.033815431554096345,-0.005296277353619205,0.008422293679686286,0.003511481219226601,0.010001555355391267
2025-10-02,0.012545978721199818,0.03380665749282076,-0.016763882502067666,-0.0037196649617332045,0.028685373492325132,0.02189390564783079,0.0485887429044997,-0.01088325452440129,0.033705184676825865,0.011858914019316241,0.010772366699610542
2025-10-03,-0.0009161001396141115,-0.026359025108302923,0.006699317238095026,0.013059807466033043,0.016117554921057577,-0.011128276711106425,-0.037509669078812334,-0.01732836696997923,0.02912623028531134,-0.0021264102932583113,-0.001872201827017344
2025-10-07,-0.02282838168806217,-0.02127995662042394,-0.030323857153176627,-0.009301030312386594,-0.028873757710302594,-0.02158047271953813,-0.028615041063341746,-0.009174995570601493,-0.0197459589438497,0.015158459732202988,0.014101819116903003
2025-10-08,-0.00399421861631825,0.0015730426299612743,0.001911534975245913,0.001093563657915945,0.000830193779732924,0.011640458748187737,0.001965163926482308,-0.012799967270810342,0.000830193779732924,0.0021302755434194527,0.0043453084138872135
2025-10-09,-0.014980432824660949,9.806099197795515e-05,-0.026192557494046437,-0.005632953735830809,0.010187987680235941,-0.003851616197755193,0.004025771039303794,0.008474971022314445,0.010187987680235941,-0.0048642086807121065,-0.0017464599611944527
2025-10-13,-0.0015940535062351404,0.01692080999601021,0.017986767618691724,-0.005586673696047087,-0.01641805864720274,0.0157320176413696,0.020672610459831153,0.0046449721418295176,-0.008933965318796505,-0.03454445908789011,-0.011571981698872413
2025-10-14,0.002806275372850155,0.00874848270938928,0.005550957496388583,0.021543278822307943,0.019530861502811303,0.02336629000083751,0.015643032892403912,-0.012837101197118117,0.019530861502811303,-0.006897443425064931,0.0007836927222072505
2025-10-15,-0.02697599381931905,-0.009586213702911425,-0.008265624748665166,0.00393915126044243,-0.012812549916444177,-0.014973767006323671,-0.013519319876157287,-0.004525824245339427,-0.012812549916444177,0.0009468733967806691,-0.01027520287052038
2025-10-16,-0.022697582309588498,-0.02592082632372879,-0.006951941149049382,-0.011930408267384895,-0.017672340921088735,-0.03469965106900438,-0.03531604978230883,-0.00034816177830539717,-0.024209410957821625,-0.013074186044395808,-0.003602122712206575
2025-10-17,0.009376299948708903,0.005911741301760411,0.005175493332575425,0.008485355537021205,0.013434088325256102,0.005723961101145249,0.012976243177325894,-0.01987555271949132,0.009973898617594725,-0.007918611652032486,0.013912731753303747
2025-10-20,-0.001472926043179464,0.010369302053971649,-0.0048912374801544185,0.0017176454622623016,-0.006956522735128182,0.017731972979497385,0.007281600270880835,0.008549621080282807,-0.00035839983214685134,-0.003841654565111846,0.0005033844908906666
2025-10-21,-0.0037541645823378125,-0.014996429388716925,0.008176903847243752,0.0011589285051194316,-0.0016202749364772617,-0.010477742352041075,-0.025682328929402233,0.00722342256181574,-0.0016202749364772617,-0.0010682422978401571,0.0031836463206058783
2025-10-22,0.0013268887851028976,-0.03813614882019047,-0.006733272496260055,0.024597090686338363,0.007457481959952153,-0.021524685813936,-0.050917655352407665,-0.005022161786463715,-0.0065543313194574935,0.00712893536165817,-0.0004575760740807566
2025-10-23,-0.031325857020861304,0.02212436392230121,-0.035464886763607685,-0.0046315564879655475,0.01904470311247451,0.010866520803712438,0.035537401006001855,-0.007961147484883174,0.022698142018304574,0.019378976987321467,-0.03760752972077589
2025-10-27,0.0011399659231497161,4.37505847198285e-05,-0.004650639120667562,-0.004148095954002848,0.005685198013575828,-0.008988769584098713,0.0013411829988631743,-0.0018885526187869353,0.0026898792921521324,-0.005917671276551942,-0.01184973998500465
2025-10-28,0.0017939594818171347,0.012206962516882183,0.006066699801369341,-0.0022543377027723355,0.014015562760640699,0.02000244989229319,0.013254136541047179,-0.00454019268714706,0.0011308601803738105,0.018524906356405434,-0.0023242882801657594
2025-10-29,-0.023884442823301145,-0.004620962049314947,0.0038160942915127878,0.002253964730431879,-0.006011882800735844,-0.0021975348060203443,0.0012104996904368135,-0.0100656790515945,-0.010894229319747964,-0.014912968562655254,0.003855914652672987
2025-10-30,-0.003987372278353385,0.014666950958646766,0.002654731609286023,-0.01639167623923743,-0.005984424076998507,0.0021491731395066518,0.01748857776118305,0.0015807676797713515,-0.0038319919166086847,-0.006149144554795677,0.004994290026278455
2025-10-31,0.019570355541108624,0.01516302809571187,0.016713044799060217,-0.01386848905041931,-0.006675988740201422,0.008619058087100867,0.01018666353527207,-0.007880012447625873,-0.006483864531664571,-0.010049399887565516,0.016757560805274834
2025-11-03,0.015807722555842046,0.006454012745153624,0.00438046830490979,-0.00684360123515738,-0.014044260442668127,0.005049256608891643,-1.7320756245942093e-07,0.0036049876608103735,-0.00872734986327256,0.0024622172011859733,0.008314368380643042
2025-11-04,-0.010272033527474836,-0.0022869114227427045,-0.009908003994882331,0.00971679967837405,-0.016076115647924112,-0.01490037057131018,-0.003462274662417386,0.0160577093267207,-0.011607421350436584,-0.0065639774226546686,0.008021942996270107
2025-11-05,0.029207718046503472,-0.03038900473242767,-0.005912560903375266,-0.022986967597218782,0.02687669364995829,-0.005425382481134916,-0.043850479677791335,0.01286991360624353,0.0015513648925345644,0.013526486333806098,-0.03686925888930237
2025-11-06,0.007824378822060699,-0.03377740282406763,0.017634064059238556,-0.009210544159324967,0.009979285267489887,-0.026588485780546484,-0.04667030267464247,-0.006421749394659153,-0.0035069695347132537,-0.019457148374982268,-0.002691016804308435
2025-11-07,0.0011412035611020888,-0.012450488180826558,0.019593019088054397,0.003223958199916813,0.015855433205051655,-0.007147221647378872,-0.020435960075517606,-0.00630345947803268,0.02175941650543679,-0.004860121834833456,0.002250271529381915
2025-11-10,0.03468682529298578,-0.0316821670554332,0.009666923950125453,-0.003340825343377633,-0.002000010346078986,-0.004499515488279334,-0.03473535670440886,-0.01517083413815427,0.019043713084607016,0.005327870543779867,0.027662115488216232
2025-11-11,0.028314958285125195,-0.04189741000199091,0.029223466436197693,0.01901815105275345,0.023168823727727827,-0.01568347378723096,-0.05757480230565486,-0.009943137231240814,0.05470241069540167,-0.02605580598139527,0.05212949325688224
2025-11-12,0.03316632695496386,-0.031474764503648105,0.04126123169186896,0.025963671223084784,0.031241455723664224,-0.014812088363293516,-0.04052983631510376,-0.010088415873569753,0.040675923633120475,-0.0336080576263846,0.04060984249325797
2025-11-13,0.003535341862411538,-0.0016391165421717944,0.017290623206869138,0.016305601817751637,-0.0005828222781262826,-0.013406352871368274,-0.015759834965955972,0.0206907125304718,0.005373573099120639,-0.00549528536058134,0.018523492069350545
2025-11-14,-0.015165461089028748,-0.0037064344691438798,-0.0052712470381657646,0.024684105036735505,0.013646031726755306,-0.02563614906375286,-0.015111250858267106,0.004125471741259527,0.02165105090594534,0.020631855000801315,0.002399257310434222
2025-11-17,0.02595077891076919,-0.020449817608938086,0.00931738315861656,0.005704087852043044,0.008329559696507227,-0.00528457882798412,-0.02686243630904924,-0.006858995522059172,0.003944337384098273,-0.0065572038781478905,0.006857697276344656
2025-11-18,0.008247727224733908,0.026278280989524144,0.006911777635942427,-0.011596631538279046,-0.028894218087483985,0.01769689057757203,0.02511395356716225,0.0013558163904813974,-0.027230041500826994,-0.018121959643500402,-0.01764286711739496
2025-11-19,-0.03322477273027197,-0.0006033090957178917,0.005157006635280976,-0.000518983645552494,0.015147331593431144,-0.004629180078174516,0.0035878068118931905,-0.015626252304631473,0.027432921317101087,-0.006968509777474393,-0.006305620472496571
2025-11-20,0.05769241963872281,0.00873268988868751,-0.005972638566078603,-0.0033536830241451612,-0.006942337458103277,0.013100313131750963,-0.004416299857584738,0.005273766704391315,-0.020995103077852385,-0.015689305710994018,0.009868162481381487
2025-11-21,-0.012104572909848102,-0.02768428596037109,-0.0004351328934208325,0.023848301524614358,0.030440261684300023,-0.009920969435549893,-0.027750886617666226,-0.02457764845411912,0.018724927439108714,-0.018329852816869607,0.009604775133452537
2025-11-24,-0.008419395670841563,0.04045658246244532,-0.0348796466802397,-0.0660470104194961,-0.05531165957246937,0.047174246566319855,0.06214694963425401,0.011908604741845186,-0.04662632459932848,0.036189603833915285,0.03018326366970291
2025-11-25,-0.005802370848168925,0.03258894154280926,-0.0034636206419877778,-0.04899346814901617,-0.06586501132905671,0.024028783022091427,0.053931199929492545,0.03177624980518009,-0.057848775131790334,0.021272503295801583,-0.0018183948583065743
2025-11-26,-0.015594971528865409,-0.03271927730815455,-0.016802566771500365,0.02800104053432234,0.030474537978665832,-0.04613322860884032,-0.03783751296035015,-0.004273765687156391,0.019781618631998954,0.012007436201701732,0.017877162100153148
2025-11-27,-0.0019186088552292555,0.008303099315396866,-0.006675951355761239,0.004531187054907376,0.030251272469389568,-0.031445143330770586,0.00393924509130128,-0.01252755014418285,0.019435951542284696,0.007867691619969605,-0.006841048872468095
2025-11-28,0.01757187384896977,-0.022912770710987185,0.0197273510807283,0.007816644916666227,-0.0053154894226459986,-0.0007720919213248054,-0.012753484030926892,0.003041027055886214,0.016543049958549078,0.0033171048348154177,0.009313622360847124
2025-12-01,-0.018839508726188725,-0.02768283323516311,0.0016397517253258411,-0.018698294581828347,0.03091249506078597,-0.017437511854007586,-0.038102942107625104,-0.01256762629637594,0.004758773469556684,-0.0023471294215492615,0.009225520928174396
2025-12-02,0.004577464392706426,-0.01771199830893964,0.0038914793314152873,-0.0070472829769898755,-0.004345734498436634,-0.003661004486174152,-0.02199339692195836,0.013496232734698835,0.007812028310843017,-0.0020653772171174978,0.008514691514964368
2025-12-03,0.00141142050323063,0.022206877552740006,0.011016749051708538,0.00517174243391517,-0.031162023976771046,0.03666526376033705,0.03183979845870553,-0.0036177819711405066,-0.02574204522893464,-0.002145216232053067,-0.020870497771410812
2025-12-04,0.010442816099937894,0.012797832916113583,0.0037992130184119257,0.00021805039765432355,-0.02405479449866088,0.00791869396555367,0.020897394483275877,0.0023294122930393826,-0.013872363514344843,0.010308141900757248,-0.003654303785463442
2025-12-05,0.008465758402328114,0.019556716306746387,0.006167380604677067,-0.0029986658067035856,-0.006254943137864186,0.006382798026435895,0.021009084483071556,-0.011226802418881946,0.007275708622394711,-0.0011343890505616516,0.006314170160856253
2025-12-08,0.01199460005102628,0.006106428626618568,0.01436416911003586,0.0027485498759548714,-0.024620320192354356,0.019179814995598177,0.010290620883136037,0.005691110135258526,-0.00861619384794099,-0.000315927339522478,-0.0009121424296092417
2025-12-09,0.010813393617228346,0.02722782753116602,0.005602664159626801,0.0007265540295567545,0.014190623856006435,0.0063348284429671775,0.033133515035292715,-0.002418004228167292,0.014190623856006435,0.019551142987905175,0.00844174906575228
2025-12-10,-0.027499978844155025,-0.02127847395563066,0.011591023511388318,0.004218844413924172,-0.014081799751570995,0.006264451376249804,-0.025446466768996683,0.004725025013631517,0.00010414208419808513,-0.010421952143348734,0.004310768263513223
2025-12-11,0.0020596398087488477,-0.005953497529089895,-0.0010400131692956767,0.0034086701421059034,0.007904303351431293,-0.003717640571959521,-0.00737654460607721,0.008788502032193685,0.005706448062454406,0.004727878200647832,-0.006091437240046664
2025-12-12,-0.0025590742719901562,-0.007576457612712704,0.005119001905673298,-0.008403877521268938,-0.005108875782169758,-0.030608950591919835,-0.013433583087510933,-0.009928776677808837,-0.003260855701347052,0.013314453674099336,-0.0046612260025176155
2025-12-15,0.0062992628445852905,0.019783244435268587,0.010131088844610243,0.005519790481788485,0.004085629670770169,-0.003563657286545379,0.020648334910789008,-0.011086718085594988,0.02037181176595565,0.007215589933162643,0.009354924419257457
2025-12-16,-0.0027650236211076984,0.0003267460719693265,0.032041891964279756,0.03632459466631893,0.03578206170684073,0.004355815403290516,0.009371264447437652,-0.007683944960313919,0.038353730708921285,-0.016846698986978305,0.00986831502771876
2025-12-17,0.002420521950611256,0.002125057964751616,0.009535407046754263,0.0065193713444772665,0.008412916093508286,-0.0019506853697499422,0.003051556955349477,-0.0018060246187654636,0.008666704452839735,-0.0013415061330683635,0.003790297264851259
2025-12-18,0.00964780103983694,-0.027178692669857507,-0.0029848668483143746,-0.014693564293087139,-0.006164845692187504,0.00297917567664574,-0.03194043189788731,0.02129441528724485,-0.010305941200445904,-0.00919924587956994,-0.007394781863377109
2025-12-19,0.002200998319601558,-0.00714603993318567,0.00012130376964147871,0.01445958241459272,-0.0076770043146536515,0.026370209203378986,0.005543386065285335,-0.004470492724652461,-0.004630904567436339,0.01234896293128555,0.01722100325866071
2025-12-22,0.0005477348538997324,0.011488648265518006,0.007583988071685884,-0.006977427992653727,-0.00992557950312331,-0.005914226413911973,0.0177522591055553,-0.010611763009044723,0.0017990510395059405,-0.006188951528060574,-0.006146211222748138
2025-12-23,0.009110575328761139,0.004895027149931628,-0.004118668403194701,0.0002148533728317985,-0.005187819493520493,0.010308641906641306,0.005854489322044724,0.004265461201971725,-0.001494592292957962,0.005637145870825709,0.011277689105391295
2025-12-24,-0.0012853410228159852,0.003111995629347053,-0.00844492062094443,-0.0071831054529585174,-0.007623659009907265,-0.00817021550469026,0.004879808754907049,0.005733332239984734,-0.00819349442968768,0.002785135789882459,-0.0017524862219030213
2025-12-26,-0.002388521011585487,0.00801140641962155,0.003241477875504957,0.0044058714281720954,0.006074303184406863,0.0024867826523707155,0.009976883266921255,0.014360042868943618,0.003241477875504957,-0.013157913986841888,-0.001982041847509738
2025-12-29,0.007261819330013168,-0.002226335422947802,0.0063960781321035776,0.004744191126674032,0.0020271448768735545,-0.001182479969255727,-0.0002388093246267209,0.000618911644001833,0.0020271448768735545,-0.000918308618104065,-0.0004086248606151033
2025-12-30,-0.0017056337895578564,0.0020018629998777944,-0.006747586338058692,-0.020716443608144897,0.005648030713795799,0.021714225543394007,0.007707727944336902,0.002256747174987491,-0.0012443327656163166,0.013987865740928288,0.009070688482401307
2025-12-31,0.03557867093611781,0.03265581949653513,-0.024539635904333317,0.010844163346880728,0.00637203151011681,0.030379085538345972,0.05208187523516605,0.0012386769637700579,0.0012505832979711196,-0.011441109046292114,0.020679019901054512
2026-01-02,-0.007041392153110097,0.04324532705379202,0.0032350343575396805,0.02542712329524437,0.02727962164817187,0.012677118211714494,0.060276350579977746,-0.018695590384628463,0.036108518940847066,0.014714754744694896,0.02242431573677049
2026-01-05,-0.003279916930333221,-0.013040033533227044,-0.0015400196551851788,-0.0053204786542507265,-0.011825218112049951,0.01725463856866575,-0.012943897719558062,-0.009871506879236694,0.00471360578561042,0.0071225751605607426,0.01512200287507029
2026-01-06,-0.027021943478923116,-0.058827703246453734,0.02295387631149467,-0.04462147469556189,-0.05255511402391092,-0.03915175049065945,-0.07843396653147194,-0.0020462577472601592,-0.026566043953264017,-0.05400243272468309,-0.025056407402119608
2026-01-07,0.005176760390106301,-0.023249057549575312,0.007980069746903453,-0.01575210976559892,-0.014071143399797814,-0.013768613505301832,-0.02743382241212211,-0.019861420110270995,-0.016480627464898874,-0.0182163966931293,-0.005394194283889644
2026-01-08,-0.007636637253947791,0.02028461002949065,0.0035003525958107644,0.006206807487186781,-0.0029874763746631037,0.012541295507248315,0.023445386952664682,-0.015268847513514391,0.0013484222892996,-0.011730126523045687,0.001422205577215803
2026-01-09,-0.02098805290710699,-0.014039963482696538,0.012172779772157527,0.015430600092355742,0.01473530407706471,-0.004990408821036824,-0.017013212784059057,0.0002885578520015284,0.000867172174104684,0.013383395431215916,0.024993964004600494
2026-01-12,0.001531764034735067,0.03193899307468026,-0.008672843267219139,-0.00014584878488344954,0.013978052047594936,0.0025952952000468463,0.04478474336292863,0.00011461602440189945,0.01474642484070936,-0.032267590153898906,-0.020549950967596264
2026-01-13,0.004744775917402475,0.0031399496925193972,-0.020976429559891152,0.009484593796296199,-0.009481361709949676,0.0014482119447288,-0.007571529600922222,0.017610811716877228,-0.002147405314891687,0.019704912016748694,8.794287760702235e-05
2026-01-14,-0.011492125861433907,-0.04496534889925489,-0.018020704299801755,-0.002376392547254265,-0.004239869491142587,-0.025947616284543267,-0.055749734675968755,-0.015879599720008984,-0.00854386146329598,0.007461024457001558,0.01487345106865326
2026-01-15,-0.010596944538802324,-0.005217943750138629,0.004999629436933004,0.012146914038338858,0.06491988810124,0.046897378835683144,0.0005162982900982875,-0.02468528964413169,0.049305899857113644,0.046531584099281764,0.00714622421104269
2026-01-16,0.0077208501886585346,-0.030343309232219052,0.029469983761192798,-0.006671200656853542,0.03592920649518376,-0.01638559837576503,-0.03854375651523447,-0.026549744760177036,0.06020271319256202,0.0034165128566112923,0.040982272829441266
2026-01-19,0.026814034948907956,0.02763103569262641,0.0002447045684435545,0.011560353393574094,0.006506509608240479,0.01917497372853687,0.03525369243659908,-0.04377605578755818,0.047367650747200514,0.008365044639065344,0.01941113689627737
2026-01-20,0.004485562967793335,-0.0006889851491673309,0.005392372551964906,0.016226648509845676,0.001303345575759081,0.007920679327306928,0.002992159869893745,-0.00771068875416836,-0.005027799259885094,-0.013780103797716946,-0.002992025707096455
2026-01-21,0.027777040096996275,-0.020098870611965868,-0.006991330561117642,0.03361105816381502,0.0179698641823328,0.02634994056813692,-0.020788796684116075,0.0018351176212380027,0.0320456694660397,0.04598796923602138,-0.0038709846752720545
2026-01-22,0.009467748807610643,0.03235302092651037,0.002837780352303615,-0.005773748690526881,-0.01710646238847458,-0.007573297549268054,0.04591384014693304,0.00891145261677819,-0.006604662553722912,-0.020099278769125012,-0.01320439705145037
2026-01-23,-0.01908987678514999,-0.01504066718765516,0.0744569561691459,0.04553789008237124,0.004888766389647532,-0.060032403364326546,-0.022916306263519072,-0.03460758995283497,0.007857773620842251,0.0020207644395735056,-0.01516786924947335
2026-01-26,-0.029380643354602037,0.010288027161586092,0.009682304103543343,0.0586313055967685,0.03257849275585738,-0.005185900563263771,0.007164585463828292,-0.03839126622356313,0.009827359644919162,-0.014868057311649235,0.006269463173381691
2026-01-27,0.004787886674458277,0.001834273707106279,-0.008013375252478546,0.011275428847753835,0.0059426135378206815,-0.002710246052884428,0.002608131606937328,-0.0068243226637642405,0.0041345421818842305,0.016045585511747146,0.0029866165609148485
2026-01-28,-0.011442282415095022,0.0026172790644115413,-0.023956681365563753,-0.051902059821924945,-0.056997599539478645,-0.013816973965885354,0.004245781774400326,0.06231813687300144,-0.05074963572152346,-0.020711252186710077,-0.02724193275282521
2026-01-29,0.022644012215786373,0.009486382470768644,0.031426475332649244,-0.04091592023865919,-0.03723990426037182,-0.01450487154538535,0.003977303958876039,0.021813842022989267,-0.040023687309172044,0.001013019824461345,-0.0351140926638209
2026-01-30,0.03502502483579498,0.007610775327025605,0.026092041969453122,-0.03601418738673312,-0.028099890299071145,0.018207170346231333,0.020353516993057173,0.03481365492072034,-0.01483975062460392,-0.03285210161806803,0.00411067559134401
2026-02-02,-0.0029251988183023967,0.01483559254607364,-0.006701375058617139,0.0012170369359460285,0.00725687077032261,0.02349062509310067,0.027194627607863474,-0.013160666267519439,0.01231919909874703,-0.011849126892862254,-0.030132440565853513
2026-02-03,0.00379867117426283,-0.03467606701260976,0.014254718261929061,0.0009860566596662425,0.03421499469290742,-0.014928779823267624,-0.04271083099531068,0.003153473393200379,-0.0030005685272521676,-0.0017728230716914743,0.001516387094067883
2026-02-04,0.005542639586568088,-0.006591469041055481,0.013575546073900675,-0.008482004411861404,-0.0207327135601231,-0.0193308173756144,-0.003109639951754284,-0.0016339358327228104,-0.009533261873167082,0.00855126152639717,-0.0030990708123358373
2026-02-05,-0.01010413937018742,0.010422173214325963,-0.010021400029116787,-0.008561739635875263,-0.011423194243945306,0.02500432514119146,0.010765560054706691,-0.012238148302208615,-0.024414551193698415,-0.008196204927577869,-0.02421021317847873
2026-02-06,-0.0045072996024311425,0.014151459240114232,-0.022810281273724697,0.005306955274378539,0.021111181955638235,0.0017947818809165572,0.018770568859336218,-0.011934936919383982,0.020051403271163004,0.011288096531540559,-0.002812556300388569
2026-02-09,-0.0030435709389095844,0.038079330176629525,-0.009617855399106885,-0.006814750135508474,-0.024218699310236957,0.013514678629791731,0.050701699608796405,0.004135408119781266,0.01655208632575898,0.004429341729892114,0.008617019655825824
2026-02-10,0.03165656692200847,-0.015091414510856643,-0.007508270559981767,-0.005926377343155154,0.0137017138769824,0.002469216523195556,-0.030034399887885956,0.009886298221034298,-0.004942337158480378,0.01630272569928946,-0.008727941063037259
2026-02-11,3.4870349012422475e-05,-0.03181324856131204,-0.034240015930388425,-0.03054468571032796,0.010398290797745163,0.0033685066112083464,-0.037159119618722425,-0.02375458811101507,-0.025218930925607487,-0.0037815543598782213,-0.010333308846284575
2026-02-23,0.013231133567654912,-0.008861377083646111,-0.022651540797337315,-0.05286333358114178,0.04680522343767359,0.018110659528089473,-0.01830258195827964,-0.02092492705784018,0.01518407751570755,0.03255676377931003,-0.019269533872799043
2026-02-24,0.006519116069474591,-0.025582206186541695,-0.027252106235772178,-0.040082104381636084,0.00812683485435764,0.029164312340947268,-0.03177846747538734,0.023029024045581863,0.008248523441671884,0.04324231647476773,-0.04966413610827578
2026-02-25,-0.017495559797106847,0.049292720534674025,-0.00394051226178178,0.022169754881905607,0.006412232257456065,-0.03069552079599927,0.04505847727191507,-0.006118121918582057,-0.008494398180560284,-0.021984088584182382,0.011944836243668868
2026-02-26,0.016359198493197464,0.0020542428675466955,0.011794790925055828,0.025186976992945864,-0.011165525910472143,0.007475301904051509,0.0056169021099394985,-0.02458220342625402,0.003958685657133634,0.0010941545598698952,0.012626312405834922
2026-03-02,0.017330021791351624,-0.01866270235848664,0.017486919015755116,0.024066814469245617,-0.03387454377833841,-0.02619510591232449,-0.007512087390951123,-0.022857911636103328,-0.04160339828770724,-0.01295338634932236,0.017811055406465732
2026-03-03,0.03292929105769342,0.00639704103346881,-0.006254900734144725,0.03502266161532758,0.002913177974660036,-0.015061409823364298,0.012245618221244925,-0.029998173885359986,-0.006025130726212781,-0.03363740407871693,0.029405454000514315
2026-03-04,-0.058906971837279234,-0.0035803262978543558,0.0032956507042757512,-0.044664850267573164,-0.029039007194765692,0.03195139556490646,0.007410121304979939,0.02236975711863169,-0.02027435047517065,0.00885987381167815,-0.029656088656047686
2026-03-05,-0.022940014288777632,-0.029092625343030254,-0.005653898468102705,0.025684677939817435,0.05916235747058526,-0.020498275120464288,-0.03509724917333561,-0.017493846982786127,0.02908810806679236,-0.027933254614651258,0.0022840432774696717
2026-03-06,0.03320147725042178,0.011607970079725721,0.009982289276403898,0.07600967196866162,0.021442107782500885,-0.036924963920241145,0.015206332079242782,-0.053729502264676064,0.034478381484548716,-0.02663212232201955,0.0469841307724553
2026-03-09,-0.02249435133967163,0.005380224819608906,-0.03980222763322491,-0.048614179472929266,-0.014776759014417207,0.018212394254522812,0.011980889192348779,0.020890843757669215,-0.045815746628715626,0.022880593635791546,-0.040073355970217585
2026-03-10,-0.05124987002415421,0.009145459303241545,0.006962210151276276,-0.04300042477723309,-0.04891344321195146,0.04025922951519658,0.011888762084020121,0.02442239036629786,-0.03453078337978425,0.023265604608720236,-0.04426093179209334
2026-03-11,-0.005835184720213863,0.009900909940449287,-0.006532645840396461,0.00893672976051706,0.003132271186595084,-0.027906228802681083,0.020239250897217564,-0.0030278518068630658,0.010034944640819785,-0.008363810748056782,-0.006283303924321313
2026-03-12,0.0034684804319512486,-0.03180063182119322,-0.02137020093151291,0.014548585714223222,0.03882617190490038,0.015383163838266387,-0.0396067475793898,0.008786658435867309,6.0669335984753214e-05,0.03974166669312702,0.03035065687294471
2026-03-13,-0.029043349770379534,-0.03738107974937286,-0.01607830295341786,-0.004042187236541169,0.01607002954670737,-0.021867942182827525,-0.04178604971419777,0.0033675534559240994,-0.005692927886282062,0.0052766899078790135,-0.0029580309823842668
2026-03-16,-0.037554774426014126,0.05104400184829989,-0.04407865365499044,0.010436131641957863,-0.03316306995268794,0.027387008250516737,0.02920832816018907,-0.00703129530071019,-0.025247339142209186,-0.034434983971510624,-0.03172318567358064
2026-03-17,0.0024797759254885825,-0.01775987049459219,0.016968481400100315,0.0006178987844458845,0.021731425963866784,0.010894084013156991,-0.0003362732801351163,-0.01361740298198468,0.02302023777642459,0.019336207773044234,-0.016299867981824673
2026-03-18,0.007852884771873967,-0.02193784196113029,0.014747283160131444,0.016023105101620493,0.01579413302804844,-0.018157207350712263,-0.02167840180227058,-0.004480249657590214,0.00733340539611485,-0.012082501067711537,-0.006439895812211254
2026-03-19,0.026223632234689088,0.024380497896540267,-0.014175946282273127,-0.009033979049106364,-0.04192882663501796,0.00712975072532987,0.02154472607687206,0.026290414129084318,-0.01534375558488075,-0.029425292588791164,0.013948034602795367
2026-03-20,0.006974828762721392,0.00713760630795,-0.018908914386053216,-0.012535104751849185,-0.0183709022654324,0.0035224798171918474,0.016160005334498795,-0.006848911770318395,-0.027803483810498103,-0.0013147307091030784,-0.004718057470787906
2026-03-23,0.004084540127225117,-0.0011157866926669404,0.012612375881005472,0.0010765974837024517,0.0029091243922375054,0.0017376449483485212,0.00037727602285099926,0.00012428699099024487,0.003888043489713666,-0.012499072382046042,0.01494421762169254
2026-05-18,0.05573103097089217,-0.05021104432975807,0.014220975820493892,0.041874611947293444,-0.027536270712458694,0.01304546096015576,-0.012622055524419657,-0.02451265379547594,0.012307745601087355,0.01394355105795043,0.008587866659726218
2026-05-19,-0.002867242706351655,0.02792135948478558,-0.00542220085398413,-0.022304232958260572,-0.008194812661054013,0.0026338424569828565,0.0017345312845583787,0.015096073323926835,-0.008194812661054013,-0.028623299547069842,-0.012713878564801256
2026-05-20,-0.06205778048461837,0.03073032979189542,-0.04151045927051963,-0.01170075214072554,0.049573954072422724,-0.0025200550819028944,0.0072199116427981895,0.002306156387244851,0.0035802546685947782,-0.04136475369370448,-0.018730464341657167
2026-05-21,0.018899926178950505,0.059573264117569656,0.01876546893673046,-0.0027506008187050592,0.026830734182754085,-0.007005532019397928,0.010101412115921232,0.020330266208016957,0.018963720073926105,-0.023718802611983798,-0.016013587265951045
2026-05-22,0.06846526625394377,0.00015891788291803183,0.01088079300156385,-0.009448670483113337,0.09150242928904903,-0.04332684741485329,-0.03117143120532127,-0.010501714201013368,0.0615511364869963,-0.07571704021037264,-0.03798783049820395
2026-05-25,-0.019954159422025303,-0.013078131459942188,0.03414144512697086,0.014189022250831287,0.022316059141269447,-0.0011506047353533333,-0.003873169304646447,0.008928026698817388,0.022316059141269447,-0.037113418095919025,-0.009913833055853027
2026-05-26,-0.002494696162327465,0.018988234531996016,0.03935523791319039,0.02790244265862349,0.06212643076714171,-0.024064059638188834,0.013098203518951487,0.009263268387368274,0.06212643076714171,-0.05612577092840121,-0.0564141675959791
2026-05-27,-0.03370813397742752,-0.015090505372226504,-0.018900340048306218,-0.0026898533053283935,-0.011787412904197537,0.011935252133374874,0.01171635372505625,-0.027869682589003686,-0.011787412904197537,0.008406533706202304,0.0045595565316454145
2026-05-28,-0.011947892709017693,-0.02631344714308248,-0.0038121733221274656,-0.026417368706455446,-0.04578033804101245,0.032067097561076376,-0.013813806253953752,0.020802066388425078,-0.04578033804101245,0.044516591370376855,-0.02835735901391403
2026-05-29,-0.03401090692619658,0.007048478561018718,-0.025516414579219448,-0.02374825013659515,-0.00960672744579506,0.023628674001110572,0.007125124355159218,-0.030728677153133137,-0.00960672744579506,0.059944178366089326,-0.008025984700593725
2026-06-01,0.012883990038708826,0.008906551926821066,0.02201533920345518,-0.009133908625702033,-0.022225139851578517,0.021624274015276335,0.014590654425213345,-0.009121564119578356,-0.01097997641425393,0.03581289795839756,0.018899775658339855
2026-06-02,-0.0026874312260848996,0.022457331348560615,-0.010699650311957354,-0.03855703733375471,-0.041568215695923935,0.010671097814285418,-0.002365416145117167,0.04387773967830588,-0.04504385826832785,0.011927525583242882,0.028227711885579737
2026-06-03,0.010935935674781721,0.003419472063656042,-0.010681957236018816,-0.0013151011920386202,-0.03945381766470654,0.0013745891411144628,0.015989832112261404,0.001490462082851622,-0.007294689189942573,0.015809050601534026,0.013735575113319964
2026-06-04,0.07394874046243666,-0.02459750105969516,0.018908918892159038,0.01823565550525815,0.01125586227543334,0.01959047617934695,-0.018244407108334415,-0.021434930095184268,0.02670724143563441,-0.06055275076811523,-0.013156666089861435
2026-06-05,0.011960092023706397,0.017089630110402577,-0.019238181442582512,0.008493757394610807,-0.024250552973725234,0.002228294790339626,0.007620344735207875,0.02211228417922354,0.020818950312129735,0.017842885944842964,-0.009024056993482216
2026-06-08,-0.007924356412342803,0.03442031474511431,0.017787127768423748,0.002093774353586285,0.06810497581379567,0.0013974168383004693,-0.006375962447711418,0.027621223029429338,0.05675864058132464,-0.05374296524757101,0.023028731884733013
2026-06-09,0.05892646635035933,-0.013766241969394223,-0.05090028971718399,0.046156717936555305,-0.03632261897383274,0.010237281477579444,-0.017660788678691253,-0.007048508886357163,-0.013917058224528212,-0.0076317617741740625,0.00992789723015831
2026-06-10,0.013101004712480055,-0.01930702648640431,0.004339881519928331,0.005098248785124706,0.030223984696999495,-0.008750065943664353,0.009611091346044431,-0.024748802563362204,0.011939877805297669,-0.014371482127709556,0.013636086437126549
2026-06-11,-0.033264447449947686,-0.015029755254965825,0.012173410005637597,-0.04514250555754851,-0.00947343918862146,-0.0028487296567349385,0.015662447591092477,-0.034355794717399135,-0.03576538926570055,-0.024199848672980362,-0.020586089414129892
2026-06-12,-0.012691997789610127,0.012286587870587229,0.020348937543416788,-0.010352443757612944,0.029874511537481607,-0.03457491566418395,0.0004998079220584657,-0.023312473045055498,0.017068673415916447,-0.018372844949199385,0.012869672884233203
2026-06-15,-0.015179844848942553,0.026175822720542384,-0.023761745525940577,0.021851337437680828,0.033421372475755044,-0.00847731723755509,0.005706519896358601,0.0209891872708187,0.03676724425476504,-0.022994320977680265,0.008153336675164703
2026-06-16,0.022484316288520823,-0.02206931821222915,0.013395856651984023,0.02245907197307235,0.045968576123989115,-0.004138122198378373,-0.009436826421355626,-0.02055093292892594,0.023799997577118242,-0.006954439084148778,0.014736688631012906
2026-06-17,0.02550458888684959,-0.04799273185915567,0.04446617614654159,0.012879477616629942,0.011088607640114961,-0.028187146715031853,-0.033301601753729905,-0.003970807612938703,-0.01293563401786535,-0.012898588733574088,0.059285657743492426
