,dealer_net_buy,eps_growth,foreign_net_buy,macd_signal,momentum_20d,revenue_yoy,roa,roe,rsi_14,trust_net_buy,volume_ratio
2022-02-15,-0.0009507994560243836,0.00953456372392496,-0.0035718495243437474,-0.0037100278283312407,-0.005567507304485926,0.0015279414907038436,0.005490300011601118,-0.01183149391951206,-0.0032421732720501455,-0.009817002122299585,-0.00516592435450493
2022-02-16,-0.012881433229211661,-6.18951390368716e-05,-0.0008076503478709079,0.006303576619754126,0.0009148869946736713,-0.0020703979216107615,-0.003742985135232857,0.0026869326556082465,0.004151887349856315,-0.008804320752243872,0.00024549752125474673
2022-02-17,-0.011580662645598459,-0.009518510303003483,-0.0028191886430703164,0.002616544090784592,0.0028640335650452218,-0.004378966229960535,-0.004522204022467002,-0.0008930081598529926,-0.0063243168318657846,0.0033076865084466717,-0.002809454199339337
2022-02-18,-0.005968129565800825,-0.0021994177690827605,-0.006627736539552478,0.00476385462926359,0.006537087963256907,-0.0073660557217913505,-0.004604691618730432,0.012799977564287319,0.011226162646185468,-0.00206023430346691,-0.002065524530439324
2022-02-21,-0.007491032595043601,-0.006258148357314253,-0.0021833721033303844,-0.0007324241658226965,-0.0006493048152633369,-0.00019983919459077605,-0.0008304333053477109,0.0013877553301423293,0.0015069342411185866,0.011460057565532072,0.003599390335388462
2022-02-22,-0.01457867485845257,-0.008591128123977573,-0.004959093023183209,0.00163128628277066,0.0006552664997920765,0.004756182805733802,0.0017381760672162312,-0.006939637957658895,-0.0029969385676243214,-0.0053553925987149505,-0.004244312416116804
2022-02-23,0.0014838911836294799,-0.02403791508149028,-0.00957671529474311,0.0019359363794238917,-0.00480856198231863,-0.008379099076460467,-0.02662648002367307,0.00221094696074468,-0.003173501972383622,-0.0038817272866994686,0.016810054452405052
2022-02-24,-0.00952140731180394,0.00845949050213296,0.0007667640716476215,0.02194526778840495,0.02190122309904647,0.001566038521638502,0.0006675121774638217,0.00794726782451216,0.008471100327830812,-0.021584029080616608,-0.016989769076607528
2022-02-25,-0.0222254762110347,-0.01378459954161256,0.019633037375163757,0.007448846313242266,0.0014319686762118327,0.007888773230234274,-0.004615753438209006,-0.00701126708371928,0.0022018392213518263,0.003154990435971803,-0.037290684650554046
2022-03-01,-0.0010430050203163038,-0.010695991939513066,-0.001504618213242822,0.005743886032626998,0.004720661276208211,0.001545890495737473,-0.010755260838692363,-0.002783010980762335,0.003970661276208211,0.0007721270971717395,-0.00699011549633707
2022-03-02,0.002090618597098742,-0.0013418267583359307,0.0037893422499270185,-0.002730305939855006,-0.004161320280628582,0.006805921922204213,0.0003071718622170335,-0.004620165468158466,-0.0031080073043241443,-0.00016738811551619565,-0.0020421645206610325
2022-03-03,-0.007014269705751064,-0.02479466523817231,0.011859495554438514,0.013895488902633174,0.008491080640954978,-0.003493864154966145,-0.027428317251585583,0.002052896021683903,0.009491080640954977,0.012364175423752196,0.010159138033760184
2022-03-04,-0.02567014891555041,-0.040423924415875306,0.008928123335370606,0.022176632138799324,0.022465979252106978,0.0049817967319435545,-0.013228457508406732,-0.014165588878438645,0.02688606104373606,0.027939852922323358,0.0316711997349047
2022-03-07,-0.008877820441134839,-0.007855775804148406,0.008856449935924571,-0.004739204021607173,0.010344659409716062,-0.007893266583042218,-0.0020002486085971185,0.002130990618381585,-0.004627088482862204,-0.014532586956581058,0.0016381959478272085
2022-03-08,-0.01735729161147119,-0.0030530008086387395,0.0005638590537344187,0.00940199541926943,-0.011975715349004969,0.01726150835804226,0.0008896570176812517,-0.0027933833695548884,-0.0010749207987030074,-0.018085611568939466,-0.013772079976736802
2022-03-09,0.012502927759873793,0.029902901103815,-0.015799923184891398,-0.02807291590142442,-0.03781576074197696,-0.013531454645022182,0.0109112401691502,0.02094371021112355,-0.03763281724789059,-0.0076729567630196985,0.0016570426765231882
2022-03-10,-2.5511894227722015e-05,-0.01804455481598492,-0.0008557449541993101,-0.004183708862154957,-0.002089095586954637,-0.009502775824129412,-0.013937302864737563,-0.011098537612399892,0.01005971698295355,0.00872661602393659,-0.01929937325511353
2022-03-11,0.0032819628751847418,-0.014501613495881352,0.006081979824148233,-0.00781822387107588,0.0013480256903062888,-0.007990243168901595,-0.00487802540988741,-0.003081775605289716,0.009981220127363376,-0.023793794889784118,-0.013284378954825081
2022-03-14,0.019860799195234383,-0.025593503775372523,0.006140001557342488,0.002634925672683975,0.020234365381763618,-0.03038513963684981,-0.027026824973287473,0.013046753520244684,0.020234365381763618,0.0055322259448844155,-0.006524594537862699
2022-03-15,-0.001669295693495291,-0.012212835323935153,0.004070787383037653,-0.010628206257458387,0.0025000216603622283,0.0017204873055674166,0.009035236792541368,-0.016105217031987824,0.005237918438286001,-0.00612379335663911,-0.007090031340383308
2022-03-16,-0.018195152699694864,0.03706541849121758,-0.019247530188442045,-0.012467855561964556,-0.03421754452572829,0.017355270964444613,0.03799786922744204,-0.007958273428200806,-0.03515976389641139,-0.02579829424637252,0.01802580994587406
2022-03-17,-0.002722446331648843,-0.011544848377006905,0.008190653287538758,0.0005251485174885104,0.005407841337111484,-0.0008869319531743431,0.003400439135864316,-0.01050027929360255,0.010913330850177066,0.0030076289115890586,0.002882950053774852
2022-03-18,0.008742735965523841,0.008433030396069454,-0.00878190656560648,-0.002097846198921634,-0.004723874096820243,-0.0008841053687978495,0.004110284577409806,0.007093229079020991,-0.003462637903118718,0.0007391076343164155,-0.0023480472049842594
2022-03-21,-0.006121366984832265,-0.0060194918988591235,-0.00354729078441566,0.0012499669294633977,0.005692978190598219,-0.004638584529533918,-0.0055014506752169385,0.004467356690797342,0.0013921348513753768,0.004776204392610731,-0.0026329182050084535
2022-03-22,-0.00849957309944335,-0.0029812257487251137,-0.003245148796001765,0.013622560074376955,0.0016427999697388174,-0.006643790410629365,0.0017215423424774556,-0.003599494755449369,0.01024779411716642,-0.0055166531646284565,-0.006258854850719074
2022-03-23,-0.013600148580266123,0.0016759949890638632,-0.0077404999957261765,-0.00340656979639158,-0.000825975582714734,-0.005245059740636872,-0.01177594563570572,0.01411486847691786,0.0018633139113528512,-0.007571314333351987,-0.0047908521653026595
2022-03-24,-0.011442177824617702,-0.0035594399144203335,-0.007334585547463131,0.0033505171098797432,-0.0004847500430337856,0.011354472973246533,0.01288892430232208,-0.014059928906435166,0.00407799691226952,-0.0035086400612921887,-0.018682460864514024
2022-03-25,-0.0029205987086486965,-0.008533130839075772,-0.008684337681804133,0.001236059552457074,0.007693746202097673,-0.010136607130442787,-0.011500813657006503,0.009030926983209786,0.004083552002914678,0.005466776954893794,0.002387563288979048
2022-03-28,0.007160896738381694,-0.004298290936455118,-0.005877575540667689,0.016576464308739852,0.0043575826157915935,0.00312418193184566,-0.02475984075897329,0.004011237275501012,0.0031132869681707595,0.013042293882823224,-0.019656399225989548
2022-03-29,-0.015445004401569722,0.014458920321218547,-0.002370108607805341,0.0038163242277388307,-0.012733359945809937,0.0036404189741796045,0.0022410278361175706,0.0023197061805201678,-0.011007519571744534,-0.006183426381056314,-0.008772761145603027
2022-03-30,-0.005734227691445561,-0.007052820895313182,0.00381546387627119,0.007672209156849806,0.013462593511365972,-0.011763148768028624,-0.010179304494041216,0.005423097811008877,0.012840710272637241,-0.0011008690429211488,-0.013663170526428113
2022-03-31,-0.010441985524833096,-0.012395776216142573,0.0015934966024184882,-0.0034183449754747455,0.011175593086525427,-0.011563146779617709,-0.001958514323422052,-0.0019857094528018537,0.00682429345263804,-0.01615076036797802,-0.009387645838918211
2022-04-01,0.015060535150836647,-0.022004474939601303,0.01679699599069762,-0.021867371504334803,0.00461340910151233,-0.021473629641038473,-0.022833940333834735,0.005549680663971509,0.007863108563632454,-0.017341170815399584,0.0030291219187343925
2022-04-06,0.012498629562028699,-0.020947748802381094,0.010701810744106414,-0.0061978719223704055,0.01815975604613526,-0.010751041887438972,-0.009533366356869206,-0.0038480497095011255,0.0201470521069461,-0.000725357586285435,-0.014656682231894043
2022-04-07,-0.0026188492382255525,-0.006794823239121246,0.0036421388013746243,0.00017019501311805844,0.003579260445337307,-0.004197653019305655,-0.011541378757071803,0.006375681186102619,0.007628586006763705,-0.00215396181360309,-0.013657092254265478
2022-04-08,0.015716037687300292,-0.015983872658693048,0.022955650598039185,0.0050541459112981675,-0.00509467381314509,-0.022144027692431744,-0.004460658931706977,0.008374252061173334,0.01785557624649638,0.010070937795504659,-0.006367857289906148
2022-04-11,0.0021238847394433377,0.01035993758563013,-0.00665068978560068,-0.007225701242763014,-0.0004686452082668742,-0.007166924852836912,0.001041797776752081,0.006439322166263954,-0.005204889743126448,-0.001534809342815511,-0.0035413990849117896
2022-04-12,-0.014235699238298748,0.026256511288993957,-0.020249430123763824,-0.0005410346828051322,-0.02137460113532319,0.012866732878139194,0.016725196644052216,0.005027727133959084,-0.026620697469803428,-0.012288033227327723,0.00654299665723966
2022-04-13,-0.00475228043648721,8.620886058422796e-05,-0.014100369468940069,-0.013182990901720527,0.0009731796081500859,0.0058026363316566465,-0.006633597927744206,-0.004115091938154181,-0.0017229757945248685,-0.011085020384298257,-0.0030822812048217777
2022-04-14,0.0006076969042968627,-0.02045443899080184,-0.0017791587576790396,0.000744343133673008,0.006676413712146891,-0.011421918419475336,-0.017150747198498593,0.002065229357920159,0.008698345008166602,0.006165690809037748,-0.02140956289124404
2022-04-15,-0.004260292840740639,0.01003052520961579,-0.015693033661357166,0.0055107901995451744,-0.005034662281799763,0.00824360762153912,0.0011036200367673203,0.005041836912134445,-0.0068841977826403404,0.0022320443120005373,-0.009678897736158872
2022-04-18,-0.011171779015040812,0.009477298239264215,-0.009661158860150036,-0.0078052194190372974,-0.012944330934539734,0.00822016126062013,0.009014707472411546,-0.008252796278904462,-0.009647637882058035,-0.015396304375870081,0.0024892179844123565
2022-04-19,-0.001488789819710859,0.01377934112894319,0.002236903760615412,0.015064821916452958,-0.005007521680690193,-0.0005528686000521206,-0.003078159517684604,0.014545143196720808,-0.0027107828056333405,-0.0030545364989161437,-0.014702758108049104
2022-04-20,-0.012826777485287688,0.006371318184640595,-0.002444976081978057,-0.003421401058187879,-0.010676305117846044,0.014840811876629095,0.008396223111896212,-0.006221503539717824,-0.002245932180812574,-0.005943158004652206,-0.006902987846645647
2022-04-21,-0.006573005518486139,-0.009129692244675875,0.001696398547645651,0.00597476386281288,0.01831975436838082,-0.020187616968132004,-0.01815635421200514,0.00899149395193814,0.00966309402150454,-0.003766206794722028,0.0030232096298974057
2022-04-22,-0.019962950564223522,-0.010449446409974038,-0.009602938275014523,0.015468935365408276,0.023538873842159455,-0.01658771633106665,-0.001706926707270351,0.003908802722247046,0.023375502062627295,0.0035736788906788157,-0.004801299862350022
2022-04-25,0.009440797784804384,0.0036193285546582965,-0.01426235456811887,-0.008442673789745954,-0.010819349183375328,-0.008924793291262409,-0.013292245240111874,0.01615704907146261,0.0021456124703108184,-0.01530629053805272,0.01805901333091374
2022-04-26,0.00907703178543194,-0.02245180827714069,0.007685991209483494,0.0031955035081900358,0.012483562771062405,-0.00025276326444311284,-0.02195629281464998,0.005502566846353862,0.004975008491424563,-0.008315684781138687,-0.006099097340444686
2022-04-27,0.026632516899862884,0.018400105120677662,-0.013818696027203911,-0.0027347383287798224,-0.03764247771196216,0.037523851523383396,0.006867818118511929,0.004349362968375181,-0.029783543166384735,-0.003985831080313102,-0.01892928972171393
2022-04-28,-0.0022758216081958165,-0.0034283267878778183,-0.003570503992900484,-0.012883984511681342,-0.00032392343688239424,-0.004577179981292793,0.00561202495526906,-0.015735001716285318,-0.0022905779407470313,-0.0014614291055421772,-0.001591333462552958
2022-04-29,0.0012437073560080609,0.006197475580797687,-0.004531976945653195,-0.006124942384154933,0.00836526487089545,-0.004424677261376733,-0.019717583395753042,0.016182671648044065,-0.002851221401465494,0.0027008871405263656,-0.011267567533773528
2022-05-03,-0.0002799431459417027,0.012057226394857578,-0.02158607395944426,0.00447981513011959,-0.020179255785781232,0.005605319163110431,0.00522665707456671,-0.006143689480168283,-0.02273071007206458,-0.010769946835185625,-0.010438489663120023
2022-05-04,-0.005580069725845254,0.01059069000726807,-0.00301270224092283,0.015927616215031665,-0.010531025447871148,0.022873131695177917,0.009064953767133972,-0.0036199677285022967,-0.011686554355905394,-0.02050423821871295,0.010947205992636797
2022-05-05,-0.014972664359801043,-0.013551745514237323,-0.001298170079067116,0.0006017018977021371,0.011787623501567009,0.015234941122536094,-0.0038939554236538942,-0.00466058322648564,0.0004109194299335441,0.010083245959824287,-0.002687292021609059
2022-05-06,-0.0025386847425021932,-0.0040644269943530716,0.01168683422884589,0.006524215499535729,0.006405867043039306,0.022737518868146817,-0.0005271814032185018,-0.015164201434823424,0.0050060868799598965,0.008532835990111272,0.0015407418849441783
2022-05-09,-0.009358797638620285,0.00556170504382536,0.014003845142766261,0.002444294291073412,0.0020252505231574966,0.012517299819308362,0.0036518414876387335,0.00048347652083711523,0.009420270370773521,-0.014049172439328366,-0.005614757905584602
2022-05-10,0.000311574099323302,0.014037951995479211,-0.0024106188555626123,0.012003518210618746,-2.9898904635818936e-05,0.006588122402968993,0.005022149463125661,0.01238012318195375,0.0039688423281617315,-0.0025335699141763282,-0.018126341761516476
2022-05-11,-0.004941719953562708,-0.00040595979184799777,0.005178567384686243,0.02162940463488331,0.021182609912890782,0.020721525939237394,-0.004317760851658175,0.000838101795920327,0.021932609912890783,0.00040862857253027175,-0.026127676227825577
2022-05-12,-0.002271158278812779,0.010464371930256833,0.004997853702609839,0.012435064600190327,0.016460845985369555,0.0169481025512628,0.005301148239013176,-0.005166410766883362,0.00942334864652832,-0.02168336406105342,-0.014022267032252315
2022-05-13,-0.02407053626124125,-0.0007969293520671458,-0.0014015927313102755,0.0010940209494266417,0.015296808199704442,0.028790413427438304,-0.003411465875460133,-0.00890895219066514,0.00978796195167763,-0.02335621095548431,-0.012565307380347602
2022-05-16,0.01119867697395183,0.024917884528628614,0.013468929545942056,0.01425786117157903,0.013399430415092515,0.02850645905555953,0.011929405057500248,-0.0026400948739664556,0.01966393078063449,-0.00563472471353162,-0.008123890333032242
2022-05-17,-0.016452769793943868,-0.006420505923688405,0.001375768153610393,-0.003938653547314466,-0.010799519705332477,-0.007483336457734191,-0.0024182219781562937,0.0022391204244951828,-0.005106888114492456,-0.011937487954563385,-0.008664348319026485
2022-05-18,-0.014326996672073376,-0.008652540204118087,-0.008285400581482394,0.010808382282465816,0.022186324620242847,0.004971667412294278,-0.023545820867332368,0.020512308567669873,0.018157380316908556,-0.0017751899038891171,-0.003966382832849499
2022-05-19,-0.006618272031748747,0.00516335736066283,-0.009867438871385338,-0.009961009147643815,-0.005360064235348969,0.008437590476521132,0.006903640471795036,-0.011723802015289109,0.0011083508638966384,0.002058937394450718,-0.013674488122505738
2022-05-20,0.0034243917118129633,-0.0037102565341677976,-0.009293473988620965,0.0044747247649147386,-0.008938802111803791,0.0023312499231321433,0.005464265896456044,-0.01940225869365325,-0.008938802111803791,0.004692465494194194,-0.005930127876598492
2022-05-23,0.0032792836964873557,-0.013966659558097255,-0.004934870771207203,-0.010668404257804659,-0.007338935022759914,-0.00791482512916323,-0.013217210525806896,0.0044134506407936995,-0.007338935022759914,-0.011439196577567503,0.004735301999510466
2022-05-24,0.0037568205257915467,0.002010155222361254,0.009221957688874871,0.011840416269976145,0.011727159699427761,0.012048832956965239,-0.0027275597863791,0.0066067824648400695,0.011727159699427761,-0.01007108385265708,-0.005981638430041067
2022-05-25,0.0012718579440046526,-0.009014745392015928,-0.010825524497257558,-0.011448747339205562,-0.008428517032354189,-0.01680968100052179,-0.018081113948930232,0.01799574242378954,-0.01242606216066667,-0.011057942484621875,0.0019214977126032137
2022-05-26,-0.0007472391821405147,0.020236709133233294,-0.007034428174669146,-0.0005039050668044767,-0.013156050476935716,0.003457574100930765,0.014719326663066523,-0.0061562541830786355,-0.0037809233079076163,-0.005379134321480818,-0.006722436618659443
2022-05-27,-0.013754541396592653,0.019771535071300212,-0.022422743132865342,-0.0029756493150071284,-0.013867357187123952,0.001979613130508446,0.02268963742990001,-0.003708261372678304,-0.01635529069925486,-0.006616044163754292,-0.010897967675170279
2022-05-30,-0.002921877460636319,0.024712389173647265,-0.009686380004768732,-5.765152274479074e-06,-0.003824796385547437,0.004941801642896315,0.00015141265452467412,0.024390869513167046,0.0019653143133263997,-0.002635485266586993,-0.0022073595772431507
2022-05-31,-0.000212326929738999,-0.0002343407541023912,-0.001496903679513364,0.015333106845557378,0.011172321165697812,-0.00025787426957983063,0.0034889442297002526,-0.02206211025807882,0.003177876948473537,0.014455341563151343,-0.009367135376793212
2022-06-01,-0.0009502538265481067,-0.00478087757213185,-0.00942503912203542,0.0015792018328800173,-0.002196867242464604,-0.003749664216288537,-0.004080228615936654,-0.005198441670160277,0.0016518045563203576,0.0010741917616697502,0.008304990147243833
2022-06-02,0.005685701132663815,-0.005592907568294364,-0.00022820816230117568,0.0005346290281239656,0.005674584370419575,0.002255623967852699,-0.008356487814545344,0.003997535072233364,-0.0038214675715567033,-0.005855694168233965,0.0065216350297170825
2022-06-06,0.012907857602280658,-0.012661864172453536,-0.02210284275592325,-0.011852311336831473,-0.02028298852698245,-0.0116882457341805,0.002703583362063555,-0.0022518552078573863,-0.01836532447925725,-0.013471392739322338,-0.0013345275708125165
2022-06-07,0.004748691044229345,0.021464999967422443,-0.012973320169634935,0.0012548940164156166,0.01846439615344021,0.02118467064253095,0.024447760148248787,-0.002512858486963329,0.014055088560926606,0.006795505225489842,0.017230125178071185
2022-06-08,-0.002126650576901672,0.00010379236336940934,9.861908675413804e-05,0.005082234150567198,0.006203136580166108,0.0031006656000935238,-0.008492990838374256,-0.0056481523843744195,0.00329042514706395,0.0012815643095275683,-0.0049171500110679585
2022-06-09,0.002666731782656421,-0.0013465155140226408,-0.009919794586559075,-0.004990863741739422,-0.0008674323620221822,-0.00512107241760267,0.00029863052677664426,0.007423368872786051,-0.0027740352096090977,-0.003407175873691358,0.0009542670361524625
2022-06-10,-0.005446315433768192,-0.03221422812618324,-0.0037437358027000676,0.0027624226655451455,-0.023810848998363027,-0.010250150565224058,-0.010266940530416473,-0.013787091991015596,-0.012228535642676158,-0.0035562689026429678,-0.00562831805373408
2022-06-13,-0.002813837907065711,-0.008198825340911126,0.006896566542094254,-0.009329730809259962,-0.005514172340235989,-0.0025538355073038326,-0.009793393302438872,0.0007524163327130573,-0.005795932177870185,-0.004146414603508172,-0.00017514468060047823
2022-06-14,0.002248186333352112,0.0024070119417500258,-0.001948089006156891,-0.0011644116680941934,0.005559676113172034,0.0032158325139932846,-0.004564981299435741,0.004765616100100531,0.006306721157781785,-0.000759092682349949,-0.00558539150524396
2022-06-15,-0.011583332555857638,0.0040368075278990525,0.00015970506576871036,0.0016429296098326549,-0.010433465580022503,-0.00668014075403886,-0.001125582153031416,-0.00018783039763263032,-0.006661822367480881,-0.0017984753590417416,-0.0049247818954644956
2022-06-16,-0.012387336863801359,-0.020641771169410406,-0.00011201904641765237,0.013629246094189546,-0.002247800487536409,-0.010113552120390074,-0.014222083244924837,-0.01221813153895801,0.011741450613766719,-0.005485703858125685,0.0012589509727748529
2022-06-17,-0.03521390567906417,0.019779869202722438,-0.0007045968353211239,-0.019963741860271406,-0.010299287947173828,0.015972152889784468,0.004098319051410855,0.003841736441337858,0.012112667742846667,0.005756098338685589,-0.010894810922309888
2022-06-20,-0.021059591706903462,0.008423993379369638,-0.007796861987491562,0.014725906623450018,-0.0003217319908279375,-0.009096527296695172,0.0006843966986418044,0.0012075910525815026,-0.008640789612771647,0.00018460339760132186,-0.0029006706181442226
2022-06-21,0.00827572066629386,-0.019486157861636703,-0.003920001336878556,-0.0040414912020748745,0.0016411063977568403,-0.020150809552467362,-0.03665370487918738,0.012696465605555651,0.007984005193613614,-0.008953672126898531,-0.017222058426554637
2022-11-15,0.00494127254273063,0.019061925292618773,-0.02289969614462933,-0.007419683868021719,-0.004904907617911902,0.017309087282966873,0.008588233616653954,-0.0060984128007859125,-0.018559116335580973,-0.01735611788641926,-0.01585233844587031
2022-11-16,-0.007749962733181187,0.004833872026983784,0.0036100359832970975,0.0004975830457629097,0.0009349206605485205,0.001502489307044478,0.00593205879647903,0.009864285016309426,0.0036637480617517744,0.003753913778559532,-0.007941463832801629
2022-11-17,0.005958324047692598,0.0006021778479936752,-0.017350967992452084,0.0011779320967328748,-0.004834764683966282,-0.003516093701946212,0.004157009456669303,0.004856248881651667,-0.006584764683966282,-0.003582234418361341,-0.006279071395696349
2022-11-18,-0.008367950500152243,-0.01311596616901393,0.00071184989642683,-0.0024629620772632452,-0.009239751893556764,-0.009855277832096259,-0.015446341096044721,-0.006276469571735851,0.0002884233993522929,0.013889980364531814,-0.012741439212421421
2022-11-21,0.0015312472187603149,-0.00023111901858478357,-0.013331798491951138,0.0009575377409981045,0.008520093669225803,-0.002921047335033086,0.010770765808623314,0.004416799276477127,0.004905901380647542,-0.011558135530053726,-0.0014690837565571567
2022-11-22,-0.009264466720376235,-0.0027455568412377376,0.0005814620740071143,0.006625278155449092,-0.006743199081030334,-0.007887480997507412,0.0027550063268927394,0.0059359670905143975,-0.00615072416757196,-0.0026022885181612313,0.004349335174694356
2022-11-23,-0.0020209662690008675,0.008192607219829322,-0.013556025434539078,-0.008019080554627918,0.0026284692281339705,0.005372323912850882,-0.013375618363492808,-0.006111507530037455,-0.004032437631324102,-0.015071018018140292,-0.01697871796671955
2022-11-24,0.0012154620181120063,-0.0016300236430975092,-0.0034378348008158,0.0043597224706706066,-0.010835123380934378,-0.0017300897185666224,-0.005667852378970384,0.0017566878285271519,-0.0033606463906844415,-0.004139393380026193,-0.011529690312368451
2022-11-25,-0.0008391968203553882,-0.0077987060024008945,-0.018450582417866054,0.0031162932178006707,-0.018403997156209433,-0.014282722060011011,-0.004025800571110221,0.012593696186129138,-0.007769015262432268,-0.004971360240678609,-0.005366948311310355
2022-11-28,-0.012086175862468218,-0.009181233424893501,0.004164942217893694,0.006642559732327053,-0.0003428165863415451,-0.007515154297181451,-0.0110733540082939,-0.005753418530538273,0.0060259554242971915,0.014507459743485693,0.0030514837297605547
2022-11-29,-0.005010926194408622,0.006783146698870739,-0.0008000646525531084,-0.009118004805718364,0.005509380010391874,-0.001722312063297057,0.004598889090449773,-0.007086529776469692,0.0014611478342070258,0.0025298616628702288,-0.009636578845023759
2022-11-30,-0.0009979079207882774,0.012008493895557157,-0.009860702552164126,-0.009037145518142331,0.004382867356837555,0.011924370567725922,0.010118288570951853,0.006984814651909625,-0.004661116435517789,-0.002212229996433231,-0.005074632318074134
2022-12-01,-0.015280083041081867,0.002390913293311249,-0.0214554119133706,-0.005269794881827817,-0.006356557483490492,0.012190694742000574,0.0014898670864398333,-0.0019552631729927716,-0.009357927366868597,-0.004766345797164644,-0.004714222289149461
2022-12-02,-0.005122596610325331,-0.0030689315434990665,-0.011373421798886271,-0.010226995759459179,-0.005914045046075788,0.0026569849419385934,-0.005565699453279616,-0.0035116974772200953,-0.02085514772627031,-0.005180255472388446,-0.003868362576377226
2022-12-05,0.0022661203421038964,-0.0042090752156843745,-0.0032288229437438132,0.01452640790650378,-0.009306522936161948,0.0027720723332494805,-0.017429802905763864,-0.0017806434727677583,-0.0031977935940196225,-0.00604545954975973,-0.013934007316709388
2022-12-06,-0.008601188543904448,-0.010727151299803062,-0.002513854281749416,0.001287609213645886,-0.01742230690916808,-0.011982442720273842,-0.009087087745927832,0.004308372155884458,-0.012627313917929268,-0.0017838661777362357,0.020263086030633263
2022-12-07,0.010473439995203108,0.00603106328109738,-0.01532886885453744,0.010821199593005603,-0.015019751936870145,0.013576205930446821,-0.003946446194040387,0.003467605605436871,-0.011654322586931182,-0.009921409570415343,0.006613713213306848
2022-12-08,0.00913470750574457,0.012771993900791128,-0.007747541575484985,-0.012550966368827354,0.01779968988188612,0.0019710660788185286,0.017705272037671065,-0.005684655337157378,0.006333134890238754,-0.007098256754995136,-0.0184377840325406
2022-12-09,0.003857395085780798,-0.0059308986382571125,-0.01132200436661181,0.006643842063669859,-0.0034915567353312627,-0.0009300321155273255,0.0024045981113397317,0.00796102926394778,-0.005521482013969705,0.000992899416399991,-0.004262840723590377
2022-12-12,-0.00265742800530798,-0.0019021509395107106,-0.012308127964574669,-0.007941945556630728,-0.010251546534541047,-0.004584721957292795,0.0049974534347501836,-0.003939481080057372,-0.008267476947916628,-0.005346065532656676,-0.00485305339671877
2022-12-13,-0.002538271750925826,-0.0017455080537688572,-0.00859068765521616,-0.005970566453762538,-0.006661174298929509,0.009542716324197769,-0.005994264206980276,-0.0007629744316688773,-0.02209490490628644,-0.00612936768337412,-0.01716848026462311
2022-12-14,-0.007473200491988217,-0.008786726251402524,-0.006610134500588306,0.013910346888962125,0.00019571656664578224,-0.004180365824177153,0.006812553900680159,0.0010388397403331417,-0.017232922785578732,0.028155314868698825,0.0019565994575386804
2022-12-15,-0.015619567254245584,-0.007988790528077643,-0.016477662739577723,0.006955047602117746,-0.005730086482788486,0.0018018679305280751,0.006004342994096431,-0.004241791667329575,-0.00309784116525351,0.00854391578483176,-0.009260678240335845
2022-12-16,-0.014817040962688474,0.005474967936655241,-0.021791478122576497,0.018705994663199242,0.016459772721061,0.004227826624385718,-0.004661625047366336,0.011447761431945553,-0.019950480774170835,-0.01754071574353765,-0.025956704719144442
2022-12-19,-0.012160299703853652,-0.015654020443813987,-0.010361954689942644,-0.0024621024799167546,0.014816716645367899,-0.010543616726238065,-0.017246344091395267,-0.004586778348971532,-0.005910887184455239,-0.004441816816466184,-0.008053839020793112
2022-12-20,0.004148336394889033,-0.003074956842330297,0.013629495404612337,-0.0030063009740587485,-0.0061769656590062874,0.0016114564130588205,-0.009660180830020479,-0.010619473198029028,-0.0036458683115542013,-0.011609584110165013,0.013622014839497055
2022-12-21,0.0026703969506407174,-0.005963412986951466,0.0033929042594532674,-0.007471464279953922,-0.007066597597939324,-0.00023316751826603886,-0.002869697697053846,-0.013869072403357958,0.0005417899184759888,-0.006075346391590112,0.008494321895355669
2022-12-22,-0.007410387477240699,-0.01675589643456421,-0.0016772891531375933,0.003827362040823939,0.009591966458040179,-0.014860999591023123,-0.0189934922121137,-0.011833523957252104,0.002102338098581385,-0.0012716495691455214,-0.00148619850627396
2022-12-23,-0.005781622903623327,-0.0036927404544166063,-0.0059817293289031815,-0.004696777230162605,-0.002470946950811995,-0.0014442838721616205,-0.0020725689331584918,0.006079690878638355,-0.002643183892811855,0.0033873789399180582,-0.005070664957095404
2022-12-26,-0.010423177259463168,0.0029741755592234687,-0.007555817897891666,-0.006573525632301467,-0.007752042295179819,-0.0030695068665642644,-0.0019164786491497703,0.004781719016681636,-0.009253003700053542,-0.006289945533760384,-0.00255712650969817
2022-12-27,-0.005636001497192296,-0.009024764636940899,0.012982066396193113,0.018038579332622956,0.022175580715070385,0.0005582104996691151,-0.014814905967368636,0.0022174759137916036,0.0174457522913546,0.010423368858505276,0.005217934568235358
2022-12-28,0.0012624962254089173,0.0035435510847927343,-0.006270556750307452,-0.007607800661095037,-0.0006541329935072018,0.004152931053481171,0.007615600285077703,0.008373322505259906,-0.008114050577693904,-0.007444190891563401,0.005908464562045879
2022-12-29,-0.008499987148491499,0.0054132530455877625,0.0002451816243575428,-0.007648719222024471,-0.0009880310729942481,0.004182516642436435,0.00021163475080500848,0.0030039163988922666,-0.007203610279616679,-0.004032730444549489,-0.01140365025025431
2022-12-30,0.005121192657093971,0.007773672160974762,-0.0031008071085066174,-0.005725809110128134,-0.014215699282235029,-0.004364963936063966,0.007145368662632268,-0.004488439281275458,-0.01513185346347424,-0.007101539686553717,-0.010141635824644729
2023-01-03,-0.002392968755645613,-0.00686024751871279,0.0022926805171911454,0.0036062401951873586,0.003927371769619946,-0.008696213876534464,-0.005947289105175705,-0.002619198738373,0.002786550347475418,-0.0046865775562018475,-0.00458762283830687
2023-01-04,-0.008701936753540869,-0.007205607477502282,-0.011416677065375918,-0.01505297404522319,-0.001828557149528138,-0.012376272831536842,0.008545293455777184,0.0005402741165346408,-0.004202776643259195,0.004775965089269321,-0.014239595285218901
2023-01-05,-0.017438982114122127,-0.0048376504100885636,-0.01759286864519782,-0.0023086271456573453,-0.025264440526661103,-0.013380562870313379,0.0015769045680935987,-0.004980950032276185,-0.021918690702135996,0.0032876220900981065,-0.023602470347966118
2023-01-06,0.006637472332171543,0.012566582177076215,-0.0033771806622817707,-0.020449986598119852,-0.01966187098798554,0.010414896248784465,0.026395819393767006,-0.0005651335134616194,-0.014433319996392012,-0.022084129392113364,0.002785809572425509
2023-01-09,0.002528760666575632,0.01172967608530572,0.012332368171172396,-0.0029856528185385743,-0.01564833562502499,0.009529168043867997,0.006158722710925583,-0.002813866197391879,-0.01589833562502499,-0.00788518446813622,0.011418598461873285
2023-01-10,0.006690818042701398,0.021685397315756534,-0.014092482879460676,-0.019115407751302906,-0.01607442090733454,0.011838375349247579,0.015766462667039332,0.003140745498658967,-0.013358745389279244,0.0006446628498269812,-0.0095276484992417
2023-01-11,-0.009561513752142745,-0.011140212584777431,0.005569238328631019,-0.0029163865372103135,0.005799509063899294,-0.01649392294777189,-0.003251905451221819,-0.0041543721374947,0.006351234266126041,0.0042947732042351704,-0.0013594603965529067
2023-01-12,0.007107840361721873,-0.0036811852330536077,-0.01751910802996637,0.003970064253753469,0.015011659581533806,0.009825999966763237,0.012452671083124794,-0.002199126067865172,-0.005351883151065686,0.0013093459566249476,0.0007706851546038992
2023-01-13,-0.003682708206021887,0.007172226291671626,-0.0115143062835021,0.003319616326258529,-0.007577722698549789,0.005429180560935285,-0.008597464557387005,0.004401267643129203,-0.005082316291423887,-0.005960751966642787,0.008697201514288298
2023-01-16,-0.004376873414401614,-0.0014176832246369047,-0.001926387175024308,0.0014256520731259037,-0.0036860271781928183,-0.001557061621607403,0.01141812086181306,-0.002950384598415845,0.0036130669228551333,-0.003617359735316448,-0.005774169060190412
2023-01-17,0.015512645957798148,0.021678947608240483,0.012406976418697323,0.01146073866628065,0.044885007355659035,0.028257843965551165,0.036504347223252874,-0.01558197330167991,0.03293528929324541,-0.003913546008730752,0.011722918225050291
2023-01-30,-0.013674542818523636,-0.01344341923908876,-9.989344347576933e-05,-0.012888500102865508,-0.016808555886281842,-0.0035389766262788527,-0.009384654520808536,-0.007901935652500247,-0.019125605000333203,0.011019095426330738,0.004057993798012197
2023-01-31,-0.0062682382306753085,0.009737237861661705,-0.005288062785986894,-0.004255126073284486,0.003531897915067251,0.014315720468297053,0.009798023925336944,-0.0038981758426519146,0.004432542164145904,-0.0014194522571164964,-0.004059388333760569
2023-02-01,-0.0007571203884323462,0.017840421219791052,0.0010826367283274926,-0.0005006453342550242,0.010419344692521287,-0.001577397565694823,0.025249066641483076,-0.0036157226378248364,0.010419344692521287,0.02036462589554661,-0.01635433190766833
2023-02-02,0.006952369657259124,0.016542885032705717,-0.007160237779104003,-0.013738129255503504,-0.002459455120753776,0.0164348002368767,0.006011348876925264,0.0059673173791681315,-0.0017714334694466458,-0.019012879867384615,0.004564858408477186
2023-02-03,-0.005577300441936989,-0.011522778179518123,-0.025312649606289886,-0.01755244480168478,-0.02794641921537867,-0.01322912415054649,-0.014016895602323573,0.0044905495348172755,-0.022812649606289887,-5.844275646824039e-05,-0.014683926694668406
2023-02-06,-0.007739599147327678,-0.013239833193542919,-0.01377049883988463,-0.012357525546080382,-0.006839313934338509,-0.014291044291816546,-0.005769888986018286,0.005158969649254923,-0.004863840378667234,0.0013407888265941107,-0.010335831876719916
2023-02-07,-0.010107787720722725,0.022546111880483517,-0.0017032264869144042,0.020231962174249628,0.03360230311984925,0.015397805955960742,0.029253732557095364,-0.008626904792715311,0.017641007786322896,-0.015465358340909688,0.005571448268815322
2023-02-08,0.0007537814289077082,0.0005967921978160353,-0.008396963711159985,0.0031048086069671308,-3.325641240306478e-05,-0.006353207676734696,0.0018700106590653724,0.0050016718236678415,-0.0005398806053108767,-0.005788462152013698,-0.00038851950219098187
2023-02-09,-0.00522033312972857,0.006580197999048955,-0.005806849937155297,-0.0023952666259397237,-0.00297189018035257,0.0015629752336325058,0.014945980317885226,0.008030953438599941,0.003547242221321135,-0.0155055160523867,0.0035091569800907744
2023-02-10,-0.009269216740925415,-0.009365008270718334,-0.013724170271481538,-0.01762946715671567,-0.01587740022423087,-0.009509044550851645,-0.015869827566827976,0.0063561790969433405,-0.015573284558652081,0.015470948549106103,-0.013583184297562608
2023-02-13,-0.0007288616513611464,-0.004973325523965344,-0.004248174008828724,0.006827952164744098,-0.0016143077794080285,-0.005767976661418779,0.005143383995786695,-0.004347099036554909,0.004989139356084563,-0.004417664351297292,-0.0002631428270352546
2023-02-14,0.00487232907983713,-0.013180482791248144,-0.004010747323842986,0.005128539035502691,-0.019244064374565873,-0.004914715858534768,-0.014673100853654327,-0.004745705192238511,0.0026455891833579454,-0.0017883434531047247,0.0037630638311833206
2023-02-15,-0.009924722165173174,0.007259365252185273,-0.0030592280477961032,0.0008978672346421834,0.0001309892144901652,0.005947123464454565,-0.003396253477806365,-0.005783453189907303,-0.009868074447867201,-0.01424762320753191,-0.010918231147276566
2023-02-16,-0.001977417918061798,-0.018932552400926728,-0.008733111736964371,-0.006748560373731854,-0.010623553082556173,-0.01899879508623949,-0.01649298291763372,-0.007065814575948848,-0.006649428915332044,-0.01187201017425948,-0.00711884930541533
2023-02-17,-0.004760024631374376,-0.004177693398883168,-0.00598909336790402,0.0014047712601378182,0.0003315050620797866,-0.006816938376479675,0.0007604238139432007,0.0032370327857295473,0.0027707091626681868,0.0011585432096757452,-0.0026288928300086346
2023-02-20,-0.011051197993592941,0.008680741959059149,-0.016031111874102236,0.006769512303611634,0.0026680309318194897,0.0010610538941337364,-0.001882638026736864,0.001915176661160737,-0.0014938946590763252,-0.00416790523314872,-0.019159515500959703
2023-02-21,-0.008581369936025872,-0.013110111505899774,-0.01664748882409275,0.00942709561670302,-0.008501094112530035,-0.016046954396413193,-0.013778811152656594,0.006303715341653859,0.0042051723830814364,0.007518858640553926,0.0004761234029907243
2023-02-22,-0.0012922009115354021,0.021537588681565734,-0.019743893891044747,-0.021702374192428608,-0.00788370733944991,0.011967285655769313,0.015984836101153903,-0.0065898620415322795,-0.013924801392119721,-0.021814779870509556,-0.01990211218829989
2023-02-23,-0.00919577759951802,-0.01857330004161145,-0.01209542512079404,0.004869756225146006,-0.0012354279605162315,-0.008031248371349128,-0.0076391998128924055,-0.007669546776452133,0.007505259078442241,-0.005534488086658476,0.007325889922420385
2023-02-24,0.04577144932345911,0.05416212605023712,0.034395298703975036,-0.018622303329578826,0.04604075002627747,0.021060331776973036,0.035420223961992105,-0.00778000611912133,-0.005130323888573401,0.002377074473508326,0.021186872007957634
2023-03-01,0.0032389670627920334,-0.010589533970985507,-0.006315020177172055,0.00197345103335293,-0.009407431254909077,-0.008045179247954818,-0.006688611958752219,0.006965058986747079,0.0036522048935947304,-0.018999694795192826,0.0009564662451698501
2023-03-02,-5.412059719144945e-05,-0.0052897216525504,-0.006643234178569062,-0.0006909220827869241,0.003064769282651898,-0.004331935853860408,-0.0009649505023023681,0.0014911191236668029,-0.0017901350800348347,-0.00867347749471287,-0.0027483081701593593
2023-03-03,-0.00020402711092421671,-0.004297249994174654,-0.004517600721243063,-0.0022081504432582824,0.0005221087218664495,0.002266156859295579,-0.00014555168860408418,-0.0033254219333829216,-0.0025657451820410467,-0.006690298290886443,-0.01047816901408908
2023-03-06,-0.000847197727118559,0.015078441240560403,-0.01425399294128131,-0.001460671807840531,-0.013957785020683691,0.016408211320099158,-0.004700238338717559,-0.0033091037570896114,-0.013183618097242361,0.004065051078572528,0.004633670856385435
2023-03-07,-0.002232555651006435,-0.011634717827151309,-0.008434801881711747,-0.003688030358875595,-0.00036434120198413234,-0.012135164979069116,0.0018959925179200348,0.0015657417148066306,0.008013361403789821,0.0009706763556596274,-0.006799724687909121
2023-03-08,-0.010253714074260342,0.004004033118783223,-0.011012277200272789,0.0023429893733237974,0.0014269076663013256,0.0074780330810189834,0.014901838380721491,0.006034259376941945,-0.00103711754271839,-0.009895123597485674,-0.010984836021587912
2023-03-09,-0.008273741496920419,0.001634044456006862,-0.0033854887632189003,0.003408020950651793,0.005444458486624644,-0.005779280885545145,0.002411492226071621,0.009382006958391068,0.0028966295301568485,0.0017265486887619239,-0.002434028533205795
2023-03-10,-0.00404160333300419,0.007695542335888418,-0.010344306840035285,0.003112330213493647,-0.005863018549948814,0.011509324631915702,0.0018720960588503033,0.0023750845372370044,-0.0008501830775368602,-0.007728877550978819,-0.003838761345191997
2023-03-13,0.003478903784764476,-1.3258920921058528e-05,-0.009045477372200163,0.002896441595195893,-0.005239743425642077,-0.002424580279732644,-0.013483728769614123,-0.0008436929497795034,-0.006049154089418762,-0.0021785408027338903,0.001327739011165308
2023-03-14,-2.047893679820844e-05,0.00879849693044647,0.0053925189310375585,0.0024285586527287226,0.013361407383658421,0.0029778564980913746,0.015639624461730766,0.002444430498638665,0.014181268953546761,-0.01473635392364288,-0.005953435820279412
2023-03-15,0.006810224261551372,0.0093981278639081,-0.0011560851086751395,0.012107155777041986,0.015146016764347294,0.005039956229966225,0.006235651464778558,0.0003043698675369946,0.020298530015903565,0.007589385069705498,-0.008349431561006915
2023-03-16,0.001954674459617429,0.004960494711030439,0.003952271295383313,-0.006306193723822933,-0.004289001210911533,-0.007875544415958243,0.0157149769056536,0.009174122082730718,-0.0009397686788533222,-0.017548008541301514,0.005606058966088877
2023-03-17,0.0016424100562604836,0.005908914465004199,0.00921290202117422,0.008966893911621246,0.007838767350314451,0.008836631420935428,-0.0012825166170881514,0.0018220043459283297,0.008827006141796953,-0.008183496290808072,-0.01271103597547094
2023-03-20,-0.007515189673365828,0.0013624092338243386,-0.010825280016576518,-0.008020680549218014,-0.01029559206038887,0.006500127658428556,-0.004919227221110989,-0.0036981784489207676,-0.009536385961314398,-0.004838264277793681,-0.007822257913041657
2023-03-21,-0.009875339011338947,0.002634184532123312,-0.00190151158428414,-0.01488941378030244,-0.003541474892503227,0.009646269173425814,0.009315129447388179,-0.012147497955402339,-0.005979941627970635,-0.006683966399431755,-0.00040639806971929336
2023-03-22,-0.005652432353650302,-0.0003201067209591679,-0.009958532328654953,-0.008246192848239527,-0.0050170854014083095,0.0017841537717356495,-0.009698555886902568,-0.01016601816337026,-0.009233508064434107,-0.0015024676491388303,-0.008652928638808378
2023-03-23,0.003300250249114959,0.006931108489790126,-0.013416423539376273,0.013848351453832732,0.007243791336088943,0.011290720968450898,8.405877386250915e-05,-0.00038750153719818714,0.00911985676072205,0.0065531412059016535,0.004502709216878363
2023-03-24,0.010024069214382678,-0.012715527582321104,0.0023751847781665093,-0.006661171750533203,-0.0074457973478079705,-0.006396437656702189,-0.015156495597734687,-0.009798126958407705,-0.003603552263374283,0.004315644166117889,-0.0008792419681318709
2023-03-27,0.007671042461845017,-0.014875082471653997,-0.010766191482971713,0.000726989941031932,-0.01436201592457916,-0.00856868017556624,-0.016202949519388943,0.002114976304289621,-0.01147432376392133,0.002627281104954289,-0.003319769447283142
2023-03-28,-0.005955803222779015,-0.0018948104427525814,-0.010120130860002782,-0.0020438678828208667,-0.003911055271304104,-0.004753730227177104,-0.005112039138553348,-0.008762643204631954,-0.0012323278548562258,-0.0005938323005473959,-0.003919423782104775
2023-03-29,-0.004317163952782159,0.008542468519841011,-0.013465772106727288,-0.003949781284023003,0.012522414339932722,0.0027001468882086876,0.0122874239477991,-0.0006610789819877136,-0.00017868955503881926,-0.0025166120908679678,0.005923749616674258
2023-03-30,-0.010100185707534123,0.005389062069385617,-0.012376436108551256,-0.008005200818093387,-0.010968234331645905,0.015191739007893454,-9.700068031137654e-05,-0.0075459943527450375,-0.008590591840961687,-0.008704091553768441,-0.005177389031954209
2023-03-31,-0.004081348893710743,-0.021015256018102724,-0.014141785180521445,0.00951755759082847,0.007533526255949497,-0.015055535758522717,-0.0010364239946093665,-0.0022703495840255363,-0.0017842750408643318,0.022095575631948153,-0.007620911818619454
2023-04-06,-0.0028693779956929853,-0.0039726541500882395,0.0007583355357555065,0.004313350560159136,-0.0014626709900536468,0.0017661187916091134,-0.0063942732585341635,-0.0038018215588361643,-0.0019487048377988796,-0.0013431606236531455,0.004256185937627029
2023-04-07,-0.0038924725712575553,-0.010647623613351032,0.0041582233374660394,0.0026581725909469445,-0.0015497883393027917,-0.0054301711349423925,-0.01377628706698932,-0.004422510701556211,0.005551383514555182,7.329359627912405e-05,-0.00694558030523942
2023-04-10,0.002867530679766847,0.002588746112626013,-0.01274621302408981,0.001861763409863171,-0.006107405028210266,0.002947528335521717,-0.015881530305648667,-0.002617486841296035,-0.002487146406553554,0.0019477369876351952,0.005824589832325971
2023-04-11,-0.002660799692772965,-0.006783196061388589,0.0005059077414353973,0.001389223601085556,-0.00020164228694295174,-0.0031639926530326137,-0.001543865219714983,-0.0021084188479603507,-0.0014150968532115516,-0.0025082304149451305,0.00017883802904060928
2023-04-12,-0.015397191674053358,-0.004763874726775604,-0.0006712060028564323,-0.007927534340301474,-0.004551855473736708,0.0026578433419410996,-0.015684518005497954,0.011732449149482719,0.0009248361567322234,-0.004800874912789046,-0.005409395246070227
2023-04-13,-0.009903216522040742,0.004153155412051079,-0.010326858892516624,-0.0024887227819282423,-0.006275495283270111,0.016467665304532714,-0.004210558838955288,-0.013872567170843675,-0.012658601135850376,-0.02253740197742231,-0.02428051246231636
2023-04-14,0.007134365533881196,-0.023197906068688268,-0.01312845871329357,0.008517163916157738,0.00496010469589875,0.011569203791517426,0.007562161894328456,-0.00540676499603084,0.006881812743546611,0.006943140282865157,-0.004422316096942139
2023-04-17,-0.00992227484018045,-0.011075698960535552,0.00791032749247691,0.009117807909859213,0.006350056978424911,0.009192236578940008,0.00676709961069083,0.002628710998784793,0.0020633690457387112,-0.00917227484018045,0.013792058561833319
2023-04-18,-0.01863956526560246,-0.007379508840350971,-0.0012831024486311482,-0.0015482248061889081,0.024087158552513477,0.008728773207258908,-0.00924128120085856,0.0031652671655952314,0.006755085606979757,-0.015483032576384953,-0.009491192315724184
2023-04-19,-0.012876664958248903,0.01157238434596325,-0.0066291616765853534,-0.011099001234638722,-0.009096662642338705,-0.010594945498287009,0.012134935884847209,0.010783253863160017,-0.012761084419183256,-0.016745761677369922,3.4512545026301e-05
2023-04-20,0.008801895475865927,-0.009480086059856665,0.003679050037554369,0.011134602715439599,0.005456252901925151,0.00021494986951571082,-0.01113836944574322,-0.008787590960079028,0.007081309382841601,-0.0029316225564595443,-0.007322801885745039
2023-04-21,0.003618116940109296,-0.0019041778565801006,-0.01046958262814317,0.0013964221079985264,0.005638658988342316,-0.00197241158157029,-0.015772564705303416,-0.007153160475251423,0.004403152113684047,-0.0009179905657288952,0.002137344406533008
2023-04-24,0.009913002785613478,-0.01614882627117546,0.00022282934440874362,0.01630528638571781,0.011880242538662555,0.002282636159199972,-0.009548688055826982,0.006255758739762177,0.01504041330889334,5.810078009231556e-05,-0.0019480944605282532
2023-04-25,-0.01754341949099308,-0.02022814406752859,0.0030399513349215054,0.012312568772450471,0.018617304075359192,0.006642211479407986,-0.030421802229078348,-0.024447172203763873,0.009183920890651944,0.01672121966233936,-0.006877254350886141
2023-04-26,-0.01563872745605492,0.01389888283596378,0.008578457159738786,-0.008296046235473817,-0.0019694426848946935,-0.0073386470974095746,0.012407017483471616,-0.0012988845170368397,0.0011054150958625664,-0.007174696568247679,-0.005517007807978339
2023-04-27,-0.006735958744356606,0.0011381870316777287,-0.0049365410711362774,-0.008167651796050841,-0.0018545952765682636,0.003251702897320038,0.004182914907230366,-0.005944843371433768,-0.0010412064722360248,-0.0053674201828384765,-0.001468757105088347
2023-04-28,-0.005065578862317588,0.0014307393017822523,0.01312613575870196,-0.00841139687053403,0.0011176159904575196,-0.0028413789373609908,0.010722331246657796,0.014275032331855009,0.0011262219261292412,-0.012233459737437101,-0.004647790192162417
2023-05-02,-0.006069129558737882,0.004320191154799656,-0.010256460410759168,-0.0023353679648211063,-0.0017017586048158802,-8.212830703959362e-05,0.0006845337770357189,0.0018515616842015303,-0.003329719583252269,0.0018150169745719032,-0.002703300360848551
2023-05-03,-0.026984726591280053,-0.0021461995151435724,-7.246385182456492e-05,0.014717539793080938,0.007883499977368646,0.008686958511724343,-0.002747452485515278,0.019429440818218995,0.0020985533608673407,0.0032581488829825315,-0.0023676605461784438
2023-05-04,0.004162940084138786,0.0006920989233385653,-0.0011447515505176183,-0.002013263071374254,0.0014003531875012758,-0.0022372608506582383,-0.0005949698916185575,-0.003065420099310416,-0.0026107461065970608,-0.0026605953288427256,0.003644804062059602
2023-05-05,-0.008758773046598523,-0.003083931873630559,-0.0015857466152194074,-0.0006183225193056863,-0.0025864906080467574,0.0054943732073462846,0.0026910960392289756,-0.0010074917965003554,-0.0020998943530488026,-0.005540036580800024,-0.003621439464812133
2023-05-08,5.1439144211336794e-05,0.00012084414713231517,-0.004326297226023601,-0.007421082929379337,-0.002558013766124892,-0.006533439163282991,0.00012321382975621908,-0.010699840571155398,-0.002066406793124789,0.007299743568451591,-0.006445798792457619
2023-05-09,-0.016677013951469352,-0.005153434077301381,-0.004842202364184308,0.001576942550800035,0.007115832002543251,0.007558022867555339,-0.00471999904809826,0.012448519660406165,0.008113276507302444,-0.008866114072093135,-0.007739650559349744
2023-05-10,0.005681628674917286,-0.012346531679825218,0.006837377622303876,0.005203176622717891,0.011059256752977403,-0.009668313876259733,-0.008032203814550573,-0.0028233977490353204,0.008315716630033899,-0.00016648704687798142,0.0018333051756896403
2023-05-11,-0.005316135389242127,0.001539037920447665,0.02503847697103328,0.0004209931005039859,0.03147525328786703,0.01666826033736845,-0.013580849258734373,-0.008691474744657868,0.03247525328786703,0.03105691101158241,-0.00019686294351172222
2023-05-12,0.01062754516193791,-0.002172342759687862,-0.014527606313441285,-0.0021177214996483027,-0.01200526477962513,-0.01971277005542546,-0.013642425455386315,-0.005544906121457045,-0.01200526477962513,-0.009643556025286472,-0.004380287925068159
2023-05-15,0.009288486110024311,-0.009683974840622517,0.020662174452103697,0.014832240730161225,0.01674757020784537,0.03077727787703155,-0.011735801112685202,-0.02738704670294364,0.021203868070911625,0.026741258091325663,0.016232282831455634
2023-05-16,0.02931657353147416,0.027670092827996515,-0.014678573160187672,0.018018579623180618,0.019621226556534248,0.027210872485681936,0.004618761132443011,0.032881536276991245,0.017046950677260857,0.03455078302218104,0.018404084274586393
2023-05-17,0.007903264248391426,0.0275545986088739,0.002014169063225984,0.022250402881427628,0.016858888921773396,0.02303803531990715,0.016238281332109288,0.02426891057930066,0.0161188713661026,0.017197861678181523,0.022462346434734957
2023-05-18,-0.006255709348157055,0.0002218395852899476,-0.0014340127135141737,-0.0045991127709913236,0.019344173529340748,0.00708233884370631,-0.000645450068346376,-0.006312158660712312,0.016828540814981714,-0.02293275384063145,-0.010970949683114347
2023-05-19,0.003373341426064216,-0.0013997652071228348,0.0034795693101251383,0.009802800835638644,-0.015932735493418792,-0.014003681803532203,-0.016857950249895153,-0.006450235467578169,-0.013806011193719187,0.0021653337171710484,-0.014698512561127055
2023-05-22,-0.002154998449052053,0.0033492748190703803,-0.005773219555385241,0.0074013750817632515,0.005626043389435277,-0.0007885432897123771,0.0017877161216908743,-0.0015353138485954543,-0.0018951659430084626,-0.002129142608207324,-0.012986578908819905
2023-05-23,-0.011118424033789834,-0.010862253651844733,-0.008852021237009395,-0.009168568465184962,-0.008936486813335632,-0.006356934645267219,-0.005170341724664962,-0.0004835207333542999,-0.008427462067124265,-0.004138889785467758,-0.007235373863354502
2023-05-24,-0.017030710158529274,0.018572325671694024,-0.004540676158642663,0.02292460462497047,0.015087239934775393,0.032008563582038865,0.027695388761278937,-0.01710879855259001,0.020972918053859722,-0.037373555188625535,-0.007687048019313116
2023-05-25,-0.032963808774773264,0.019245132799812797,-0.019254005401444688,0.018821453745192562,-0.0010276321933291848,-0.014216561765348412,0.04213382128785451,-0.03031291433331157,-0.031139543897664233,-0.015320210898548264,-0.030204644557938025
2023-05-26,0.003295066215632826,0.004533165007833702,-0.02415902667658968,-0.004419218160336236,-0.012682540118623563,-0.017644593772014112,0.003351406196894409,-0.007226305003558919,-0.018977948531919454,0.00220281101657812,-0.006963416617676389
2023-05-29,0.017272682976000563,0.025322051009605218,-0.0024043722621765722,0.011287895472382514,0.01225493307909915,0.011185954656850822,-0.0007442462372663958,0.021411610281066622,-0.0020693912910362986,-0.00815024503054277,-0.0019083158531511789
2023-05-30,-0.013597823109307901,-0.0074416883425710845,-0.016392243294965938,-0.00668454107374953,-0.004372855353823867,0.00025688205010854226,-0.0018643252270326336,0.0010657866719589277,-0.004739553845841283,-0.00528154674270556,-0.009238016696829505
2023-05-31,-0.002049438495357654,-0.004155111248541288,-0.0008026377907864464,-0.010070312221327834,-0.003602868836743452,0.006502283605779294,-0.02134026176032333,0.006958973466132519,-0.013261773435595637,-0.003910120609471275,0.0022240425557842752
2023-06-01,-0.003050422679939134,0.007954198179316935,-0.014740619538476381,0.0125581351175925,0.01724133084656261,0.015462090671526318,0.010303301498150952,0.001744222517409983,0.007374255437977022,-0.007535526153006877,-0.0072408253902564775
2023-06-02,-0.0072989734569033505,-0.00765989328620766,-0.01735206701045034,-0.0060422721825439205,-0.004842306530566894,-0.010987661044251973,-0.014376818265503613,0.002009160297256026,-0.006627654665689753,0.004623072693963264,-0.01653776849117278
2023-06-05,0.0034041597847521174,0.0017245719015893668,0.006215261108198842,0.0009698344676743282,0.008487906802930361,0.008881296439863795,-0.0033705380365403785,0.004449581328820193,0.0017145373052399344,0.004785574971725253,-0.010298781654135138
2023-06-06,-0.004703976528607421,0.013981403681891555,-0.009234584194210355,0.021576719966356638,0.0272204260002728,0.02496203805175327,0.01068563982983865,0.003668579151107669,0.024420181317364863,-0.011643893114948602,0.008118151933421556
2023-06-07,-0.017806452897667482,-0.014097573803902263,-0.016221619213916735,0.0010361676110565358,-0.024245228780516697,-0.015972458105083732,-0.0003757280969586274,-0.011666227905265503,-0.025734910767876443,-0.019355122959312687,-0.0022028712690631523
2023-06-08,-0.006926741024782159,-0.0023634426716216774,-0.03246767822028463,-0.010083404017362397,0.02724958762359292,0.035548138354867954,0.007496267049762621,-0.0015436170226580765,0.02950731637955282,0.025958569966585684,0.02582839632883156
2023-06-09,-0.0012190602932591115,0.004545965797455105,-0.010402516755989563,0.018379354830607077,-0.015326593939190938,-0.009743153120601358,0.005071497617835467,-0.011874156489690571,-0.0024420749209783914,-0.0076817957745205015,0.001484457732661865
2023-06-12,0.0037928120596600365,0.022502408007011043,0.0003400161726038317,0.028224771615942817,0.03404316881079856,0.02375708364211589,0.018874070552857725,-0.008155213607756432,0.028276678591537624,0.022322005856885114,0.025598231280432242
2023-06-13,0.004513845865413668,-0.0036083141328095794,0.004271627875318829,0.003984568067470607,0.002264027022184396,-0.0024434866629831817,-0.0002731370737316108,-0.0008876105862187047,0.007817949356985376,0.010137104641311026,0.012135786059170293
2023-06-14,-0.032174530337643906,0.00023272407918889515,-0.01315408602584015,0.019100758274333884,0.008872329771395647,0.024915936067959877,0.014659676310496028,0.007031601536667043,0.03243239120776845,0.03829445552039565,0.010955015530571408
2023-06-15,-0.017714177998613467,-0.005128775894631463,-0.008755243672291389,0.004723265841941382,5.691263242139531e-05,0.012498683586176257,-0.0042601339412910635,0.006109004839907043,0.0038453345630701076,-0.00224386957826238,-0.0006516039686156388
2023-06-16,0.010248297369330736,0.018309682317875414,-0.02516208990649045,0.0002829911009411914,-0.0006225431934496098,-0.0020410381982140973,-0.012562816462415508,-0.0018701725434389453,-0.0038209782298799207,0.019941736529896052,0.007912415025053254
2023-06-19,-0.002678321279217721,-0.014044151757422981,-0.007137703119948488,-0.0026741748275097917,-0.013867348789120779,-0.010750562132192934,0.002297028959445243,-0.010008367089038942,-0.02425163576266003,-0.006919620644392033,0.0024038255124853233
2023-06-20,-0.003771199341284823,-0.0020375821853903797,-0.007469747693029065,-0.004540059954634911,0.005772796343808704,0.014435671432756148,-0.000638634967973765,0.00037904575490218156,0.00901701412671218,0.0021993186198723457,0.0006969869778857204
2023-06-21,-0.006310732772901808,-0.007042458193958184,-0.01324297047225749,-0.00017143476302306816,-0.024066776110908933,-0.007209586107452131,-0.015857979314243858,-0.005067083143753315,-0.011676100323287208,0.015184658494292005,0.0037586705774133138
2023-06-26,-0.008628682245255237,0.0031744031247147213,-0.0016979187932525926,-0.019598466364630515,-0.011863863862986017,-0.007915456738569507,-0.0017908973134054817,-0.002909003593680755,-0.016001037109593035,-0.012609613589115394,-0.009618903935029989
2023-06-27,-0.01569967315746251,0.017162635954766643,-0.007329939141548536,0.006783132330611128,0.01481158135550879,0.0009869599110070484,0.0042176150253458635,-0.0028466190302567917,0.014867934009961366,-0.006949334724080277,-0.002572693956865108
2023-06-28,-0.0114138114397032,0.007085739176191264,-0.005697493830477338,-0.0062898713410497265,0.001572009121838183,0.01827649623486095,0.0007451311037898756,0.007700117699952584,0.0044405929577887495,-0.003257769051883376,-0.02058054446528439
2023-06-29,-0.017104612000313536,0.0001931169943159101,-0.0073963140440191245,0.0009069669401176057,0.022562210807263422,0.012050932946113313,0.006802094009337585,-0.004947106364490084,0.01627667236679653,-0.0106986099368146,-0.009377274686850389
2023-06-30,0.015646651416662154,0.005144764964166447,0.0031786625905687992,0.010305338721169907,0.03995041725836851,0.0194751244685966,-0.008568898695006636,-0.0035016884688081435,0.030302594706041575,0.018807683770378773,-0.03353065537913187
2023-07-03,0.022292169391190796,0.01905493574380357,0.014345840577063826,0.027302994244301014,0.0339719019293626,0.024956193017151695,0.01831351038578366,-0.005816205518936709,0.0337219019293626,0.017928105529153714,-0.008673589764002562
2023-07-04,-0.007257355556383002,-0.009458958058936068,-0.007055276304284685,-0.0027051308403530094,-0.0029940999023666164,-0.012025108105263999,-0.0015951677986378128,-0.009176502333545352,-0.0029940999023666164,-0.006556678048691643,-0.00487281799243156
2023-07-05,0.0039689799730572425,0.0023377421014593724,0.0022089497356901373,-0.008177588197353775,-0.01301517912454836,-0.00818215104974081,0.0062911535344333976,0.004527057826694474,-0.009770281963376242,-0.005698263922992521,-0.015274498619293538
2023-07-06,-0.006987948447749068,-0.000916390265573247,-0.009535718303737686,-0.004082767207821708,-0.004846531604145712,-0.009656933617566876,0.007939552853997795,-0.00830600832101878,-0.006181683680503303,-0.012754132653860242,0.003987451720999949
2023-07-07,-0.0030390537250392048,-0.0011835403032270189,-0.0015933211285123162,-0.006992603254056084,-0.0016938150201137214,0.002784238640707426,-0.001463120944832345,0.009723616682677553,0.0005093565989966566,-0.0019187864310209071,0.0009413549676743202
2023-07-10,0.004088459572132519,0.006893316341268737,0.018761689387546545,0.02278835331402141,0.028336050464670616,0.013090135208941405,0.008542004498364657,-0.008261987728651091,0.030784757505890714,0.012102715107828808,-0.014552361045957293
2023-07-11,0.03475947519978145,0.0022537013288462617,0.03317057294333069,0.031410732675784266,0.0420328900378748,0.028006568769526348,-0.013844245144011075,-0.00016100695223238604,0.034498767692789235,-0.006884899460090721,-0.02842580799654877
2023-07-12,0.01582622461457927,-0.0009147899294040989,-0.014859526143743543,0.007307658520074006,0.01194767198015791,-0.012930588491729905,0.00027570952822647543,0.0008244555343623148,0.007131693008229023,0.012868067822041182,0.0006065294309495995
2023-07-13,-0.002284010413881271,0.00504382172981575,-0.00556310102659956,-0.011980565983772763,-0.015080251096195835,0.0009935856404555046,-0.002112047729776431,0.01155898861315241,-0.012277832714742217,-0.012236314412176603,-0.0065970323551732424
2023-07-14,-0.006360044455201964,-0.006591171717904401,-0.013224042767526575,0.013413254545218873,0.014316742359556456,-0.0004984577064806135,-0.0008142119519124837,-0.011181741670246844,0.001733413097919348,-0.011915956351011614,-0.008124527727026687
2023-07-17,-0.01340949332331159,-0.0045265552102526,-0.006201175277779613,0.019865406391615555,0.018454045634503917,0.0027929257358502713,-0.011131728472803507,-0.0029011203523801044,0.018454045634503917,0.004403507018118399,0.008164479178677634
2023-07-18,-0.01802351159915687,0.002777163318359301,-0.025252301062495427,-0.0105862708031265,-0.011367468080201216,-0.007970003607800286,0.0010626805994604829,-0.003425450381443577,-0.017452142529251896,-0.008693069816973797,-0.0032428391690056263
2023-07-19,-0.0070617242123980125,-0.0013645065847159112,0.005616077735008637,0.03131359293069076,0.02336231857117947,0.004228102570480304,-0.01710258377072547,0.00685992497463143,0.024208876577643073,-0.006597894970568864,0.006901646533042515
2023-07-20,-0.006364569999454382,-0.013457888712743494,0.0038145212814024755,0.025393195243353234,0.027006318059416445,0.0005275243528302755,-0.023782448822243007,0.014862496884901136,0.02338983755909027,-0.006149904371361129,-0.0038770423179365146
2023-07-21,-0.018816983533503875,-0.008048573563301603,-0.004828841096304758,0.031237794816323758,0.03690308644174088,-0.003436033370188783,-0.0034044824087657855,-0.014336251588884555,0.032506219301656716,0.03361365908498062,0.0025532330600636114
2023-07-24,-0.005856071456457719,0.009363148475187266,-0.006752670983440899,-0.004643987523527209,-0.0013807264690774786,0.0060729364536427815,0.006641939539317576,-0.00018385041856117113,-0.007737635849328108,-0.0019593482576042154,-0.02179792819624071
2023-07-25,0.006094923813206793,-0.015761328861542762,8.262304209288992e-05,0.03762201544314983,0.014709023355573466,-0.002361736711508189,-0.011439498441812227,-0.0017158668684224736,0.020753749709799502,-0.0025084701046766116,0.0016740888637631554
2023-07-26,-0.0026946420562062663,0.00022049201543870378,-0.005428320946520548,-0.011897022985711853,-0.014077073178205956,-0.001645589477481224,0.018448028577652265,-0.0048026059613497565,-0.015467321525384475,-0.013342601993711851,-0.017884006427976974
2023-07-27,0.007041482475866043,-0.0003689744322416255,-0.011232738723882165,0.003454572389377196,0.02244248721371476,0.00038711029209175397,0.014891296782144497,-0.002201856677695291,0.00990629961909792,0.0083808895272201,0.005153038028800751
2023-07-28,0.0038147154645773096,0.014306422907877684,0.014267832597657832,-0.043437368047418025,-0.04447546134186484,-0.0014365528192598065,0.002749181315134945,0.003176246382371073,-0.04380309979134349,-0.0004036686008526461,-0.0031122032100593176
2023-07-31,-0.010962472665350734,0.008137709060249503,-0.011380109154619091,0.0013682058302089423,-0.009301145302362875,0.0011348151039454555,-0.009616851254892719,0.005311120356023842,-0.012297571240365835,-0.007500742985069944,-0.016210995989226748
2023-08-01,-0.004326446262112128,-0.008331701780730737,-0.008644968523421018,-0.002186968738804566,-0.029997237788272957,-0.011737725340324034,0.004552543302416149,-0.01608835315652988,-0.034426123847867446,-0.010545362724034665,0.004558600054614876
2023-08-02,-0.010925461433397515,-0.015130517854126464,0.007771548581449854,0.0051112589600174445,0.009492671902461152,-0.012016293856818813,-0.02211197685795261,-0.003200492265558389,-0.002851270693000081,-0.017860647866197905,-0.0029854906037278498
2023-08-04,0.02726762967535434,0.0034870410849642264,0.020995097618529034,-0.004315950929221842,0.03171875358230678,0.0065001283410401536,0.005159850419625892,-0.0005905203664437293,-0.003506798625225375,-0.023327602673938016,0.0097296668519154
2023-08-07,0.010096722375213439,-0.008723235091832055,0.0009253284820216808,0.015208520124664681,0.015594827073318645,-0.003967776173604498,-0.011317966908844623,-0.004815531514724358,0.007969206007437576,-0.01164411897160609,-0.008254431015893142
2023-08-08,-0.017446986074715856,0.0004764027673870661,-0.012949889215163626,0.005992732292129841,-0.016284878580704244,-0.002702480536411163,-0.0007947813671178583,0.004271555182501848,-0.020353499612701227,0.0032206736749722928,-0.024635633128146286
2023-08-09,-0.04084922927322641,-0.008910944979799764,0.001040913777253705,0.008820146738427542,-0.023120543674831073,-0.006464762008570648,-0.0012710351866651037,-0.007415328559000586,-0.022158672949037478,0.017399559272368723,0.0039766268607889085
2023-08-10,-0.014671281758368992,0.0012941557216062198,-0.004922703774118156,-0.013338914808337522,0.012429102562625156,0.009599022381578282,0.005688034840590292,0.01601273717443626,-0.013843802086385701,-0.0118868355636025,-0.014188744941617489
2023-08-11,-0.004185008714124318,-0.0017627171343682357,-0.0009082155829407031,-0.0008006448195103646,0.017455453684811946,0.0006463932151915819,-0.00331062099143183,-0.006773140703825287,-0.009486487642405662,-0.034388925996761216,-0.005400245540440124
2023-08-14,-0.008100198455258587,0.008029223604945679,-9.76041840941716e-05,0.0028644234274511,0.004302859070926045,-0.014240550284024801,0.019151905883868357,-0.004466752703794467,-0.003446264960905451,0.00032006022576761255,0.008317449557173343
2023-08-15,-0.0073907213426903425,0.021300241012173777,0.03733708607487207,-0.005570274700904792,0.03474404059668697,-0.007280392615936308,-0.004580289626764507,-0.01626321412707569,0.03591855473683381,-0.03695054000731195,0.017205865554109377
2023-08-16,-0.013396195077529533,0.0020500875898814275,-0.005680655387842048,-0.011437613671576335,0.0028211277923889766,0.004159617921181441,0.010155451285819997,-7.546097628594907e-05,0.0041026881017402605,-0.004348253035059271,0.0032110738685905823
2023-08-17,-0.028026772572443716,-0.014903850985188372,-0.0086512335585783,0.00813122864349669,-0.014598482598909638,-0.0007501574120807597,-0.012179784986280381,0.014522799026838137,-0.02930923896098869,0.02215076433010758,0.009855232029150871
2023-08-18,-0.0020310746051191656,-0.003057113324180618,-0.006825324717958053,-0.0023703601096662454,-0.006152060766138212,0.0048863981148144315,-0.0035278010870048635,0.0019486262117977176,-0.007381143662110862,-0.007601533558459555,-0.007638356908938017
2023-08-21,-0.016985782380452744,0.00828904830320043,-0.020971806767061632,0.002147595480130938,0.009129000813906414,-0.00934199781604092,0.009994625261761574,-0.01655866280070528,0.006599031594483941,-0.015231890159064829,0.007479524669456785
2023-08-22,-0.0002201890542070685,0.003263355729329037,-0.012398396257431115,0.00013100810899539534,0.003702482686211781,-0.009663768374576942,0.003697873277329307,-0.006068189235124736,-8.095191489044607e-05,-0.008034494651429623,0.0008636229909938812
2023-08-23,0.000697265155812915,0.02141066168706357,0.01725013827447809,-0.02119687996059034,-0.011057742704152577,0.0012398690239894075,0.02482482565821542,-0.018030989936111002,-0.009082609549939474,0.003420465666070945,-0.005402313608249125
2023-08-24,-0.006965688219589285,-0.002625829188760328,-0.014738138057747825,-0.0035801555710657604,-0.02045795280379578,0.02346251047323571,-0.017174996942818765,0.00329113517542734,-0.030106710981453177,0.0060042702588756595,-0.01572178647577445
2023-08-25,-0.012897763546268775,-0.002355030117214256,-0.015067308828004033,-0.01330220865861321,-0.013607584915242145,0.004748006594397355,0.008885848811191291,0.004238743265469543,-0.015157606447456132,-0.0016142352337079964,-0.018162209900904516
2023-08-28,-0.003048953619459444,0.004682895621551294,-0.0005072243086623601,-0.001050659994021503,-0.0005751167157202648,-0.001181959552846945,0.0061324915297577744,-0.006387370815680785,0.0008777812009386037,-0.006431940259221593,-0.008804879160442097
2023-08-29,-0.005935080214305199,-0.0021333567003711438,-0.008885320239581447,-0.002500513239204258,-0.009312865752266399,-0.01102871503769278,0.008306146701707484,0.005989763031380953,-0.006335028692428818,0.0011878292507227972,0.0020007651599092168
2023-08-30,-0.0032183350901151047,-0.0030475552585003587,-0.0023136138555930204,-0.014422290574416156,0.011636267697695733,-0.012369237880413431,-0.003077627756294629,-0.0017805447916894868,0.004441518063962082,-0.01754779542248653,-0.0012262499164086885
2023-08-31,-0.004234487037286965,-0.002870353562308729,-0.002917549640868642,0.015269137227285895,-0.02116653712884283,0.022262785134587543,-0.00705499523891793,0.008159029519728984,0.00435956559111982,-0.0013550910179256324,0.013852524868546465
2023-09-01,-0.014935568555777948,-0.010778239064956877,-0.011384857909902934,-0.004258046262134467,0.00911765462232292,-0.016319693899326842,-0.004921374892901453,0.0004076191628741288,-0.0014205618845862696,-0.0014375776515653952,-0.0062920207923793815
2023-09-04,-0.009391420145028367,0.006029653044252015,0.0012581476634296734,0.010448222226999603,-0.005423379200248978,0.003504409816880642,0.003413827823863273,-0.0021454642353310738,-0.007028881281141724,0.003997525886427048,-0.010657684980485624
2023-09-05,-0.0005889846629800518,-0.00021971515285448828,-0.008224872147289317,-0.010182900542205987,0.0214851571276592,-0.01812360791951321,0.01113000939192967,-0.004180913407790902,0.0022371461129029146,-0.0007633490704344673,-0.014746410978690677
2023-09-06,-0.0027769925479675254,-0.0055646406032347304,-0.00307467016442722,-0.00787155683040764,-0.005497415003382585,0.005941135721302587,-0.013951540216330771,-0.0012643262568201954,0.001938575058703846,-5.6493987078732894e-05,-0.0036017749391021
2023-09-07,-0.020584455401268898,-0.01383875285442046,-0.01747419561149729,0.009407296328132097,-0.018019785650674636,0.00986839232352385,-0.007098440338322279,0.00167949593167388,-0.018157063520796237,0.0010370535548216825,0.0032368175246636054
2023-09-08,-0.02639321237445681,-0.00619277891395012,-0.0069893144648021065,0.024427094071404643,-0.009887864241058494,0.00869117293179287,-0.001981818921441688,-0.0021339440192918073,-0.007675875497693872,0.011632629639711504,0.005828456961598414
2023-09-11,-0.010936144493426798,0.019784198825368898,-0.008015639108603902,0.00830375497398898,-0.007005892904034739,0.010637059409546873,0.011125218996561714,-0.005404089652219057,-0.006357990458367712,0.005414839688070986,-0.0025896559309569155
2023-09-12,-0.009603979715119258,-0.007465248466256023,0.0142335557136055,0.004024698034134117,0.004699832749481624,-0.016899661768741955,-0.0032274096997391144,-0.0016335762419441384,0.009110777468994868,0.011042873164149862,-0.00424083539800778
2023-09-13,-0.0064569373586829,0.007615340079143201,-0.014957558652739266,-0.011968415110551644,-0.018156244516876485,0.0068369861005279815,0.004637275884985784,0.0010177369281129112,-0.013094127071300364,-0.0018251223039922222,-0.010955962054620289
2023-09-14,0.0005617274641711986,0.018122170200951387,-0.0128035845222263,0.014163522519794325,0.015467321236292735,0.0018333529959625354,0.014731995918690826,-0.019293306942792892,0.006941521443116374,0.017100081272265987,0.010063755945748931
2023-09-15,0.006779162214612024,-0.0005148989359671416,-0.017602401601124598,0.0160567546588196,0.020532267944358463,0.016784135732713812,-0.02845161438367161,0.0063830888379476,0.017972630872613075,0.004618954056951084,0.019991367792954556
2023-09-18,-0.004399895043768453,-0.001827445422276669,-0.003092138096770435,-0.003773294057372533,-0.0004419272697118431,0.006385313614288022,0.0022586792142408703,-0.0014605891119123249,-0.0036245157077838533,-0.00817281187464636,-0.004605718436202183
2023-09-19,-0.009592205170646873,-0.012023703602084185,-0.009379013319696008,-0.003923565947528212,-0.004989992655245615,-0.0033459763141180003,-0.006294573805974109,0.0064380621823281,-0.004147095954631343,-0.00988770128622502,-0.009040750399518963
2023-09-20,-0.000614059451741502,-0.0029880158152520257,0.0011105592894740234,-0.009226467225792494,0.0021188035007690866,-0.005969658496108152,0.0071602132419742275,-0.0012895695721139386,-0.006344287538271644,0.0027165074227399537,-0.00073660011486991
2023-09-21,0.008712324110573964,-0.003385791401111606,0.009725240521731916,-0.012664334933076477,-0.009782635354067084,-0.0026602600424910734,-0.009419611737447911,0.0037828324794261423,-0.012609902436331283,-0.0018281681092479245,-0.005945303197213072
2023-09-22,0.0015490864389833946,0.0069090748832222135,-0.006377847466494054,-0.0019672318310704007,-0.0024806135551973998,0.006662859706399673,0.0013649092379640253,-0.002013108299687519,-0.0044814428085798805,0.00858427027903184,0.004276958489009261
2023-09-25,-0.012896742096768735,-0.005554814921953904,-0.006316304817777317,0.00441087043143428,0.0039410492969811535,0.007586679765205606,-0.00418492559553694,0.0064103165043363775,-0.002650230098319742,-0.001855516983530545,-0.007223081366337003
2023-09-26,-0.0006247427254595884,0.007568657788548132,-0.011815710261632952,-0.02115659350720355,-0.01506596988661865,-0.0119487065037291,0.006737028255015709,-0.011705158985096442,0.0008727643860023228,-0.011671395143847617,-0.006861180669332146
2023-09-27,0.0013172130985633955,0.001321208745262814,0.007500738067934031,-0.013801919592729951,-0.015931751509216836,-0.016254254610153267,0.007974209917925598,-0.0036632974663186233,0.014104790893362511,-0.005098053691078563,0.0014232096834141802
2023-09-28,0.029025804931206826,0.011180774564573698,0.017127887189111127,-0.010330240684692541,-0.02329788788703076,-0.0204659045688594,0.017885869150605527,-0.011574537028694265,0.024704878906249478,-0.02067722575056942,-0.01982698726854445
2023-10-02,-0.00460836036046615,0.016225467066873233,-0.0027275073599862584,-0.012573045092013947,0.016777859521880156,0.0071392664289216074,0.005061136982428438,-0.021430171083799705,0.013205619707514282,0.0026876655972978315,-0.018632453329117327
2023-10-03,0.009665935582086518,0.004631849673457764,0.0013038637669494594,0.0013353428551908268,0.015169403873918401,-0.007443056867063796,-0.0018375934430604653,-0.017576534473592902,0.010813807674975825,0.004193279526392278,2.5807139721576193e-05
2023-10-04,-0.005346743346797609,0.008890529268640849,0.006786335919362972,0.0021541579490431673,-0.009082117489149565,0.0066855398935573105,0.012450602225736723,0.0011118272054778666,-0.0012433187178656864,0.002565533170623518,-0.008554071848211466
2023-10-05,0.0019998358173131227,-0.005443040520562066,0.00127108492901791,0.000638186280480302,0.002511453082126313,-0.011697051189027086,-0.0009599631737749288,0.003724662487609942,-0.002055204264185528,-0.01126720366874125,-0.009169133764077634
2023-10-06,-0.012416909099757083,0.015853561333132753,0.0057563971556091375,-0.02812994155884329,0.0012634605249536761,0.01494707293612475,0.010347565850232148,-0.01230600745040535,-0.020721585051155622,0.011754188298209801,0.026224914368055734
2023-10-11,0.0008016191592227816,-0.006297012428295131,0.0016011245091370604,-0.006215685570892867,-0.006043513151256155,0.004497136228489722,-0.0012977395982035258,0.003125456626236164,-0.003594661930350721,-0.0016644190937066781,-0.003274290358404527
2023-10-12,-0.007563509185122789,0.021109410515111005,0.004968716836947562,0.0033869604770826113,0.0067354840538061695,-0.01724869780098038,0.014943896784182472,-0.022374711876383235,0.007485484053806169,0.00026379037922657535,-0.004300545008887015
2023-10-13,0.0010986729528454395,-0.009344500495494141,0.003132413048811347,-0.007139508252162529,-0.0021882634446600165,0.007921846342529043,-0.00870052109992551,0.0029216256943506895,0.007213155585621524,-0.003180522462822147,0.005814916500661518
2023-10-16,-0.007153479298230047,-0.002921176160036102,-0.0016421287639335454,-0.006569756648578782,-0.0026851343433535618,-0.0037653863065550317,0.015505615752591129,0.003186659229399702,0.0010872826674607036,0.006099629495279759,-0.010837838989105494
2023-10-17,0.011059709180784909,-0.022369688601559856,0.002115835099313396,-0.004433421580992809,8.484944095528998e-05,0.00636195434746357,-0.015513321710452685,0.021022207636485768,0.012384978726981494,0.017787540330650373,0.0051735661374135745
2023-10-18,-0.013096214234615764,0.021923181840500284,0.011790334881058417,0.010079816875398053,0.01424825996079101,-0.010613801810599389,0.030896851831842136,-0.028544718990546614,0.013724090072740355,0.0025752724109746735,-0.004013620342589348
2023-10-19,-0.018771127313288907,0.013844775539492898,-0.0015492787623242448,0.010306539673862764,0.009344377570294632,-0.004498630732793413,0.018597755978559484,-0.020739339233181442,0.004398228076896771,0.00237954266658485,-0.0015175238428904525
2023-10-20,-0.013183869862853161,-0.0030293936299017332,0.0021408832840567912,-0.003801628244175818,0.0012499084742187978,0.004798178039981615,-0.0039088975092106595,0.004605915132120811,-8.424405383014588e-05,0.0006956817564488897,-0.008223776653034021
2023-10-23,-0.007930585932932301,0.00012733944387226682,0.012039402751818282,-0.015235348311427976,-0.011502947602953421,0.010302812029196307,0.0013911635337664858,-0.0040309260485890674,-0.011502947602953421,-0.003909265908539357,-0.00650281057180171
2023-10-24,-0.003968869974900505,-0.005696963380212648,0.006328645034817443,0.010586385122604718,-0.0017863358591906251,-0.013619075102577056,-0.001649993699847899,0.012918354165546467,-0.0031429340872397744,-0.0019888130668520845,-0.0073785285843171134
2023-10-25,-0.003418467149515497,-0.0035616426872771088,-0.028268352626132493,-0.015120431484092853,-0.015125384605934943,0.006380866258492157,-0.022761358002110155,0.0010659363240805297,-0.012798143824864005,0.0009804002254772516,-0.014172863779853436
2023-10-26,-0.015978203279046768,-0.0023759322014614837,-0.010729518455248395,-0.005817074293514272,-0.007854187491958568,0.011165842231482797,0.0003494586089919741,0.0014006744806133549,-0.007482526837662843,-0.01067720362644244,-0.015089423531316247
2023-10-27,-0.021926794968080345,0.02455290225355648,0.024275645247784354,-0.001171281429413739,0.0177475607879021,-0.010430660002236136,0.0016114345068621123,-0.027830253824625173,0.03040417091298228,0.010109376977523113,-0.00782726834704746
2023-10-30,-0.013899903019143563,-0.01090040060422795,0.0043850807194041105,0.017647980971492366,0.015189096398204205,0.0019976028245026014,-0.009350933845890846,0.014508871017265576,-0.013177638451777246,-0.00011336178610710842,-0.013848371346688145
2023-10-31,-0.003497780516395326,0.0010407187688766344,-0.002986052369670454,-0.0013825694325573597,0.007115860018269407,-0.0042919035141089175,0.008437521836420195,-0.0005425369240416958,0.011910734338400553,0.00593108146478433,-0.010902150899301192
2023-11-01,-0.02104358692544388,0.020145623597741708,-0.01391302987365884,-0.018656576988288327,-0.004644649957643936,-0.003452609447064381,0.02050415311263043,-0.009384573892375125,-0.003003687745505532,-0.002311884483094299,0.00904665793583053
2023-11-02,0.00044250876531438856,-0.003916625327655021,-0.0001725559984098162,4.500802283789263e-05,0.0007631663885679383,0.00667378536151822,-0.0004678798553869514,0.00750534851941805,-0.0017474619224716326,0.005791212891288508,-0.010783507521654686
2023-11-03,-0.020041022380266164,0.0018622444667666018,-0.008836984935818634,-0.006436068121687259,-0.011400485008148007,0.002437557420579958,-0.011838207541844392,0.0072149491600802165,-0.010129044513000757,-0.012189095160441407,-0.005175135611579912
2023-11-06,0.0020092387897593777,0.009269278082440074,-0.005764265380236422,0.005198417347236676,0.010364420195373248,0.00013974246721645822,0.009784114277500994,-0.011035490597019896,0.009502598679488198,-0.004460386184913963,-0.00042873163583144686
2023-11-07,0.016324916631553613,0.015021378887358864,-0.019234452603489167,-0.0069203303153491,-0.010045663773028901,-0.004410784311562832,-0.004920888404220114,-0.011983874083471957,-0.005264953103030156,-0.014189426591167828,-0.028262097239675866
2023-11-08,0.0013039029181589174,-0.00553385034356905,-0.009023585711396902,-0.011614031547771362,-0.014647686762183983,-0.004297583972625224,0.0005283199066230166,0.006156516847204178,-0.015492969502241088,-0.0069188259315294326,-0.017790142118789862
2023-11-09,-0.006314571970232111,-0.009026653188702938,-0.015469160308959225,0.0002877178893981331,-0.0007219306733300757,0.0056884486249488275,0.0014103910315007757,0.009262926642421973,-0.009459997050337027,-0.01391464763259367,-0.01401404673383055
2023-11-10,0.0065886268017486755,0.02059901511318542,-0.0035483256941431472,-0.0023629176705606816,0.02096506926446886,-0.009105120995204441,0.017568352469852333,-0.019628777060229308,0.011084197842898158,-0.006402475145321269,-0.014595131825895842
2023-11-13,-0.004130072484849362,-0.0025088500132455964,-0.004568372809753878,-4.308652358988121e-05,-0.012471046241204662,0.0001895210710662898,-0.011099675349368713,0.0072301545012860196,-0.006889568705541674,-0.0010712661745311447,-0.008503124865415164
2023-11-14,0.0009832036107970685,-0.0019366421703757401,-0.00860876743045386,-0.0014107375753834289,-0.005314806847954267,0.003959044001297929,-0.01043372154288702,0.009516795488633859,-0.006814594271428283,0.00709789352014155,-0.01724921844984713
2023-11-15,0.0095387039155359,-0.011654055338598266,0.006738877155017273,0.004063296115924497,-0.010714647066497312,0.008337293175502497,-0.001714008126988166,-0.01269623723549447,-0.012725874698581838,0.004908177473306714,0.006041279766214701
2023-11-16,-0.011654561515520002,0.0019308010279327215,-0.00615481804141939,-0.012773567193898935,-0.003513061345335077,-0.012791254571928054,-0.008334439085248096,-0.0028975997904743256,-0.005494569344867998,-0.017217401384101307,-0.011315528554489269
2023-11-17,-0.003052360579507055,0.004630265006877752,-0.010967165477667719,-0.010132390322415363,-0.0021818059282725693,-0.0008600081116487783,0.005476592348808225,0.00022471762453194844,-0.00392228851399856,-0.005638490867348333,-0.0025584727405598114
2023-11-20,-0.01359763221597858,0.0012528327519129752,-0.004371075644595442,0.005577923253519707,0.011548041386335207,0.0009143171016288507,-0.005218655492251645,0.0011856012187033329,0.008281749831021968,0.0007037633276152288,-0.004310094073065519
2023-11-21,-0.013420607313330848,0.006011033064556516,-0.006710095404994543,-0.0009786602918882264,0.010772985787338893,-0.0036851128459782314,-0.008860515963390676,0.003191169486998602,0.007130556268999084,0.004322273212721814,0.007728134510871317
2023-11-22,-0.0018862854360376146,-0.007609520926849042,-0.007883866277483076,-0.00040379193669784486,-0.014487371621706664,0.0030419553660417467,0.0025004707938248716,0.006057354985739116,-0.006563564897333682,-0.011642266650168669,-0.007313564897333682
2023-11-23,-0.013042716448346623,0.0019106059338429662,-0.007414730271717672,-0.004484246264905613,-0.0003060766642754287,-0.0032272148053626897,0.0011441240849680197,0.004495231334549525,-0.0029099723536491475,-0.009938215553910461,-0.012731845970720612
2023-11-24,0.007370128223322655,-0.014247110000057859,0.003176074837687247,0.005556147657894624,-0.005336981136335441,0.0013165580487445403,-0.016907847174293316,0.001137359364442629,0.004725460709643325,-0.0003552382917526454,-0.000295612735169609
2023-11-27,-0.01678740648061687,0.013145720942718236,-0.005449167362786487,0.0017647219712127842,0.014933036371263104,0.0056364013417421754,0.00994029222669161,0.00869685714165965,-0.006951613645809214,-0.002200173334359964,-0.017404184274297043
2023-11-28,-0.012067212162437571,0.00204096852462012,-0.00532282685148788,-0.010132607319722958,-0.008027188283952194,-0.007187114817893303,-0.0007294533159292553,-0.00683409272832521,-0.007863159435607121,-0.008520249749335943,-0.0030296768392086616
2023-11-29,-0.002816280870984776,0.008096501927283145,0.0003095421844224659,-0.004638407886009831,-0.0016431600272722067,0.005128873157964471,0.00866777695791284,-0.001424210908852271,-0.004410905387149673,-0.007809273718184396,-0.005427421277344753
2023-11-30,-0.013251062947340728,0.0024162136894525137,-0.010519138743695141,-0.002588571001863927,-0.006716160937193284,-0.0141190321750392,-0.0012618121910748332,-0.001180064156881007,0.0030426288994358335,0.002913593939062765,-0.014398346681681558
2023-12-01,0.0015942471114065463,-0.010015888202756007,-0.009702111932272817,0.009926715368039601,-0.00554956573805601,0.0004706153526282306,-0.01254799628883772,0.003242227137843538,-0.004155488356925223,0.012547812818730861,0.010434672568983491
2023-12-04,0.001486447584231984,-0.00804164429361782,-0.004779739288987733,-0.0010186739305430008,0.003571506439431653,0.006603236613257651,-0.005329026833749066,-0.0063514840863777376,0.0021756139356933057,-0.002318680755402951,-0.004351254960235489
2023-12-05,-0.007114081868578495,-0.000901677757512348,0.0014046403346617145,0.0012831720870965422,-0.006294853804925448,0.00791495947546858,-0.00010416714552685669,-0.0025367591529734854,-0.009477764131888888,-0.01554053118062179,0.0015008533315199668
2023-12-06,-0.0025536419970250456,0.0050495094889580205,-0.0038477748393827074,0.0019441196546179373,-0.003997251776351655,-0.0038554159127894934,-0.0028712801165754476,0.009559236227531964,-0.008487307970691894,-0.0031180329528146785,-0.005285237232799635
2023-12-07,-0.0062516887154534465,0.008662348948937285,-0.0022278810195783885,-0.005081186983691115,-0.0027571165138557665,-0.0003326763770378216,0.0030834054111720985,0.0015110495870343335,-0.00731104393423553,-0.005084590328257281,-0.0006251889609165638
2023-12-08,-0.009377364284607063,0.011016927923107342,-0.005862754362449686,-0.01317384926034254,-0.0070125885112964905,-0.007295614337801422,0.009305628502804475,-0.00847616574530228,-0.012442290063139487,-0.0019589145917480585,-0.0023088852641886416
2023-12-11,0.0007267751763690754,-0.0014017694046753089,-0.0011405989850758712,-0.01413019634851962,-0.006272326033927483,0.0016840968922902473,0.006547819746940187,-0.020154591433773888,-0.006938827383681677,-0.0053005126538564085,-0.004354137683891514
2023-12-12,-0.0019508252575001824,0.011189330535139014,-0.0034550323833647967,-0.007439917016847226,-0.006892965277801874,0.005929908988571526,0.004941153857551006,0.003961978348764772,-0.0017674272058146932,0.003090569248165507,0.012674908247556908
2023-12-13,0.008480580310006983,0.002697725064266448,0.002994122609505808,-0.0033082864397423837,-0.0009610894902571739,-0.001485821847854247,0.004774517736690798,-0.004227195021213196,-0.0022632192234787064,-0.013068663360130829,0.001532561366840505
2023-12-14,0.017311312554453676,0.008827186003745796,0.008955919760950812,-0.015300027662676026,0.010677164180179983,0.007907075076663503,-0.0036215422875115113,-0.006139734123095614,-0.0035821633753635625,0.0021633737213010633,0.018784919541530158
2023-12-15,-0.010222743819808835,-0.006994622022834999,-0.006986689492815163,0.002711516261681619,-0.008044602450028367,-0.0017268517199944544,-0.006256597372137998,-0.012382292781730883,-0.00630501998949299,-0.008880691185764312,-0.011225560860401601
2023-12-18,-0.0014469806708669736,0.0012045012107419946,-0.011391591157079214,0.00031049131877630763,-0.0027465432007335658,0.00635504908642511,-0.0038506395966600437,-0.002440019780705645,-0.002499768636075843,-0.002434301189890074,-0.0006750901433590513
2023-12-19,-0.017223057395298773,-0.004881602978148852,0.008976133986065657,0.019731107949254693,-0.017672398726779615,-0.006840307737027873,-0.003830010836212076,0.0025365255984767243,-0.007668630188910265,-0.008275257098412581,-0.010054511661782206
2023-12-20,0.01792269222280535,-0.003148489767903764,0.002406363160999174,0.008876199754399322,-0.007756110204986009,0.0016932061436222374,-0.006314935896486999,0.00838334259574347,-0.0005326804193286621,-0.007517589168226692,0.01076726425498346
2023-12-21,-0.0066953807713111425,0.012517425674034318,-0.0030007234384202062,0.0029263700757181012,0.007587167325079649,0.010011277754489744,-0.0033799557664744295,-0.006456489183500835,0.006078742866812549,-0.002460610163336502,-0.003693109449101069
2023-12-22,-0.0013492772804848075,0.0013610822242665077,-0.004732949293360208,-0.006919383860455189,-0.005202900023158039,0.0022058054142631662,-0.001036125975472054,0.0005663093160818513,-0.0064484021580138405,-0.0034148511942464193,-0.003760676930250005
2023-12-25,-0.007276235575684627,0.0029030309576169033,-0.003761962120160525,-0.00036010988254795784,-0.008592133543508046,-0.00676428168328691,0.005833788122506382,-0.0009481237167924999,-0.006564863494817439,-0.003568619235826591,-0.003590449178701316
2023-12-26,0.027435993677243375,0.014346177884947353,-0.015020016456362143,-0.005800986811835744,0.010285073344105984,0.003052648757298427,0.005499612264499891,-0.017103798610755838,0.009584484823617947,0.023891337203849308,-0.0038666414064183526
2023-12-27,-0.004997778041796238,-0.0071738670323641856,-0.004003167068366266,-0.0015930233295386724,-0.014362917473927074,-0.0010362399883329099,-0.0053180886556743285,0.006297504373572682,-0.01027830666529795,-0.012925253044772673,-0.013179643478704935
2023-12-28,0.013831240834806576,-0.00044426000755276585,-0.012842459618226183,0.012329767068136453,0.015611497471259441,0.0015207204951504885,-0.005838770515263251,0.0020260845435485786,0.001809032837835328,-0.0073128892545965525,-0.018786067696217858
2023-12-29,0.001798534222256753,-0.015846469948854247,0.021692184789005062,-0.03084519760896438,-0.03194733720962096,-0.009409866153780153,-0.0013581464351129315,-0.00021856238657095694,-0.01400110759606223,-0.0029267645454060477,0.004099606312059542
2024-01-02,0.0024188689572343415,-0.011510251434217217,0.0018960877932752088,0.010066629089237484,-0.0028745844685872093,-0.0014803245482637624,-0.00927594983289289,0.006058251981074458,0.0015529332276104577,-0.009913736121725863,0.005982486444607409
2024-01-03,-0.003613834728687673,-0.003683504707808316,-0.0098372451653518,0.007465486716646681,0.004819964710860169,-0.0013382663728784088,0.003325103962824409,-0.0023556752031259434,-0.002421093931794736,-0.006536827375971542,0.002445418097549671
2024-01-04,-0.002426396982260119,-0.006177726864833338,-0.008240258834443973,-0.0023830244741651803,-0.005024002155655589,0.0025815762882323103,-0.00305940481059704,0.003121290005548912,0.001703796235501192,-0.005405472796479642,-0.003345299364899197
2024-01-05,-0.009458352664522473,0.0052678044241449284,-0.010569062811925191,-0.012861831511660982,-0.01917021366604363,0.0009060191844956584,0.01705985133096185,0.0038121147173767467,-0.02131308948037106,-0.009640440453068597,0.002991989953659867
2024-01-08,-0.018179905625465904,0.013103553365727272,-0.007792220877243133,0.0038836220925213463,0.005646026407494231,0.00752897561749948,0.00967543129920854,-0.008076952842991186,0.0012469926182077753,0.004692980299007648,-0.0014154290211747488
2024-01-09,-0.008643778081038654,0.0003224063364765939,-0.004242159194931099,0.00669483650051254,0.008378700905601427,0.0002805433800970778,0.005328096296532803,-0.006412170532098341,-0.0003661685389443215,-0.006234403811027184,0.001682540639394171
2024-01-10,-0.018147758354399142,0.009075607725738927,0.0023603678540423433,0.013491870233101824,0.012617945099343811,0.0020714226842402927,0.0033298423886590767,0.006671027134634559,0.009162554341527658,-0.005192335803273872,0.004234484952482402
2024-01-11,0.011278836603310595,-0.0012897073980582263,-0.004821277548767329,0.004495783872615428,0.005669558145867413,-0.0035529660675820787,-0.0024250963389727542,-0.0017129186233112066,0.0050491196615939935,0.0020410354625349,0.00014534958058511765
2024-01-12,-0.007381146065809165,0.0023876662712560186,-0.006349104637725186,0.005958488279170931,-0.0020666752840012657,2.8507229357250738e-05,0.0003906902601402882,-0.002391757519641935,-0.002819314164545633,-0.0006558225782467835,-0.010066616222391687
2024-01-15,0.01953850153959664,-0.006450336320079287,-0.01398034647479873,0.028351844770928513,0.02358128620904818,-0.005205620783212498,-0.009672558796078774,-0.004584425106769615,0.022957722052489814,0.02472098218758358,0.008099055719774359
2024-01-16,-0.018948717053837986,0.010145046012181838,-0.010969734104021259,0.023209202429678066,0.012060658821956007,-0.0006205707830684581,0.007956970557792747,-0.001892665739977855,0.021662340793127104,0.0026251739550570276,0.00012486252838020753
2024-01-17,0.002788673988222118,0.0077913775194579735,-0.010172102549607492,-0.016510549795084296,-0.007953778911184992,0.01140277253452664,-0.0031652699772346526,-0.0022072997412963904,-0.0065402775997277125,-0.018365460050421757,-0.007910343924865889
2024-01-18,-0.02048614665625962,0.03207934051727929,0.016387215174464075,0.002566796492607662,0.04939265488256011,-0.019206904221734544,0.032190003474343365,-0.011763245305588515,0.051711190928119204,0.026131537058823633,-0.02944159574069905
2024-01-19,-0.02423070666633489,0.00526074349698096,-0.002767530647111471,0.009822870036091681,0.020237896267432286,-0.012878330383279929,0.0048006337116237585,0.000778116461714792,0.02123333377177262,0.012458769342827011,-0.0011192002728307874
2024-01-22,0.008214197274435401,-0.001060466140229551,-0.01403398198594006,-0.0020107510760265773,-0.008367288380061233,-0.00046552840497135484,-0.007228061629604432,0.0013294838586083157,-0.010863753618670407,-0.014368642773561292,-0.00442012473376236
2024-01-23,-0.00472855621991244,0.001481246311715756,0.00840165132784373,-0.010918779529509794,-0.010858334399008277,0.0026707526016913155,-0.0019178829139706033,-0.013546922751145496,-0.012949711486852866,-0.015408100729735407,-0.017240478152716333
2024-01-24,0.013957985639585734,0.010385193447135399,0.006431246811757575,0.004171918311267214,0.010506976281837953,-0.008580783819210522,0.010117412502380222,-0.022426331833961737,0.008699088121155413,-0.011041902528307293,-0.005347917267706796
2024-01-25,-0.03581654606573374,-0.011561784909677833,-0.03165933598790355,-0.020895629695973236,-0.022040996942522352,0.020630132164924753,-0.002113532706760882,0.016250920687886028,-0.019145629695973238,-0.03189302931871257,-0.00022718984730838235
2024-01-26,-0.010551138352132668,-0.0018986930693952369,-0.016745513768848926,-0.008494708876098192,-0.006792084216580626,-0.0058597301605751535,0.00356177730433697,0.0062538901379254885,-0.009998863672335165,-0.004920823401267082,-0.01193880600760699
2024-01-29,-0.006790084994250263,0.0173573948510481,-0.03198611575645029,0.019732900994233908,0.021148201209608246,-0.012999316273546299,-0.0012000691104629424,-0.0065213604178155915,0.021898201209608243,-0.007841454136878746,-0.004903310361458659
2024-01-30,-0.0146636968463313,-0.006271038199599871,-0.002147638245070977,-0.012436416828291412,-0.011865285387699903,0.009689333370418912,-0.006128231486401292,0.00042967931104420654,-0.017584434774520125,-0.00995957523516407,0.010776312152978551
2024-01-31,-0.02479525894635346,-0.020420249246505855,-0.03751454072570395,-0.027411408440378742,-0.039477030239827585,0.002855615291806603,0.00010965588011224714,0.018626756617217393,-0.03472394568484384,-0.02659197997276525,-0.01287599783809732
2024-02-01,0.00545578098812557,0.005937264190704654,-0.011414578623665208,0.02034019362830833,0.01794311954262534,-0.007824062443977209,0.008282194130752134,0.0027569150391090202,0.01719311954262534,-0.00737618062868165,0.004051341968910163
2024-02-02,-0.022127549443302266,0.017331383314656196,-0.00785891125231947,-0.001403252315660128,0.016653444682021207,0.0019980039827819,0.010566020729240974,-0.0016417038401822885,0.003525971612731312,-0.00922627350631676,0.00500151638528221
2024-02-05,-0.012756804199982787,0.03756263923154297,0.006317615559328558,-0.01873004676703644,0.049990853971834205,-0.010576785038841463,0.037319735089547924,-0.03861177527055286,0.0343712262584816,-0.005243066197191222,0.0258284345069461
2024-02-15,-0.02785410894106389,-0.007267074597941734,-0.03937173331773931,0.026973046227541403,-0.04173015155336468,0.025563123752165417,-0.018606075023207765,0.0020455259665771467,-0.03220806233515353,0.004490644593447994,-0.006577243041017678
2024-02-16,-0.0073263816421199205,-0.009325567449959363,-0.02005782461877948,-0.016726819234840658,-0.022729572410298014,0.008542675011537751,-0.015004407187888685,0.00649225721241975,-0.024786703020560425,0.00017550519458579827,-0.013185075641087412
2024-02-19,-0.005897523197594953,0.009474732917695997,-0.0047944217677932995,0.004722929646491239,0.017060838529035664,0.002954088278820423,0.021726292402746223,-0.003355070824468713,0.010960353171053669,-0.007647602766822956,-0.0014752102543105182
2024-02-20,0.0026683290943003467,0.0008342525283472533,-0.0011583405770235712,0.005860470294763739,-0.009220586991554749,0.007191162641231967,-0.0014318940322699167,0.007370952350988872,0.0017264946102603102,-0.00014479904155447962,-0.002553479147608383
2024-02-21,0.011649891095584118,0.021472657349535823,0.001964521294010298,0.008021373238002514,0.03001385176288343,-0.003763574111178558,0.03177519646222097,-0.012506214734567478,0.009290968766833562,-0.011622687338774581,0.006739990611097141
2024-02-22,-0.030905173149902154,0.034806373684738476,-0.00403260093895746,0.028048070595371087,0.035903171037483014,0.0043938840953277785,0.05581539135329846,0.0023241624903971485,0.012972613772600608,-0.003286681142229849,-0.001343726094375771
2024-02-23,-0.002251407198260692,0.006120556486238622,0.005062131675285068,0.009300922625108232,0.004900804152260279,-0.0022012344133426156,0.0073332564557174,0.0026981307894809272,0.006152259216608975,-0.007946835630892875,5.639728922074601e-06
2024-02-26,0.010827006480301441,0.005722752251343176,0.0006363583774148824,0.01214754430804794,0.00550729758090951,0.012646701584941716,0.00971807776841982,-0.012623033296559597,0.00650729758090951,0.013517159689709127,-0.01294417921538826
2024-02-27,0.014224223008182857,-0.00011515577983534954,-0.011298065974453448,-0.0017376502412584831,-0.014402014425937283,0.010202414599872414,-0.010670578329969798,0.009028446369301077,-0.0066132357879060775,-0.0030018583614958728,0.015215241150892915
2024-02-29,-0.011310305963796745,-0.004891698171840634,-0.0036381350697870475,-0.0029701543336778085,-0.006226731312519003,-0.0023136458427212474,6.227588684968796e-05,-0.003493936253426218,-0.0007804589557315136,-0.0219994998066694,-0.01830585860700202
2024-03-01,0.0010901210725830432,0.033910138664545786,-0.014702400016353579,-0.007613866069580373,0.02997766787604759,-0.011687419482888631,0.053982261408366226,-0.024534107847062725,0.03561774122899407,-0.019034361774065502,-0.021119532610853305
2024-03-04,0.00017975063584297311,0.009261207658991188,0.012722666058721525,-0.005136682355957442,0.003780193511366344,0.0006301665488781343,0.01613885154573258,-0.010145305186942491,0.011940684605832077,-0.007265054508863856,-0.021508635770155136
2024-03-05,-0.0008689695880879878,0.016747239034576922,0.002509741084881902,0.006008156368230776,0.01018200830378711,0.0010389805514439319,0.023014307705915244,-0.008312692474720957,0.015712714273417507,0.0033168898662470116,-0.0018721081965893255
2024-03-06,0.005848241040031309,0.01544083869165307,0.0014065018128301713,0.0035088203541382163,0.020342993353368987,0.0031293327232861197,0.036406602003661116,-0.018582610080931906,0.029488987474034545,0.010717737008944836,-0.0034346987372048535
2024-03-07,0.007712303187900554,0.014747591152179579,0.015978015115959164,0.0022346951576296867,0.010937062486217286,0.014550892470902707,0.02976075332700786,-0.022124418822850284,0.024823245531445853,0.014384379700651108,-0.019078475258121914
2024-03-08,0.010952083360413055,-0.011861839599241992,-0.01799995398505945,-0.0014449835810710432,-0.014699801690242348,-0.01557009901785103,-0.0204593387783021,0.012596445418336544,-0.013699801690242347,-0.020112609556125555,-0.016551927168700666
2024-03-11,0.006989054499784463,-0.007853573063663263,-0.013449413620201214,-0.0035094070084812803,-0.006995555525868159,-0.026811732717361553,-0.006971005338103649,-0.005074940976920997,-0.003736717406256658,0.0012860021544984883,0.0055217469480312335
2024-03-12,-0.007829590534596833,0.003683662018007063,-0.015359352213928788,0.014479879852698729,0.016853112580066453,0.01003690357451904,0.018515254117482893,-0.01150735056063601,0.016426296352585672,0.0018847636603702552,0.0042263710759256464
2024-03-13,-0.018696587727854045,-0.029394986712812855,-0.02135460591832911,-0.029253785935741645,-0.02500848677181975,-0.014302000104644755,-0.03507923900609313,0.0022517111560054204,-0.02333305565906505,-0.022690696455431904,0.0134905588616324
2024-03-14,0.013485489412432787,-0.0038381219658881194,0.023180765860776078,-0.002236135897767554,0.0258011037032147,-0.022416427397197174,-0.01169587542388334,0.0041393419129907745,0.023962684705073733,0.030906399376587724,0.016879041722394114
2024-03-15,-0.01080388414252155,0.009949327641991496,-0.015810947537003718,-0.00889316629024366,0.029047956053682572,0.004533222624451355,0.025814276031177363,0.0016216520382148492,0.010036889970840034,0.007270705699821542,0.0012675005876802356
2024-03-18,0.0037269707918468117,-0.011166712535592649,-0.0014100782973803009,0.0014529083267118105,-0.009972531838145744,0.0028295820364361477,-0.002682680535802377,-0.008580945073382973,0.0030253202641570562,0.004766225825591251,-0.019671297759405307
2024-03-19,0.0029403055008310796,0.004004284015073642,-0.010824200800110702,0.013378774818215533,0.008317595711603225,-0.0017292017711878025,0.0035155329739459482,-0.005432007503977691,0.015454795658870146,-0.006014888071403726,0.0015012528885179743
2024-03-20,0.013816619411636241,0.0008626431496197191,0.02032695315826115,0.0223282173633751,0.014195262396857988,-0.004889981793739765,0.011796094651392752,-0.0010689948209558313,0.011448296048515206,-0.003777013884138562,-0.003287814272723534
2024-03-21,-0.00030264612156700055,0.002840000752633104,-0.0009769828176332514,0.022116916419987902,0.007662170346106936,-0.012831279068701055,0.0015969794922979048,0.005363469657469459,0.006436763747825008,0.00831126622885978,-0.005587095050654807
2024-03-22,-0.015143753747213204,-0.0012927406501000807,-0.007328713365855153,-0.016837679759322717,-0.013660325224505127,-0.015039999692149936,-0.014875781973855936,0.006521883330352493,-0.012020951012074992,-0.013842893880228604,-0.00943753239629612
2024-03-25,-0.010753211121671349,-0.011684751090101253,-0.0287402100888032,-0.028738576256810117,-0.03458130743036415,0.004270943144250768,-0.01603337613854557,-0.000443845266093275,-0.033703553200195524,-0.034531789314998104,-0.020672772661935932
2024-03-26,0.00691005776030458,0.012216338247888092,-0.014171599542581022,0.007925302439438684,0.020588316669686108,0.004622889879756139,0.023579311477170628,0.007569445778494925,0.02485118771930701,0.00033776727578164936,0.004614499975212028
2024-03-27,0.004837567256807984,0.002852432439812434,-0.009645901917590429,0.020027029528014273,0.021815388425944604,-0.010944073072896077,0.0025816810099102225,-0.01063315390257145,0.02111049532611988,0.024848490359634656,-0.007190308212910978
2024-03-28,0.003134909734117086,-0.0012435903124371848,-0.019255148549911612,-0.01687526943755878,-0.01909064536513433,0.009444052559580881,9.711116347213902e-06,0.005592793906271654,-0.01667709804567699,-0.004793624120934172,-0.00951521444978309
2024-03-29,-0.02397188441891578,-0.01880316044555717,-0.01080593700543531,-0.00405611594814433,-0.040808599079101456,-0.0198669790350517,-0.0424472749700211,0.0113544648581968,-0.026307809464588088,-0.02096099749601076,-0.014632421827551052
2024-04-01,0.03173132574495917,0.0063090293503215615,-0.021401185058599777,0.027688822482916965,0.04342754806587501,-0.008465610125016898,0.014335090006831974,-0.007925793571515757,0.03471214138246712,0.02264202077701754,0.014129557376931078
2024-04-02,-0.004883041013365846,0.0029852200189852043,0.008379504611838213,0.00013807185088922955,-0.009556994211773806,-0.0029601641162246926,-0.0016859959971227316,0.002275127105833774,-0.008022984978965853,-0.011251373206378817,-0.008787087711490464
2024-04-03,-0.003418919394994989,-0.008384230107139493,-0.0029245595851760003,-0.0018609385079227374,-0.004908124605390111,-0.00451593317981631,-0.01141792370973621,0.006143967316693755,-0.01236812481952925,-0.013526495281100944,-0.007977761585731182
2024-04-08,-0.02111355890511797,0.005216658210248748,0.015807546154794346,-0.008845457120800572,-0.01680747148206545,0.005071720540580121,0.014177745687542228,-0.01281628317654293,-0.007362691890546519,-0.012718416908320037,0.0031030241660004298
2024-04-09,-0.005660686177712052,0.013843489006581647,-0.020602744687571003,-0.01735558947765687,-0.025978164983578533,0.006984234432373911,0.008836395307854331,-0.002857118389170854,-0.019823999662600095,0.02914666216708799,-0.0024062272568205804
2024-04-10,0.015098824180618885,0.006908062558939406,0.0036087712749020132,-0.013817208304474488,0.005440549563761935,0.022169542150985728,0.019694535442008755,0.000716941926394969,-0.005923678441034814,0.009954428293243126,0.012106646911010752
2024-04-11,-0.004763363681640492,0.00037442859412412967,-0.00037265484763648535,-0.001593949954279213,0.002266059021842276,-0.008757487768306843,-0.001438486264019101,0.002428608863191924,-0.002298042287067545,-0.013188195113053355,-0.008307732392185387
2024-04-12,-0.023776995508168978,-0.023017105303853563,-0.019126637688898798,0.010572681242507875,-0.00520769128976296,0.00021699465169237615,-0.04041383017625642,0.011492859606554329,0.0036558896094142663,-0.028346250553911507,-0.0016996996653242434
2024-04-15,-0.0007027018058665749,-0.010408384850356944,-0.007901002808478589,0.0015474268996274578,-0.0025452924551341355,0.010671674217858574,-0.00704886725776575,-4.5119263436938645e-05,0.005625287735561859,-0.013314177187589902,0.005380183643376017
2024-04-16,-0.03213602783339715,0.002966754339909404,-0.004006751736301953,-0.014200526420103138,0.01846925164575809,0.008081516811447476,0.015516493256839459,-0.006993336165513397,0.004951651587637811,-0.01760752333497251,-0.02309191117044635
2024-04-17,-0.010493099434209643,-0.008749541909682745,-0.007183380026289178,-4.614340018377176e-05,0.0038430689563220093,-0.0064715384071193744,-0.006323430194631996,0.004625645965944725,-0.005445463177896402,-0.005374364469485753,-0.009321383742076462
2024-04-18,-0.006424772880860333,-0.02591630851151707,-0.004924097651136363,0.014852881309891292,-0.015628587703593787,-0.017990755321653805,-0.04630961384020125,0.02465602911970518,-0.00745959292884743,0.004836067465868828,0.015388993303358914
2024-04-19,0.00891305554750825,-0.03683490811261072,0.006053456722278975,0.027054007948550007,-0.0018565734951380228,-0.01628562941387337,-0.062137916660274205,0.02679526509298128,0.00040880926551004233,0.004185500425099106,0.027864041023853536
2024-04-22,-0.007104753490069093,0.009500094429361294,0.00935312546178214,-0.014156011554619992,0.0002903004135639004,0.015567226750773128,0.01663467918022669,-0.009096329110756233,5.471213603256949e-05,-0.012049554947185985,-0.002227104378165207
2024-04-23,-0.06590261040870528,0.02490353238605846,-0.040262175561168914,-0.016755464560518334,-0.05223873361652264,0.014879385835085347,0.04198883926392901,-0.02428582842646182,-0.047165902153504295,-0.03368198225243749,-0.0588284643690443
2024-04-24,0.003435351659536597,-0.007461726672843921,-0.009821446936935695,0.0022690592270475035,-0.0018599676847044118,-0.008460208954676926,-0.013190234744123971,0.008209058708994004,-0.002169623032870112,0.0016685194560217016,0.004931614399820983
2024-04-25,-0.008841247658798056,0.010429574817726522,0.007069151434769368,-0.027446894710522307,-0.014130883510518229,0.009669256366730836,0.02855656284544054,-0.007971530312668154,-0.008419022077650466,0.0018295224044965796,0.00897934130164983
2024-04-26,-0.007101340909124311,-0.015298215954109646,-0.0012126027414410961,0.004085701592661352,-0.00632813327195956,0.0023688532909906246,-0.013135548919840107,0.0023652791674159852,0.0034453704572365755,0.015722430823403473,-0.005908297545288162
2024-04-29,-0.0068601215725346155,-0.0013722233182494326,-0.007100498579073112,-0.005754414409948753,-0.003437934388241571,0.002479734421655268,-0.0035816972513033427,-0.008373032938330489,-0.003123196006434106,-0.0057780934573685395,-0.009328253331684194
2024-04-30,-0.010827896464285572,-0.007736199791714286,-0.0016360756686435761,0.004422794281689282,0.00010385861478365548,-0.004998490944850831,-0.010165189919740117,0.01220051827416585,-0.008214708625531503,0.005629423234597931,0.0006545368398719834
2024-05-02,0.011319624816972284,0.0233275493053544,0.004245777830971319,-0.024204890766317856,-0.02163599339677455,-0.00852757419767916,0.03062255687262579,-0.009878168728850723,-0.006476479147592287,0.02023751350500473,0.0008610975070449229
2024-05-03,-0.03315157971714,-0.011601070890690865,0.0028963663218725634,0.009092738576507138,0.02946193667832972,0.008915524088497542,-0.0063258563937121925,-0.0009140837782888322,0.035690348646753085,-0.02213314044212655,-0.029408422558505183
2024-05-06,-0.00194902814746773,0.011784053098358439,-0.0004524298659781961,-0.01886227270471479,-0.0050397729443286765,0.01115786132325634,0.021739985780276062,-0.007018415275237537,0.006533652989929531,0.0067110181626142545,-0.009990351477715122
2024-05-07,-0.014744693587724145,0.017661021288776807,-0.012329765845610477,-0.004577411822154541,-0.01574252519751967,0.005546395694565609,0.028676087422126424,-0.0045287974520104215,-0.010742465893091411,-0.007589646338117295,-0.010565412542253122
2024-05-08,-0.009575083539445781,-0.007317496676324466,-0.0026855443924988735,0.0023552680002669295,0.007728801149120197,0.008788281968979452,0.007172978076947426,-0.002650744585074527,0.016267874871363525,0.0014405888367142769,-0.0023518083230115424
2024-05-09,-0.00680388988655253,-0.0274478887913752,-0.01784323174252457,0.007372495664097413,0.017667863830611464,0.031506101948489455,-0.007194644369349098,0.0010157231000517495,0.013801224611523657,0.00440597446716068,-0.03003884825096921
2024-05-10,-0.008158094745766124,0.022080160318581094,0.003858183615662797,-0.004632556247339352,-0.011912810331189376,0.004637418058530638,0.02465042551598769,-0.013181090863543299,-0.003965055299263025,0.0028859109816962362,-0.005365276319206956
2024-05-13,-0.014921369200541903,0.01947453387193441,-0.00352842770474079,-0.012715957108457335,-0.009291268324258231,-0.004890467914442254,0.021645568072238275,0.0017408531309970146,-0.00209566505122825,-0.00894274402729633,-0.00838402603062582
2024-05-14,-0.03241253758986019,-0.011891988618708316,-0.009718885091945125,0.022871924307743305,0.020035862610328515,0.029865853983123497,0.007555597034107501,-0.00044711496085710544,0.02188232962026303,0.00643529631901847,0.024818235843737078
2024-05-15,-0.012261431012737259,0.01251342629758223,0.004439471902241436,-0.006125715134117488,-0.02058386563541664,-0.008068998168678768,0.010404034935926638,0.004731277821856228,-0.018796035437670583,0.0062903290819927606,-0.01666614250086337
2024-05-16,-0.01392961245638202,-0.00804540503578066,0.009498704189817662,0.006531608293436038,0.011474462804329158,0.006276138459796308,-0.008032156299192628,0.0010441689103585818,0.004791668400814216,0.012819364831404504,0.014234288762724036
2024-05-17,0.0027897249213820604,0.0033213872237428752,0.011289892039915607,-0.010508325904170012,-0.004557045836199479,-0.006017579407547029,0.004914502675390213,-0.009008480384484041,-0.010185218664857738,-0.001592180472557692,-0.005943414233084123
2024-05-20,-0.008165826459095004,0.006897970299078729,0.010765951999969596,0.0042675618403043595,0.0060274314169076046,0.008276050536846075,0.014078496532742124,-0.004820445141850094,0.00428170802305042,-0.005123150688100094,-0.0016259088359064054
2024-05-21,-0.0024572157663330972,0.017999179577129397,-0.02556632351634456,-0.003408423131401336,0.008531852302304337,0.013826923228977198,0.028632242089650616,-0.0006328659764024414,0.003952252551961143,-0.009004222064728827,-0.008967446590256514
2024-05-22,0.02044254220569948,0.020270950683619487,0.019482889840452124,0.008905330744667237,0.022006698284864908,-0.00018189148939865007,0.028264327329841597,-0.011504456242414862,0.013840030219534841,-0.00993039417390303,-0.008157530809370407
2024-05-23,-0.0027479424463281495,0.0016874092768884947,-0.003549472205329158,-0.004798272807184329,0.013249693034012244,0.008194585926785411,0.0005566084165520846,0.00972369717694388,-0.0038616321557227717,-0.018833805720010623,-0.02355472407335449
2024-05-24,0.05647493486856692,0.022351589157457746,0.05779642747268657,0.025702907932974056,0.029255814230497085,-0.0199697596840727,0.027266465551132137,0.0004494904698147395,0.02673478818080066,0.010747312415192504,-0.010832106479679703
2024-05-27,-0.012088427451596233,-0.00406006750126664,-0.015125312745776793,-0.0018835345490865085,-0.00252252631285954,0.008812845220183285,0.004476845924624032,0.013953395435205573,-0.00327252631285954,0.004682691485781767,-0.008920566536766886
2024-05-28,0.0019648388472465516,0.0056293640923842005,-0.008560901720949934,-0.00010394778407842487,-0.006929264855764264,-0.002356773470164098,0.003519869688632476,0.0010240711445464266,-0.007005797217450408,0.0038767736568730213,-0.005241386050587878
2024-05-29,-0.006091406984030189,-0.005847950232601614,0.0006172480816057316,-0.004285868030481762,-0.005436300677047746,0.0022129526273254683,-0.007799692149662141,-0.011566489741694497,-0.005911279435763601,0.013802734627457468,0.016400860754841894
2024-05-30,0.00859001562074864,-0.009896995519694696,-0.037405172590968774,-0.02665829389824816,-0.029292128051905807,0.0028869572570760227,-0.02853905777185134,0.001868905127551482,-0.0316191104725035,0.007715076811556274,0.015556381252000637
2024-05-31,-0.024449320007438432,0.02712891635441055,0.012041495797938138,0.022140097594372927,0.02361384061173215,0.011117883441749068,0.037001223341372236,0.015629565350631165,0.010241837570196831,-0.014960385975141977,-0.02536851375795911
2024-06-03,-0.0034949413578749776,-0.0021567193492345316,-0.008118990858751762,-0.002785533573247594,-0.009302722688314679,0.004398048377497826,-0.003790894598785807,0.005249888318378915,-0.0018559943657992127,0.01290758470372222,0.013036308528191739
2024-06-04,0.01575531460899127,0.018060416902551085,0.004611273327864349,0.009513486187204009,0.006952713722496738,0.004088144627937995,0.015882656977994826,0.016521254401233254,0.006196100114273594,-0.01714300065841104,-0.014898409780359397
2024-06-05,-0.007877321962209522,0.038775118465255075,-0.0023967677813592743,0.021761288912191583,0.03346752437239921,0.031380352750940754,0.05350354960307505,-0.018559216374996024,0.03446752437239921,-0.00764776319760584,-0.030850833452433557
2024-06-06,0.000737117642144027,-0.011031053953879322,-0.014337340501815387,-0.005176700078112679,-0.006131647874513645,-0.003988329464954643,-0.021288027628555084,0.0016675876053754792,0.0012903648807621564,-0.0022369509910760126,0.0009422122666857468
2024-06-07,-0.008353901999273147,0.005956700911627773,0.00932689187374477,0.001399224350780659,0.009410243318767091,0.01932028582225167,0.011616734148254612,-0.015422536161498504,0.016419216630377452,0.0012161646021135578,0.0027120792962933233
2024-06-11,-0.01161538934551359,0.024108206341475952,-0.019474664471148036,0.0032396477344650487,0.02653452082526933,0.0029803652737087905,0.03509244124796688,5.687640149927998e-05,0.006085431507410949,-0.019266944026404234,-0.011630414790445055
2024-06-12,0.03557092962718822,0.030882408913141323,0.007466199858176882,0.014200529768950004,0.028629660620336683,0.029094644747278717,0.041788805873922384,-0.00026890695696605606,0.008986166763773812,0.006252312726785339,-0.012930648213524184
2024-06-13,-0.0015003960307314662,0.0020325848539024987,0.007210780479146012,0.0016879718590420614,0.008803781882574073,0.007245667684462803,-0.00023471655551610127,-0.005562085428949963,0.0069708146170917125,-0.0006887218542089065,-0.0022900421434800707
2024-06-14,-0.001297533872651363,0.0003811516735754694,0.00028985451221164287,0.001550971853176496,0.002745107608235311,-0.005974974910816286,-0.0017844937875176048,0.0028025772112960645,0.003797996964249457,-0.006701068357383994,0.0023250345928847466
2024-06-17,-0.0028762233022569398,0.015250897604387331,-0.00531920486271344,0.008632492167008426,0.005552705436286914,0.006778869380631167,0.020051129573309012,-0.00610048015824414,0.011171110873665818,-0.0016357637068716447,-0.005611205666209028
2024-06-18,-0.008057854768729663,0.036343994062385664,0.004619515456421023,0.04108682363885836,0.04080420952493541,0.052551682655090616,0.05259918276972664,0.018654084466578312,0.04180420952493541,-0.005979291940808092,0.024693786672518307
2024-06-19,-0.007840278608853304,0.0012012429630172874,-0.018268569054961766,0.00018853820035248377,0.014258106764909035,0.00965492561693011,-0.006576140107478609,-0.002458697336772583,0.014258106764909035,5.420643776386444e-05,0.006181185665572625
2024-06-20,-0.005287778095655223,-0.0026273638304536067,0.0019163462691394774,0.012234083642567025,0.0033389861758713803,-0.009499399960247207,-0.007192892998310385,0.01742412335284556,-0.01157731063797642,-0.004111702892874488,-0.00047931938943475546
2024-06-21,0.008035010637937956,-0.02037854721856417,-0.002274484315095152,-0.01634174241944314,-0.03355418963578142,-0.03121319098635117,-0.02972633743730363,0.008668018908936093,-0.02669237208942018,0.02676170948911644,-0.007503737605075858
2024-06-24,0.0028049399129044935,0.006866558347260836,0.005852766823286618,0.020105347269527556,0.017805721067258896,-0.0013800479402602726,0.002046692726366225,0.013047289879389523,0.011488157741809373,0.0010215341282717024,-0.003274780978045378
2024-06-25,-0.010454933011099284,0.012378682504860758,-0.007380640002124745,-0.009182846341217132,0.016765508478896112,0.018565831567214308,0.030915876235338646,-0.009088581559042594,-0.0069581018791297616,-0.0006301545321475222,0.008506543232175805
2024-06-26,0.0014590979083262167,-0.002256119701448002,-0.0037172181763531747,0.00349921371338044,0.006544340456570532,-0.0029474790100264174,-0.0010382293405820273,0.004480918046253205,-0.0008258163093082527,-0.004355577845569899,-0.0005225936723598011
2024-06-27,-0.009818364519172076,0.0027433391025488696,-0.0043119073517131875,0.004547978029088972,-0.0001300188346491371,0.012013674916493605,-0.0007707664703187804,0.002391263151026483,-0.002130018834649137,-0.006034759931467995,-0.0002736628545492127
2024-06-28,0.010243446465567059,0.00124408399224063,-0.007346876588891212,-0.004132899333179597,0.00872766871343426,-0.0005517149096004592,0.010543286592753203,-0.003392463169507716,0.00872766871343426,0.007879556664499725,-0.0009236021034989801
2024-07-01,0.002263014489842373,0.007971212458976074,0.008461356560864722,-0.004263886882870604,-0.0036399843772892855,0.005569251323630518,0.008176255952392538,0.005263988834399363,0.0006023351863541923,0.002890795675741801,0.0015450861120999268
2024-07-02,-0.008162040236637176,-0.0005036011813054353,0.02059393256783582,0.004920280206941186,-0.008663086271142761,-0.006644509847248051,0.0013668241560124876,-0.010721333350299178,-0.00579524523069123,0.001108204984956492,0.005498868441464553
2024-07-03,-0.026982655092970223,-0.006532630837603101,-0.02995590803657329,-0.005581428267586813,0.011729487822680944,0.001186319662486085,-0.005715373901039156,-0.012003369942108006,-0.019741927549208893,-0.0318526720246856,-0.0031390337110388496
2024-07-04,-0.0016200466665480123,0.0013471655261989195,0.000792707654731795,0.0061884024734467375,0.010692047855881293,-0.0009268844843471624,-0.00368250950150939,0.015076325966007238,0.014594810189513623,0.0018088317071260464,0.004554602547796053
2024-07-05,-0.012525734535756807,0.019645849686523064,0.007053933795763961,-0.01298332601310075,0.03970933257908416,0.02584602134460583,0.03441309622216678,-0.005920772241737388,0.013533915235426698,-0.01746548064778183,-0.0071690095595899495
2024-07-08,-0.0035454479024020448,0.024077460096405788,0.0032223470409965503,-0.011702672886398294,0.010886830012487832,0.03440525584335151,0.03157856166827792,0.007033170532007305,0.008265194252931624,0.017831594582192876,0.002061805472493964
2024-07-09,-0.0037540948268564075,0.0015998662698501935,0.012568084352054924,0.0038899768394814746,0.012869890071416415,0.01047356073971728,0.002357906025280668,0.015022511288354672,0.02788217294802033,0.004700871749115897,0.004633910483863158
2024-07-10,0.005769146125780596,0.005052614256563373,-0.024251435116697875,0.005851487781182718,-0.0014827364134393593,-0.01056197372284029,0.003708794319265037,2.6983343784408448e-05,0.026603260771372268,-0.006935451216753575,-0.022035883258587966
2024-07-11,0.0385565753550998,-0.039284089565324684,-0.018752384748702278,0.009582870430932535,-0.04145226871836316,-0.030897021396966113,-0.05521395995099421,0.00038248162859881064,-0.03504253621255478,-0.0038208806685481097,-0.009389849354733328
2024-07-12,-0.005270544224835136,-0.002302640460633313,-0.003993654004586646,-0.012233832219462502,-0.009905039935481731,-0.00653425116561041,0.0002810745722787722,-0.0013221449686474835,-0.00967665368584375,-0.007982509211312891,-0.011020413824853328
2024-07-15,-0.011211991363276327,0.02213102459067299,-0.007508082730637555,-0.009658103398924024,0.009394725123856383,-0.00016692775109058977,0.013411924225720037,-0.006697773805878901,0.0067409395517825585,-0.008462220941051948,-0.007175087811607414
2024-07-16,0.0076788035348671095,-0.053011982553219594,-0.01614952118778458,0.02149853568172223,-0.029101900870770386,-0.018165845484535797,-0.055004872894184875,-0.003722441652432425,-0.039494295293230224,-0.012907397074350974,0.0007799289690126098
2024-07-17,0.01142582975637079,-0.022263205250094988,-0.02865169990338943,0.013793681155344434,-0.0161006145974584,-0.039191568885614286,-0.03712499877544365,-0.0003519082684837107,-0.025833035838553325,0.009673308170556907,0.016320823014903927
2024-07-18,0.006131596010472715,-0.011547091167826356,0.0010106356821642827,-0.006053036353572661,-0.008581214697334692,-0.0008149554364060927,-0.017287696680845253,0.01233632100356441,-0.009581214697334691,-0.006450257651583013,-0.0015704950405478991
2024-07-19,0.023767061242464197,-0.015465701051178069,0.018409428688665873,0.04079164868794665,-0.01339581200727377,-0.021122898090195318,-0.02619250597994262,-0.015075540978950714,0.00848540215897027,0.021244841771881465,0.03312918415394398
2024-07-22,-0.018194326543836417,0.034596158374456565,0.019033029559214685,-0.04176028175589678,-0.00480884097345625,0.024630973713147597,0.04323815516800078,0.0009977022725425888,-0.020653529890771342,-0.016983619653815986,-0.0024903104655832863
2024-07-23,0.008077211981153219,-0.02184568699776629,0.01154291869071231,0.02788768745321764,0.033608382652521814,-0.05797463047061723,-0.03734046728996091,0.026868772547840997,0.03535856197910347,0.005064328364958728,-0.021391004212201626
2024-07-26,0.009783033826277761,0.00897403622220914,8.625304452516448e-05,-0.002573138525994658,0.02593098479520108,-0.000994154205255208,0.008143699025334591,0.005710904253371581,0.019389045060177995,-0.013094131688966086,-0.004010417577153549
2024-07-29,-0.005133103056984775,0.005931446224282248,-0.01376737524717337,-0.018525048352746647,-0.018603326487501404,0.013573775548861616,0.007793961455314191,0.013831169346777712,-0.01284102242181024,0.0007192254948572775,0.0037437865503462545
2024-07-30,-0.004728024960385912,-0.01736622313053219,-0.0023471355060507917,0.006108649323795772,0.01441420400517679,-0.004762664209173298,-0.021605960944009055,0.01672329696471549,0.00785523700675949,0.0017113108873864384,-0.006676457818324363
2024-07-31,-0.003080216572772035,-0.0033655160614881885,-0.026685279755535158,-0.027476399241755923,-0.027075456918785424,0.01749598750866168,-0.00387727956190866,-0.02071198560410864,-0.027633316603696428,0.0008260555599673433,0.024020417983782415
2024-08-01,-2.3522206694046206e-05,-0.031054829403349193,0.0520201659737923,0.05429702400966818,0.022750898295526532,-0.061092634884726923,-0.04978950689337115,-0.0083220139914865,0.020414523478709735,0.011458377119448315,-0.04598913180754103
2024-08-02,0.011077567725622166,-0.033902332420761835,0.029113041371956635,0.0496389542489312,0.013522046183464908,-0.048544572259912364,-0.047178777065175447,-0.004553274492418005,0.019086257700547504,-0.011943859544926185,-0.020377489865001024
2024-08-05,-0.0005286631719451122,0.02949423633017203,-0.01143149985797124,-0.051497668205267445,-0.04063487324758843,0.01849424096663943,0.07138169880222674,-0.009673536588743849,-0.04760259058708518,-0.0022785045261580006,0.02969757827876111
2024-08-06,-0.006415146783444843,0.0388048902851171,-0.02377306070611955,-0.032511670049511256,-0.034644398642189544,0.010262935604203893,0.05081628435005481,-0.015280918938334387,-0.03317921636791624,0.02588172965547203,0.02545145152682837
2024-08-07,0.004142072790600151,-0.003077387791565838,0.005755432961831568,0.02332017252722752,0.02432017252722752,-0.02659593324123699,-0.007248985175924372,0.009894711104763015,0.019290580225330152,0.00978375993850985,-0.021541187577226846
2024-08-08,0.0176436368570391,0.0014269237252678701,-0.0019877382672639846,-0.01761690004971158,-0.018236523923988966,0.015382857312188726,0.009341079299683419,-0.006581921114258371,-0.014820139475841643,0.004187072825854264,0.006908382310999008
2024-08-09,0.026333959804014928,0.02488423220663476,-0.01887379898790449,-0.03190265624661828,-0.04304430224385344,0.03135342337423517,0.02820788841781548,0.0037890172205039176,-0.02327037845021862,-0.028774102663287556,0.03026420645407865
2024-08-12,0.022605255378949477,0.020432473773026826,-0.001994742853128289,-0.0051695843129946255,-0.011597585619770496,0.010926374730935226,0.014363181321908353,0.00685147408348811,0.0010116333317301942,0.006536438643988279,0.00046377837124883005
2024-08-13,-0.00696583477399507,0.008091301684029644,-0.008754220522149771,-0.02052510335963323,-0.015006818004049904,0.007526024548790072,-0.009247507621239492,0.006605300520750552,-0.017993968534678544,-0.011206260997254705,-0.017884424765151938
2024-08-14,-0.0064478817539719525,0.0006129408872481597,-0.0009394802515362453,0.004866868453293077,0.0011604027932702416,-0.0010150355860228302,0.004292200333572343,0.007027612118926347,0.002446684621318891,-0.004881028792399707,-0.011161083728741524
2024-08-15,0.0059011009776812765,0.04082087643270846,-0.01411498948782083,0.004709161344190001,-0.019060652495280068,0.0063305854452979475,0.044362950221270826,-0.011180790175144097,0.0034867972795834543,0.024598925807223636,-0.017371761306405494
2024-08-16,-0.007200943997175891,0.013697961958753457,-0.003936310684807491,0.005130259920390577,-0.012088868707859374,0.011345666100581981,0.01905719410468561,-0.013904326159586644,-0.002959111651217112,-0.007011887636121469,-0.020836540666752442
2024-08-19,-0.016904151255547013,0.005370862063363365,-0.01244661264074591,0.003066350252014915,-0.01195759065109151,0.006446739986956357,0.005909568194328085,0.00361363411369849,0.0068984306261899815,0.0013422308776378199,-0.019929900729284637
2024-08-20,0.006960424505344255,-0.013314155114474202,-0.0047031833978375915,-0.010627538238529022,0.0015043710645303871,-0.013017447730107509,-0.022732870337806316,0.0020331386277705104,-0.0007670802936670107,-0.0005498220095864355,0.001807086078898598
2024-08-21,-0.007591435289757888,-0.007136433806917567,-0.00095318729398715,0.0025172258418383144,0.0018109074111462018,-0.015982901821202617,-0.01041637676071209,0.018614205978689978,-0.002164855488674917,-0.0046397256844762985,-0.004892641380887394
2024-08-22,-0.009361778979732225,0.01585424162103753,-0.008125707503062718,0.005940067274155331,0.009324379268853815,0.0008415382271648361,0.0070838386376961635,0.0037403415802146527,0.011702367749382069,0.0029915147236167982,-0.010053769547962669
2024-08-23,-0.007738908917612017,-0.01308854628270717,-0.0013448275192150501,-0.01975877136565864,-0.011237163836933054,-0.008181840139956978,-0.01532671176237436,-0.006808517852733656,-0.013316188107714315,-0.012400108824688678,0.015023345105567487
2024-08-26,-0.00279048990531208,-0.0017660339006150176,0.012769322505535988,-0.00465719101909252,0.003685388362149618,0.0012175822656919355,-0.00017264070293093736,0.014030635377144846,0.0027625369364478285,-0.007154651216092728,-0.0008182572148584316
2024-08-27,-0.0009115412208978218,0.010803572307380124,-0.014063179997594485,0.005245519149584582,0.0013851249677166175,0.017342116193525076,0.01066057960368542,-0.007692366028599147,-0.00811096256306759,-0.012580488325487246,-0.02549596208076458
2024-08-28,-0.012052243250913638,0.015525219435227786,0.0011228435016448425,-0.0034690664863104466,0.0008851855154156834,-0.008993369741916012,0.013793970271651931,0.011283787055860806,0.003164296524535648,0.006729400020427869,-0.007410834606155905
2024-08-29,-0.005622367131883814,0.00401492256602203,0.00837262696852956,-0.007303555266374107,0.0030270787109453095,-0.011587639755860912,-0.0011767143973736571,-0.004453248920590995,0.00013210687801903085,-0.005033717643216397,-0.01008184547596698
2024-08-30,-0.011595126799834658,0.012808167150649872,-0.0011275810016395512,0.013944190393562856,0.022922296391135105,-0.007457174653071266,0.012045951935831856,-0.004498688516155369,0.024094701430646237,-0.0038470221378845205,0.006117215624420575
2024-09-02,-0.0142635577603221,0.004999974386100235,-0.008055403616732409,0.00380793717056414,0.006740113028601448,0.012930200691270228,0.008884312127777886,-0.0006268478486150713,0.00016556088758402573,-0.006827643126160166,-0.020046585186128275
2024-09-03,0.009242418261936166,-0.008951770952162756,0.029560088711406574,0.010635621368177674,0.006753782301138427,-0.028417225042786272,-0.010294144561436423,0.006342688767152237,0.023851501231012262,0.001831753058156401,-0.010363492521344778
2024-09-04,0.0019205578041241208,0.019642645428430656,-0.015554887047376034,0.010336692963156036,0.022448479901719665,-0.019210819466526714,0.013009389161718492,-0.006619475912986746,0.03252287950640744,0.007882768563625606,-0.024317882383188057
2024-09-05,-0.008235391779012387,0.012021498477635933,-0.01063042706059358,-0.004398324963591278,0.001347895342093195,0.01009820911114771,0.019134529156162244,-0.005976843759392114,0.0002544564892796872,-0.003842166014733045,-0.0005284385610272151
2024-09-06,-0.013638404596288407,0.009459578902260745,0.00799911603721866,0.009581329126836412,0.006864441927028463,-0.016973961764696177,-0.005479328749398032,-0.0022892116756348946,0.016532574690822317,0.02640643094158694,-0.016650575257200054
2024-09-09,-0.012984051671198323,0.023749327636790114,0.007555457689493211,0.005391426187018156,0.011698994815848157,-0.018647238681271567,0.02710523327584672,0.014120005417733006,0.0208256544745556,0.008402552343277333,-0.016323615885876216
2024-09-10,0.005103077580354445,-0.013141928808032536,-0.001983677289518856,-0.010607151179705579,-0.011292949679905516,0.004024913645698633,-0.016900209705831448,-0.014622676394815607,-0.012180363366993296,0.003178914576002824,-0.0007080438977232837
2024-09-11,-0.01327312849528451,0.02164106787849327,-0.02925205766427252,-0.022793738707392708,-0.01594700623666981,0.03736248446114707,0.028121344323557618,0.012578462674963209,-0.009578641537406524,-0.02273518680190311,0.013811451253728377
2024-09-12,0.017538962452773064,-0.041327630134556224,0.01231909045959105,-0.015784456250070578,-0.03763208852501116,-0.014296910604152259,-0.041744700126316536,-0.008004511225005914,-0.03688208852501116,-0.018918216641889515,0.016585140072110136
2024-09-13,-0.012164560108533937,-0.011086324199409619,-0.0002896728923503936,-0.0034392134142561042,-0.014345837946611373,0.0037006143383931187,-0.016146978706039244,0.006286082236868884,-0.014793026946676092,-0.01598698995022505,-0.008535809948803572
2024-09-16,-0.005005762858623951,-0.009134178756803297,0.019375746754933025,-0.004892739229048813,0.0011457274120524534,-0.02609300104854177,-0.017345113389277817,0.001979511559722184,-0.0069132585470759915,0.010592808616180008,-0.004931707032207749
2024-09-18,-0.009940770456947417,0.014041846595116637,-0.009265635014471509,-0.007615851816626808,-0.001237940605801336,-0.0004847105997398682,0.01311349036784141,0.002723446209733693,0.0014573021781962396,-0.006581081729272463,-0.021805540594197904
2024-09-19,-0.0025461046401731822,0.008052457809400431,-0.00017487553595371252,0.0027881379677405227,0.006087412083034927,-0.0006368184226938634,0.010365266591007708,-0.015051305704493145,0.003113636861768911,-0.0014753811110530786,-0.0007608543592317204
2024-09-20,0.006814786027167532,0.01444986048021261,0.0011775056353822352,-0.013237570687579848,-0.00200529992938352,0.0011940566518722408,0.009756892559990534,0.00427647573596901,0.0021825144206823284,-0.0006679932988460993,0.004391739234621148
2024-09-23,-0.007775630303950764,0.02401795046101492,-0.013837112455282588,0.000719855867353617,0.0054218282741659496,0.0057531342952775455,0.02787687525834322,0.01188259462238835,-0.0007535580445511073,0.00885783135607362,0.0013189228527175668
2024-09-24,-0.011425568470809727,-0.004108474959379327,-0.006661136581133281,-0.019225444823928774,-0.021003191639227536,0.02621891294726545,-0.005647892651305646,0.0010933720916332188,-0.02193473766543082,-0.010377806120589913,-0.0197818773251485
2024-09-25,0.010717705153501064,0.026830260599101634,-0.0027974357109136357,0.0026142547491741245,0.0034502491097941,0.003187605234826271,0.027393787180766165,-0.007308959003792101,0.0016992580207193435,0.01469703293741781,0.017448089387299557
2024-09-26,0.007850565862801005,-0.06330046505076005,0.011498217534894377,-0.037948888451546973,-0.0781648546507938,-0.007871953524417311,-0.07685957221063829,0.025282347206046794,-0.05224709777965011,-0.03375957581891836,-0.022547121804832135
2024-09-27,-0.0054783956686099275,-0.03566094307032803,0.007940968627431527,-0.01191351464935102,-0.008065048306866447,-0.02709958476657364,-0.05307799324045568,0.00020005916962563888,-0.009164200637970816,-0.029926635529750237,-0.028246010552355164
2024-09-30,-0.003793092714941997,0.010102359044133933,-0.01864466897088626,-0.0026250857950253295,-0.011317618667916822,0.01463881345129526,0.02224142257539341,0.007500903659301117,-0.007169888434281157,0.010744068907291304,-0.003474322817669153
2024-10-01,-0.02838421035134152,-0.019509276577538776,-0.01299992434614331,0.011247488992397556,-0.014467108701842368,0.009843485285965358,0.005840084321351302,-0.025470824025667062,-0.006722447661854877,0.0016982342949942112,-0.0038865572686398605
2024-10-04,-0.010535708343477664,0.01991969378870841,-0.009897873970935042,-0.005819310265624377,-0.016852821337045833,0.009172800165234547,0.030784525468961786,-0.0035228833198110987,-0.013784243157262241,-0.015337875920967622,-0.0058530364741863974
2024-10-07,-0.007951026807453907,0.003332386153459479,-0.014727460939409026,-0.02022699902075299,-0.017410303890226353,0.0027637375048145674,0.00869539961736826,0.015731347417127634,-0.017029054251220144,-0.012316592083359324,-0.002830714323814021
2024-10-08,0.021632064922427148,0.03297176017739803,-0.008829525898788482,-0.025243397418677944,-0.01616192454295219,0.03785342783850375,0.04321936085451687,-0.008930707266847748,-0.004498605102361328,0.0011545149301787098,-0.018350782561944716
2024-10-09,-0.008543823178955962,0.025975727791812148,-0.008192113507038308,-0.001097035117374882,0.007517620318139036,0.01984636600851163,0.03515365456453856,-0.00758157358833252,0.005385857223327705,-0.013960255717407794,-0.02232963251999528
2024-10-11,-0.013209460322389044,0.009201478192450022,0.0002459931086803554,-0.018742936295698003,-0.014308671148636654,0.0042390898353421675,0.001290229006166192,0.00406489049628056,-0.010489174151145864,-0.01285188175361279,-0.002325913462000354
2024-10-14,-0.018033842258865215,0.03236131414626355,0.02335652303146834,0.0011902047002987184,0.017968593311118018,0.03373687945866498,0.030317962037212008,0.015388097637399864,0.02818453162663308,0.022468958214318345,0.032978440306473664
2024-10-15,-0.003391647386523927,-0.006804548797680471,-0.010747090316462996,-0.003195571853130879,-0.004573499160879243,-0.000549861652654313,-0.012430797850087993,0.0021480504539710954,-0.004169290501326517,0.006238264734258244,-0.011285108008169911
2024-10-16,0.0032304519521009056,-0.016871581809068836,0.00019133124254863167,0.005001212638812564,0.00392262126711009,-0.004889653957729889,-0.017555966674873913,0.007664061517382562,-0.003841901823591294,0.0004573353565571316,0.0024073333926092474
2024-10-17,0.00033203885611227547,0.02075277453967923,-0.004825699449697126,0.011407715745526606,0.012802120296062999,0.023563001798227234,0.027153395141710036,0.010489539161764427,0.02273436101170111,-0.011160874036722016,-0.008303493022984595
2024-10-18,-0.013306117218015239,0.02591273331300457,-0.026440374132087288,0.02104947391479168,0.020464375016802545,0.01038950671974968,0.031676109472162,-0.005477964145903402,0.008442675009073902,-0.002552202479191224,0.010369362643612679
2024-10-21,-0.004709872810824852,0.00508623567393567,0.007366215881819166,0.007866319110231909,0.018663071906227895,0.02055209867241941,-0.0009665516844400424,0.007948713626304376,0.02361065185303861,0.008799130671738294,0.022386613012715897
2024-10-22,-0.0036056058637418927,-0.0031950080527506,-0.0084753692997355,0.005367309821703027,0.0051012372769725835,0.0005654059806594891,-0.002512015490486649,0.0006731137853944382,0.003380424467643861,-0.008044353673277703,0.0013434297712050357
2024-10-23,-0.017964138048384627,-0.016488964090117318,-0.02458370648152939,-0.01942692824683502,-0.03131587262894826,-0.02018558549537024,-0.014454076685630016,-0.008146020614910432,-0.022873588443114812,0.0060105689217536595,-0.026313421538843147
2024-10-24,0.0018200074831975998,0.014223951372275428,0.012177569635236949,0.008656300480186091,0.023439038551115565,0.010164855596669686,0.01129353893609005,0.019018628392345804,0.014538137479556994,-0.013118268078603303,-0.01234240205407133
2024-10-25,0.0019246019078671154,-0.01670556164083679,0.01696303693689779,-0.010317348256968374,-0.00799437076937376,-0.01101489719515115,-0.022147680632271554,0.01311640593086616,-0.021861600944409764,-0.007625114625123594,-0.013177723115392196
2024-10-28,0.0055501816967267305,-0.006618305586081407,-0.0016244927753321717,-0.006448264774984261,-0.012197752496451117,0.0011941931686713647,-0.00629075035910287,0.016360210848294143,-0.0007563380141234859,-0.0026989780820096355,-0.016317633781060645
2024-10-29,-0.0035986530838628657,-0.001435828729587483,-0.005917006148926622,0.005710947471329063,0.0012234093714098668,0.0007525396781845051,-0.003188960870208572,-0.0021918581465040963,0.0007934216750293656,0.005072359253786799,-0.00234563803172861
2024-10-30,-0.01052764905754145,-0.008692868788830271,-0.018300139811099788,0.009233562832530814,0.010426521596369533,0.004143564724518249,-0.003980716189483942,-0.0002615245816957046,-0.0047321810182423055,-0.00828281752665265,-0.0045969704082087295
2024-11-01,-0.007546058749336575,0.010047868817220354,0.01645387765596605,0.022516637377792775,0.02442751524113739,0.01982886500148376,0.010578898436075401,0.002752715670489995,0.021791589719617574,-0.0033162115674922315,-0.0088066443995154
2024-11-04,0.007416004094633808,-0.0017219389225584065,0.006490274845262418,0.0066882735926580665,-0.0007944385011793361,0.008916252293697163,-0.006098536542186728,0.01171522635295467,0.004399689442923646,-0.013462910776076482,-0.007986668328520321
2024-11-05,-0.010502850054092632,0.0037092777930688896,-0.01318527510878909,0.002758047452616135,0.0014475945568901605,0.001986930181182576,0.00845458754751427,0.008339293211531262,-0.002481739118961721,-0.01227944534980609,0.003105358840022592
2024-11-06,-0.006350066851569003,-0.014085859900303605,-0.003819415889024825,-0.002571500113726503,-0.021286795362067318,-0.009074940118625696,-0.018810376701253777,-0.020862751657798162,-0.0016788619436217955,-0.007659761865342448,-0.007282454003391583
2024-11-07,-0.00408134788970975,0.019453030603900884,0.01889543259754743,-0.002043785599358979,0.02770398057818521,0.0252599382936299,0.011362239411377281,0.01530768182247814,0.025167375011246662,0.009029269536415706,0.005146173352496178
2024-11-08,-0.004804616359650504,0.010151037318464071,-0.015216096650021497,-0.0018041514670899704,0.012349577155516862,-0.0022727650326333313,0.01616903123322736,0.005675686889701492,0.005528358467711816,-0.004062567401266303,-0.013780668814732996
2024-11-11,-0.0006350253940165113,0.0038771313752009144,-0.00669851201818307,-0.011803869523146614,-0.016445910576797125,-0.0038323374194465347,0.00737093947858334,-0.004561096400508485,-0.017195910576797126,0.007356865294990571,-0.016983601922011517
2024-11-12,-0.005137108326453416,-0.003759355601198333,0.009462835455253813,0.009987142464256379,0.013994990665697898,0.005706500436050785,-0.008600074011638667,0.011094646541354133,0.013171805369586648,0.003384047803942666,-0.007652956693826463
2024-11-13,-0.01472588854677196,0.019135424621942898,-0.007999024136630539,-0.010874912228839718,0.0011135488020110884,0.0061999672380016555,0.013971469142599113,0.0005631835213219336,0.004925490036886989,-0.0030256987175084973,0.008077292988697327
2024-11-14,-0.0029042308871965157,0.0028230452169459574,-0.03221580667580889,0.002493010946616618,-0.03576854236784516,-0.021559595374867485,0.0027700589138879295,-0.007199711534527327,-0.03277227175551939,0.02499194841340046,0.0010993774074760311
2024-11-15,-0.007341530167176977,-0.04301837332118408,-0.040079155047282065,0.008319413526067116,-0.03306397317612884,-0.04197528914529436,-0.06122593338783052,-0.014164822117379862,-0.043331493588683476,0.017547754235982038,0.03432932768053107
2024-11-18,-0.005426857874162617,0.030150115936148515,-0.0015392216812986225,-0.00020833190259158065,0.024916152539335455,0.015674601282439353,0.039457879671389993,0.004159355286816269,0.025355167277752243,-0.009106025609318925,-0.006141545377523304
2024-11-19,-0.0036524554494186175,0.001181057489058464,-0.015571294742698532,-0.0014697117053772218,-0.0014706799163073355,0.0046052110289262205,-0.0004046193963509661,0.012957349468092388,-0.014074709717596414,-0.006321095951625099,-0.008498781280946183
2024-11-20,-0.007080447256549315,0.0018723290730339633,0.004088204189699855,0.006658557498009393,0.002256902328779695,0.005370824208273414,0.008587299429882511,-0.005741073706627927,0.0038123713609319798,-0.001380101565201795,-0.00593611145977894
2024-11-21,-0.001316369341897519,0.027214160896018875,-0.007061107321120562,-0.014026055872353874,-0.0018713863946553566,0.011970926703190943,0.03427811220538909,0.008646684608675348,0.016674106095437916,-0.011289718704292032,-0.0008106198315066971
2024-11-22,-0.004806530184747707,-0.01600999679065033,-0.012821880778175823,-0.002540936117140254,0.0016799287767506983,-0.0029110489983412147,-0.022236304800011503,-0.007874918637816974,-0.008286709133607718,-0.002553430612020299,0.0028592330585848883
2024-11-25,-0.005580080938355543,0.0009233239701027978,-0.006724161625298678,0.0177400833065041,-0.0041473360974212566,-0.005744998089854403,-0.004230422180257876,0.006634633560839043,-0.009829445479538169,0.011272914986699887,0.007503730004807942
2024-11-26,-0.006949021792313796,-0.0012630197394235439,-0.01652358483917229,0.00477805971121372,0.0074592335809089425,-0.002006957553326638,0.003684824146184318,0.008489890708019938,0.0018617155854393514,0.010857696105770413,0.02591138268130512
2024-11-27,-0.001697790159854621,0.009703985718039904,-0.0054970177750158,-0.0064276088040798405,0.007434983125799433,0.010071845114986886,0.012724128451727138,0.002652408761316412,0.008392978846386179,-0.005734631566588691,-0.009031970962701811
2024-11-28,0.008434992329547922,0.0161859387538232,0.003412626242325703,0.0062479858642782255,0.010413253397324868,0.01985832199901914,0.019075192062741424,0.007611949742201751,0.016721794668614964,-0.00038710050141978506,-0.008823980876179801
2024-11-29,-0.01644400767291267,0.029362571385631947,0.0016537556612057393,-0.009453002959207108,-0.000905868547748091,0.018137069671201923,0.043760167803656026,-0.008278705174302589,0.0077670789527171935,-0.00020159884798708365,0.00490142145779167
2024-12-02,-0.010544391415144974,-0.0007846118407879299,-0.012310619022803972,-0.004036271061549079,-0.006756919445482454,-0.004701768034373499,-0.0029437146324120898,0.002248068595927596,-0.004078214891643588,0.0035369436507470264,0.004084329146676883
2024-12-03,-0.02192966743950878,0.013242626613182457,-0.004719244628083104,-0.012948504737515333,0.0019970287838557343,0.0099198386456547,0.025884556449475293,-0.000988841230813128,0.015236237775952791,-0.014635192413431138,-0.005808505884342577
2024-12-04,-0.012437361667536881,0.02095663584470577,-0.00022131550696638004,0.0014592511470259708,0.01323790567957592,0.017455625398388335,0.022922225329445507,0.014905319732500349,0.020135894797729113,0.00483623150520053,0.004774064731203466
2024-12-05,-0.003948320544739174,-0.003284649187884384,-0.007507060815658462,0.008322946908674717,-0.006084300672196044,0.007412745017716918,-0.005799582757151959,0.007029707973709831,-0.0020291603988444196,-0.006633126038274963,-0.02260088676052491
2024-12-06,0.004370971405404605,0.014768456533478025,0.008576842452684245,0.011013187893382162,0.015547148176064791,0.0036165383114632375,0.022313631572864333,-0.004258680825445263,0.008861928408596492,-0.005327924848865876,0.0023502896734021754
2024-12-09,-0.00917779149839226,-0.0005769720854978213,-0.0007229371806689727,-0.007093225414728723,0.0014251315327351768,-0.008157026614473633,-0.0009664939073770378,0.006200780572146976,-0.005604884790210779,-0.003144178985612873,0.0030491831145472567
2024-12-10,-0.006347205116852677,0.006629880428016359,0.005962321429447038,0.004731680506719219,0.00955980750432368,-0.004593785239903919,0.0060767412120827004,0.01138689619209384,0.012805628001451252,0.010623337167761171,0.008307952023693093
2024-12-11,-0.023722397121961575,0.04034544159906575,-0.009712263153006417,0.013339783729789539,0.036165230020305444,0.02673260461592076,0.051234793977006296,0.017937696439849476,0.03527213196039491,-0.01810867223086783,-0.012125452420754319
2024-12-12,0.0008045156939898278,0.03150958001218171,0.0010066360043751669,0.010773007424393438,0.025433568378640505,0.006463507093976401,0.03722817142365524,0.025330095395243113,0.031026423458827418,0.021707137859571766,0.011273409611359125
2024-12-13,0.0007651825974037641,0.012807595663754723,-0.004651963628503543,0.002698853621717503,0.01652711395317245,-0.0006896839113130862,0.016408812165139137,0.0029195602290785034,0.008723410754803707,0.010818327729813376,-0.010392414648777017
2024-12-16,0.005800307165282669,0.015947212292478502,0.0014709442893617525,0.00954570370547022,0.003971952789849298,0.002391764815992903,0.020415277793007704,-0.009851292416287294,0.01129570370547022,-0.004846476994460787,0.004522769853273215
2024-12-17,-0.0007533771568923931,-0.012588396672988722,-0.001523838096407091,-0.011097433614977696,-0.010245014584662187,0.006441682124509962,-0.015629367791526832,-0.007706583700200387,-0.010949761197456609,0.0027675805809378373,0.0031088877304421307
2024-12-18,-0.0006397590527229429,-0.0069313192665901024,-0.004246592852243396,-0.006973492177754012,-0.00981382358419732,-0.007865017882769257,-0.005114865198727041,0.00038420230657976173,-0.010063823584197319,-0.010896995172190574,-0.005629956141180046
2024-12-19,-0.02941852915990416,0.016610974415954317,-0.045141250924292955,0.0018341959904060292,0.015515365103525258,0.006719303713323818,0.02349812936538309,0.012202962958861197,0.016891959111242204,-0.003471078820327959,-0.03438146880810687
2024-12-20,-0.014563023393593433,0.018899549398805265,-0.016002949985596506,0.006026655305588642,0.011434177728313715,0.028418291909700855,0.018117669116945602,0.015514965215989312,0.013174460038907387,-0.0005865998331060929,-0.0038718202216106966
2024-12-23,0.0070468881508939495,-0.004742833451638256,0.007191799719671012,0.007886221422067909,-0.0010904088671835153,-0.0022652744823946913,-0.008082710611006183,-0.006759258291608875,-0.0016742212111430412,-0.0022390823165998304,-0.002067219236218301
2024-12-24,0.0005016650798832087,0.008362590166804027,-0.013944141295552005,0.0036066586421825246,0.0025736186173282356,0.0044901175228390005,0.010150256094774601,0.00924223688666026,0.003727611488737525,-0.0009065195660789712,-0.007011627009292214
2024-12-25,-0.012363836327142084,0.007797913191410202,-0.0071002832749316154,0.006246178433421364,0.010843406926953163,0.0011923780740922447,0.010901607514200957,-0.0005364548241298763,0.010593406926953163,-0.004844354227706912,-0.008640898828708403
2024-12-26,0.0010513581822113264,0.0027536051857736665,0.0013333709053599384,-0.006969894217732177,0.005479454469217253,0.0027897241764267373,0.004318730547016887,-0.0049801676010143665,0.005479454469217253,0.001027325931836734,-0.006407922042513324
2024-12-27,-0.0053804651726844475,0.018165710461137446,0.010515285196750095,0.0004677511393816349,0.022111842436047375,0.002498052395603449,0.023503957634203414,0.0107322560962075,0.022111842436047375,0.005861316360629773,-0.00873637920400629
2024-12-30,-0.006833800610933043,0.0031448811369048464,-0.011644917480034992,0.011010252454468294,-0.004288218253380105,-0.0038170564019842455,-0.005944730578377392,0.010612745805071933,-0.004288218253380105,0.00043276324749241205,-0.0057782003647664365
2024-12-31,-0.008232343504327283,-0.0024024490810003914,-0.004164648710388636,-0.007938379759287573,-0.0074703780491952865,0.0005895915412656803,-0.004768435909205207,-0.00632504237260532,-0.0074703780491952865,-0.015284762553333466,-0.015438145635888733
2025-01-02,0.007294934268248634,0.012913432733335662,0.0011771175296812608,-0.0063841525341743754,0.010515361253719092,0.010080841880832248,0.01402783907165491,0.013758168458652928,0.010515361253719092,-0.014831966593681852,-0.01764416839055779
2025-01-03,-0.014044908865506925,-0.006901054782056069,0.006924021108528636,0.019815234304691516,-0.02615942522590392,0.002089502422473872,-0.011318770762371234,-0.00900757840728798,-0.012582740245732825,-0.013123534242912595,-0.011878852058933971
2025-01-06,-0.01593626981752487,0.045594946197443253,0.005280323057442252,-0.021957516408126893,0.060672470805251275,0.018355942934240654,0.06462918521668845,0.013397543748973877,0.05162047425671677,-0.01669653807601644,0.008827107591497976
2025-01-07,-0.025178243122063446,0.006602391219706804,-0.012939889238291691,-0.00621906845268603,0.007303823963335463,-0.0007755328084443347,0.010999316425191363,-0.003185376559762125,0.0007368091413924704,-0.004394664612276459,-0.019116252622146303
2025-01-08,-0.0017712302727002048,0.011759091041978836,-0.006793996352084559,-0.017210360505732478,0.007960307220768709,-0.0021166984329888307,0.01484100171895858,0.014313734704471708,0.006210307220768709,-0.007205205736069418,-0.017828065350457063
2025-01-09,0.0012234660857708092,0.021027441808374552,-0.008488111018465812,0.0016270520571819813,0.02357807833268727,-0.007685338233737144,0.024364206153170625,0.009483299546704663,0.02357807833268727,0.016550142789288586,0.008527619992342845
2025-01-10,-0.015129907286571742,-0.04969333143656955,-0.02360426642031517,-0.013570002761156448,-0.06556637090964046,-0.041556076968200586,-0.07400750182234131,0.00312328051211234,-0.06556637090964046,0.01681213979332257,0.042964567770527234
2025-01-13,0.018688114812307595,-0.038497247803104186,0.012310663198579472,-0.019150612334107503,-0.030163888450708276,-0.006367163420695673,-0.04555071763284613,-0.03977785664764647,-0.030163888450708276,-0.01673488358580584,-0.00023208790885354252
2025-01-14,0.007664282035753832,-0.01854479972227781,0.016953448511309525,0.009749249789153928,-0.012784288236648296,-0.02792099367679815,-0.01736760772236473,-0.006217358042225045,-0.012784288236648296,0.0023777252440459504,-0.0028370680988784834
2025-01-15,-0.01066659907911842,0.014338948141066742,0.013623972597988619,-0.009927413362094887,0.011810576906544764,0.007297302833546387,0.025591931054883072,-0.008489485521058326,0.014946389653685685,-0.004837215767430252,-0.005470313764928936
2025-01-16,0.00713112389021407,-0.042997365961264446,-0.012263524043129356,0.039598180041055336,-0.019231561695807517,-0.0077315212044502535,-0.04625339819747831,-0.022069403741452054,-0.020450730938136152,-0.013447251547082565,0.031260087942675444
2025-01-17,-0.006368815715245182,0.014038520958979598,-0.01888383325763673,-0.02199862465896349,-0.011568592355548196,0.012273179571454507,0.019300782699201102,-0.007432161023651278,-0.011088930013303123,-0.0013623687099659741,-0.012762936438304548
2025-01-20,-0.0103318698438397,0.015158763266317673,-0.015390893362704194,-0.02067907373761374,-0.010983935076184188,-0.00010692380154181391,0.02442249362515192,0.0017220089632671663,-0.017311592189041183,-0.020013919664173197,-0.016132119205029268
2025-01-21,-0.034251888329934796,0.0005910625113341545,-0.02205285295009893,-0.010406808791020062,-0.001058379471550417,0.005695320707281274,-0.0005675202480939596,0.01877254292221227,0.009048924238858117,-0.01415254617567335,-0.02663964337792443
2025-01-22,0.004523122391895427,0.028429737122876754,0.012560045906279519,0.0071195198848240885,0.027334747174440628,-0.037443712649417725,0.03211585721357291,0.009118628273162233,0.03428127322089362,0.07554056842953334,-0.008173093849075937
2025-02-03,0.001751085188348973,0.022219745097756465,0.0018810735815035637,-0.01117970607943668,0.010651846102047873,0.012025885209170528,0.031862688032892314,0.005110642963428207,0.015537973895580549,0.005439584568997488,0.004252713920590433
2025-02-04,-0.0233456646472287,0.0069502839944980774,-0.01741538747945365,-0.01547618605689199,-0.006842168989789702,0.0073746830536362,0.010594762844217306,0.006259855823647594,-0.008354803926395461,-0.015185747439830317,0.018380831627177928
2025-02-05,0.0011375769297781112,-0.00883809436676817,0.006779672324511408,-0.0075001396254066035,-0.009076684833785188,-0.0020536897392091262,-0.0064318322331601285,-0.00258338808702944,-0.008677959494415806,-0.015834272670065493,-0.007502713288632203
2025-02-06,-0.0017726538136825089,0.024465601259385433,0.000993962869033374,-0.02608604919664375,-0.007095124200039901,0.026064061329327787,0.028194412891559256,0.010405094372095266,-0.0085951242000399,-0.013116641441585482,0.028440576241989042
2025-02-07,-0.007740206944600449,-0.027826665666979167,-0.011668129914369519,0.012883999692017907,-0.0025411874011479277,-0.014636193655502885,-0.03294383580726573,-0.0057316914642227355,-0.007727994418722219,0.007342898021671885,-0.027882025368472067
2025-02-10,0.011628695927547417,0.0016927912088432013,0.01166121239164774,-0.01733205334329034,-0.0010616423765193346,0.012577793918412303,0.0026125011374355713,-0.005983582756819965,-0.008433136048507268,-0.017690517366839787,-0.00822540920938987
2025-02-11,-0.005847434556822975,-0.039155315450357296,-0.0009527899263753426,0.005836085153433759,-0.014404355416082803,-0.014141037224308947,-0.05027729522900228,-0.006814691298854295,-0.024260624786444876,-0.013837648624461728,-0.015694847894760226
2025-02-12,0.025963624095290298,-0.04757250870658406,-0.009687508123964274,0.02214118251520681,0.018724607655231783,-0.03744668348169202,-0.03720462311020443,-0.050659439646499514,-0.029379743828786137,-0.02218851723136602,-0.015189603752735247
2025-02-13,0.01568112595328562,-0.043182301676553125,0.03074534633579346,0.0324453763960698,0.020755405497077564,-0.033308263643505,-0.0369127847761123,-0.022707831932224476,-0.0006179680788882601,0.0010869613719030093,0.014375344763597796
2025-02-14,-0.00808428808053123,0.005852285619131731,-0.025621572516197393,-0.020194839935961783,-0.011144164078265448,0.0070003478380782445,0.0004473609521642441,0.0008769498978652979,-0.009058295334534318,-0.005506362800933895,-0.008252520053967349
2025-02-17,-0.0038080639029604165,0.025508502410985585,-0.010257741785953681,-0.01012603930501671,-0.019279442071710378,0.005331811607607798,0.022527194158777058,-0.006369867912504801,-0.025968974596947456,-0.00013975592260275036,-0.019636435307857084
2025-02-18,-0.01776915912272088,-0.014348627885447818,-0.014593075269393487,-0.0029997621525806478,0.009059995844360957,0.0023864147100664352,-0.014388072234469862,-0.006616245665215552,0.0035634702833613483,0.005315461031180111,-0.0027303764428519258
2025-02-19,0.0001464499497799837,-0.010998909867943116,-0.0011269010572118104,0.007984625999706223,0.008929177101969063,-0.011821358511055785,-0.018785206641648605,0.004706766103842408,0.005917579019687687,-0.011700084722936356,0.0058794070113368
2025-02-20,-0.0030513832188643654,-0.005185412838417317,-0.0031574945964870705,0.0013934910881366065,0.0011485362111989725,0.005341572083683391,-0.002858523541269439,0.002058650673916307,-0.005291565329719776,0.00395263370434049,-0.008981070156958683
2025-02-21,-0.013379892353376673,-0.015711575466966443,0.0015378566596954057,-0.0037072862467020778,0.0199245714271749,-0.014485976867003675,-0.00763888896462985,0.004701037466567692,0.01836157488393207,-0.0009021219146435762,0.001948956374639853
2025-02-24,0.0015480161378975078,-0.023214160375186105,0.006688233943275901,-0.01012284313789268,0.02252127864903462,-0.033377176043569975,-0.025632277286661714,0.0139982901857074,0.01987155953095776,0.007164852091832441,-0.004850701310696052
2025-02-25,-0.01008914061165966,0.02405374637869878,-0.01285577633772619,-0.008215465368385206,-0.028823269616557474,0.0123863638067708,0.016637673427964628,0.0007447732791935706,-0.02338971373133563,0.009523420130136476,-0.025302659896779014
2025-02-26,-0.0007882275334192613,-0.00831907907327952,0.021192385504106157,-0.0018809701223356035,0.0025106940724190525,-0.015718679716136035,-0.020992964830499117,0.018575615590031735,0.014692849855267127,-0.0016223964487900294,-0.005163845229733193
2025-02-27,0.005952007835813053,0.00017535760834277124,0.0198210557398771,0.001584584405242684,-0.006015772744973546,-0.010282828209848171,-0.002195718030415423,0.013339161195672671,0.016731819790845315,0.0009853452563443645,0.014093301524755207
2025-03-03,-0.002557951110416925,0.009817061024898498,-0.02631094232410998,-0.009306273130506413,-0.0110413467683462,0.010203338231433202,0.020757087953872894,-0.0016027142793599482,-0.013127194983458322,-0.028854611612515704,-0.027080680767089367
2025-03-04,-0.028713925721442556,-0.04280654109891243,0.007872171909985296,-0.010525036930176413,0.010885071994054418,-0.003491071963546496,-0.03928427374316057,-0.017601286689329643,-0.007661169791859276,-0.02390032718636948,-0.04183007119146974
2025-03-05,-0.003486115900242567,0.010739742240632417,-0.005280656428756345,0.00010685497896297598,-0.017856748670588403,-0.0014963657263586394,0.001174561187457679,0.013232562168160896,-0.0007867807432928755,-0.0004474708064918843,0.008272621880606507
2025-03-06,0.005298985704494538,-0.0052560842203073594,0.00032260549283907305,0.013757493692003558,0.008072870159869822,-0.009551256796272925,-0.009967764467543086,-0.001568152905156624,0.004922088644353591,-0.007503368894351525,0.011535527499769098
2025-03-07,-0.006130514470265705,-0.036999169089031794,-0.009056992990134882,0.02180806579396763,0.03422096659347183,-0.005980864300194002,-0.04049646686955758,0.0004011294683958222,0.014217702432892998,-0.0044953088329966265,0.01559400536452267
2025-03-10,0.000143067532059395,-0.00180966587428405,-0.0007120696446370981,0.009762524596623513,0.001340412054018118,-0.015400994109101295,-0.010300203673531367,-4.0540041967351836e-05,0.00900593379836682,0.0060530157115160944,-0.0034112608867319406
2025-03-11,-0.005038441307259692,0.014719932824287204,-0.014240866161639384,-0.01768354549978826,-0.033831115260230575,0.03728328596077421,0.023707040860179978,-0.0007515861313598198,-0.021315889847893742,-0.021041454082905805,-0.008887836094883052
2025-03-12,-0.008620878625802193,0.021924711212199195,-0.014686413611158518,-0.006847312971604319,-0.01588616692169359,-0.0029808723861799967,0.013416074897748598,0.013957524701538881,-0.0028671617443762143,0.0102144617674911,0.02410784163898845
2025-03-13,-0.016506575760586464,-0.046827978167868954,-0.008860539024054051,0.02170762988169663,0.043851903958532834,-0.021967291849188702,-0.04608676649152166,-0.020506680129218413,0.01601185155212334,-0.03718704460135951,-0.0364699743148639
2025-03-14,-0.016003833120866614,0.0027117033497161547,0.006395146856845329,-0.0054808341528838605,-0.014586287636428191,0.0014473083500002684,0.0038762089537114717,-0.0056233283053296335,-0.02316354729634646,-0.006908920313124038,0.014041008334377283
2025-03-17,-0.010563027064593727,0.007542072931116028,-0.010185764479818584,0.003418820740755094,-0.010247119231729688,0.0001450592881117596,0.01522404220472114,-0.008832767458690993,-0.006881967131969073,0.002849008077115256,-0.0016284289247617684
2025-03-18,0.00018910796527683762,0.007158033367820653,-0.0033224609140419673,-0.005849427545632751,0.0004286071226339396,-0.011852862553509202,-0.0018117993589316095,0.009955442166114584,0.00620597182048305,-0.013128117094857623,-0.007301958913773894
2025-03-19,-0.009128781670326441,0.0072082390582629725,-0.004740753580055284,-0.0044115215288629255,-0.006153339558470608,0.005006916566018963,0.010904833427018793,-0.015241833304674584,-0.005319793353819954,-0.007434908237031207,-0.008475602877300693
2025-03-20,-0.0035022791694916473,0.02678912177070448,-0.010839742376794265,-0.01054121452152949,-0.01434069480158868,0.006122632432543111,0.028980560808327692,0.011411777213242973,-0.0033067023115809216,-0.021871021761661565,-0.008985600776174538
2025-03-21,0.003481298793809656,0.0055026381230421275,-0.001358529266210752,-0.003881249653703316,0.00308588401303452,-0.010459618446505614,0.009367325672889263,-0.0023829194683221977,-0.0003144805104950783,0.003800138365496534,-0.0034664334740719064
2025-03-24,0.009968973938966546,0.03432443455284033,0.010211637310818214,0.004724785812314449,-0.01713593464348767,0.017515981624902255,0.040965949648629915,-0.016352179437643943,-0.019852206593348548,0.009519777436933203,-0.00877089117179035
2025-03-25,-0.008267380247153767,-0.008255796865794899,-0.0031126369794702356,0.0044674452944410605,-0.0038199795981443594,0.0031072763580154246,-0.01394669340374044,0.00417409558694537,-0.0023423541489317728,-0.008348325443368847,0.0045294948325479666
2025-03-26,-0.01351797150170546,-0.01913290859533196,-0.007960818190761413,-0.009384501928435825,0.022791068535769447,-0.025179035552254276,-0.02714094782334109,0.008516231781412142,0.010234309159781243,0.002930559542290806,-0.013500663141747476
2025-03-27,-0.0007472508119776245,0.016698096478237084,-0.028352012606527296,-0.0036000617994778597,0.018251071454872286,-0.016186920966494406,0.02036278837179506,0.0067620156045619835,0.0045045401213870614,0.004494859644462697,-0.0030046238658833907
2025-03-28,-0.006521146000065692,-0.00978222667716503,0.014042423564322924,0.006330816030217227,0.03486207628461308,-0.03451816141358242,-0.02020767058551587,-0.0027590555707057707,0.037812806916921606,0.01068330488085359,-0.029178983827177308
2025-03-31,-0.011942004178399121,0.0038994447842836885,-0.017755555401440627,-0.018657484395486208,-0.018906611535465377,0.021034705205956683,0.011514478959536535,-0.01827875565527378,-0.02065235218485178,-0.016222733040258626,-0.00752199826436896
2025-04-01,-0.008932151360793273,-0.011062337895226499,-0.005264183407848212,-0.01370614458670465,-0.008376365270122976,0.004644518620383195,-0.013926073267576777,0.0034934840719125595,-0.010391159646528703,-0.01585331934661038,-0.003607953025966325
2025-04-02,-0.010829072388365193,0.0010644676074473836,0.014414637179299309,-0.009079404139584536,0.016118898207128154,-0.012559562798847013,0.0002158845633815215,0.014903363769538769,0.009859604910122721,0.014291568545620432,-0.0022964571379481104
2025-04-07,0.02920966371150797,-0.018450776956720046,-0.0017324805067502483,0.015684034092135136,0.07098318678356326,-0.08745519568908164,-0.042730888966182524,0.03300403470579649,0.05852406566177003,0.08501766927380545,0.04374485005050488
2025-04-08,0.036732463732515194,0.029567442714149357,-0.042799470280694536,0.003750714775784823,0.04590940028883945,-0.03153424316744348,0.030320603470774546,0.011139024123447618,-0.002882180258202808,0.024440089234050364,0.04314998456494927
2025-04-09,-0.002964680751741677,-0.0033063716235657153,-0.05392152255534713,-0.02907259895278202,-0.08117281816097724,0.03879769714165528,-0.001202666295323021,-0.03919455372716858,-0.08193272938804635,0.032636971395971104,-0.006173076908938836
2025-04-10,-0.015002779046348029,0.03317598911747038,0.029916768760657932,0.022766147003122784,-0.059143975271098596,0.06597992126241921,0.04815337578197798,-0.01775789027100696,-0.041136937608310435,-0.05973416836053474,0.05142611351274013
2025-04-11,-0.03523159871933173,-0.02542579471888769,0.01632947726163752,-0.03691825670128479,-0.01929818889253105,0.022239799102306772,-0.032513178358690456,0.01051029659511273,-0.028303248378952962,-0.015128883241593437,-0.034645388798084
2025-04-14,0.010398519896111591,-0.0358598616944553,-0.01859700447088625,-0.031623091887720445,-0.007094414652708112,-0.015440685196187222,-0.024251880152087124,-0.01322335745699173,-0.009897481611675288,-0.014442439834894058,-0.035159918558796174
2025-04-15,0.01711166667171423,0.006512218481590077,-0.020454757763733202,0.02029080362912851,0.009988853791828994,-0.002826859716880764,0.0014287377825732035,0.013755029787853201,0.014414055001047182,0.005491498735009679,-0.008491202628354953
2025-04-16,0.003954363914524798,0.005585979563967465,-0.011131228529142636,0.006444852798116474,9.273930050227204e-05,0.00840494661820318,-0.0003825905537421792,-0.0022271383782022282,-0.0015281399906320855,0.01658272568910797,0.012870645969824599
2025-04-17,-0.007493277628217413,0.0058353219989653775,-0.0007948457649393286,-0.0007188599577962467,0.0007190725751202078,0.007418853515330985,0.014278743122739024,-0.0007248999758457573,-0.0013859151482626484,-0.005357773142356022,-0.007343018636025596
2025-04-18,0.000976589527396461,0.013873626821896374,-0.00239241220891836,0.0011304900091007597,-0.0028547775962847934,-0.003972296052059751,0.004904243002904207,0.006032081624660901,-0.0033449846014680564,0.004193417289613277,0.004239526738321049
2025-04-21,0.026543305390222316,-0.023242853192300406,-0.011772195114320674,-0.001934170995196707,0.02167152409428308,-0.017401847451312347,-0.03635805841267455,0.006157159779622223,0.026248179445512637,0.011336557383753372,-0.027733668569403576
2025-04-22,-0.02568910895595299,0.02259514010629482,0.010304229827025568,0.008438890399035375,-0.030480102753448868,0.042386357586566246,0.036046244170949635,-0.020895554543912565,-0.017184961826318425,-0.017175772833271232,-0.00468153872683418
2025-04-23,-0.017393815345449332,0.015044033527133748,-0.02473726850943115,-0.002154521618975335,-0.0028637406808746926,0.0015903071787441627,0.0072284308021614944,0.030242042286902488,-0.010877140298004302,0.010630180393517007,0.017854550886128504
2025-04-24,-0.014314276239679437,0.024225806135380622,0.009533974254156377,0.009483094889813526,0.0012141515167791925,0.02085495298446931,0.034899388197767424,-0.027123164424753654,1.481970643984424e-05,-0.006892675807092542,0.01652030127556072
2025-04-25,-0.0054933460049111146,-0.0017757678242924049,0.010468775199991207,0.0020346840705531017,-0.006148552906829732,0.02632483322492361,-0.006369543338091532,0.0028354003955102978,0.013122949747902337,0.004259120415446665,-0.014343962345418437
2025-04-28,-0.0036897347565580697,-0.01122180727267258,0.0043039554104984164,-0.009389557696655707,-0.00970967815749087,-0.016024741325247782,-0.0054321619396655585,-0.0022981880212149895,-0.020563864574255925,-0.01909988674608026,-0.003871231204966228
2025-04-29,0.0035277926419054716,0.012048496305047155,-0.005439154126398194,-0.007996971261920725,-0.007275773078655149,-0.019907827888890006,0.005102531339962172,0.004125205825673032,-0.020190867752497406,-0.017631839150841513,-0.006318199552838278
2025-04-30,-0.012049308087598073,-0.01135656232911747,-0.007338628835903829,0.016629828538353014,-0.0019207650866427776,0.04702955094223057,-0.0067643183246247265,-0.025369526862791814,0.00990983514344382,-0.006862646162431859,-0.02994516521121686
2025-05-02,-0.020861452995677217,-0.038649121761384166,-0.011752539807377392,-0.020164396021277325,-0.028209339231042803,-0.007815145074768114,-0.036041050492859994,0.004135641756078131,-0.03180736962182121,-0.054286869583157066,-0.048498229618191245
2025-05-05,0.015283530047443736,-0.00576164001995616,-0.004676722879790499,0.005770422351984976,0.016994086648238222,-0.012003990869908315,-0.030239764034258786,0.02446750964664235,0.006028478326252216,-0.00048703578968677195,-0.02224159283844587
2025-05-06,0.002094043183135259,-0.009267795652238323,0.0010816821903205784,-0.002854623293454224,-0.0013570247874272732,0.003673367366082518,0.0031179047142649297,-0.021887355743571778,0.009796592205189834,-0.0017803578047035327,0.004759558530188533
2025-05-07,0.010966511499949328,0.013435838386554691,-0.011843511465389436,-0.007714623644275432,-0.012487480210782219,0.016003020732826195,0.02358135806420908,0.012337074742251247,-0.01223115381997993,0.006923903703220699,-0.016113560691561165
2025-05-08,-0.002325357506064575,0.01054858881515493,0.0014194942188062564,0.005337516299995979,0.0002566772035953301,0.01321183934884958,0.01773598074603744,-0.015590973309136242,0.009104267139689537,0.0072526646545823656,-0.001013405312401375
2025-05-09,-0.005009086714502662,-0.009331197372675145,0.0018566169645917955,0.013218775114871807,0.004328001372390581,-0.011002701923377415,-0.005670428982975391,-0.012384416234252201,-0.0010265335064514767,-0.010277498786485647,0.0002597617482591871
2025-05-12,-0.03694186993473134,0.029606587402314248,-0.03731217069268784,0.009546456935447903,-0.007737750627374019,0.005248321731380771,0.030742094444550748,-0.001185264101832913,-0.037550457592592165,-0.03779981735759946,-0.0029936254299958048
2025-05-13,-0.01263624672541662,-0.005008308286295763,0.008128104069776557,0.02013683434716192,0.03076551729760438,0.017922211056492297,0.000511639703714855,-0.022423744898215987,0.0005464537069294626,0.014050741616015248,-0.003618426787684587
2025-05-14,0.0007845510325499606,-0.0034943324278850964,0.002077133743962692,-0.010298893050851445,-0.007616623945611445,-0.0062362926806754735,0.010797399611032155,-0.0072899886177238415,-0.019434782269838576,-0.01755857809554211,0.00020543666189425797
2025-05-15,-0.026516602433461586,0.005048710078021832,-0.006298967516139948,-0.012049495588915233,-0.011029547268722645,-0.014580331512260986,-0.0005167437169871225,-0.0067413449353701345,-0.013799495588915231,-0.015460018507642961,-0.011449692204943265
2025-05-16,0.014125731272540347,-0.017618828753737492,0.004183372319037236,-0.0027260720582680904,-0.007503053034163608,-0.015171237314630104,-0.026346660672128968,-0.0038717484656677517,-0.0011176099034921495,-0.01538264675980909,0.00029955774288327464
2025-05-19,0.0009995390214346386,-0.009184691658275596,-0.0039343979706809185,-0.005473033718730823,-0.011954615048227275,-0.010705082778879013,-0.008175096175749574,0.010663269198062653,-0.007280575603176131,-0.007965288745727538,0.00885400465389026
2025-05-20,-0.01196598831001713,0.026946330872087226,-0.035643842258442915,-0.015696778398714556,0.003203837079412141,0.022870273853270524,0.023210571585315625,-0.0023327983249794935,-8.331278938370715e-05,-0.004156348830477226,-0.018058096940787218
2025-05-21,0.00825786438159877,0.01811491200042361,0.0015150674613459928,-0.01056061570526488,-0.007184513984680358,0.0029627912413455557,0.017557830479501085,-0.005525841884889268,-0.007012899766407583,-0.001452386593907301,-0.0099976576871761
2025-05-22,0.002574235585712824,-0.00934585718360754,-0.02827266409272244,0.017537304318935104,-0.007671154818661355,-0.01269122600457152,-0.004093988293501161,-0.009850355044961345,-0.0007279356059920086,0.006938741218629737,-0.00787217740646979
2025-05-23,-0.016963939420197395,-0.00951303540959549,-0.01033875591244032,-0.023783346581616856,-0.0017486905922861314,0.01007537732587265,-0.00593379825298442,0.009588363396417868,-0.006805660523530358,-0.020708681067743526,-0.02475004836931522
2025-05-26,-0.011709588785840188,0.008770746080721944,-0.0062467948122835616,0.0003911037312505361,5.4716291733027935e-05,0.007633407957124101,0.008287722524468577,0.005286917492087467,-0.005249328818088704,-0.016080393030084246,-0.006490059135265892
2025-05-27,-0.005858549434254702,0.0011669656591951627,-0.0007369840513928088,-0.011405606161157293,-0.003224662245781865,0.008430766462819483,-0.0012055381645308025,-0.005221842613567099,-0.005689650047125229,-0.000885631991240558,-0.0010973927529945278
2025-05-28,-0.02073493775168216,0.024396616263529364,0.005366963666246091,-0.004332121126612373,0.01152451339137551,0.025628569317600675,0.01675586701006136,0.01638860716515922,0.010492041130205614,-0.00951536213607168,-0.02716086141453277
2025-05-29,0.014564732707230708,0.017971501310448695,-0.009374761504474062,0.04674974816120801,0.005274754723069959,0.005082399428353016,0.02621339913327577,-0.014861847294241615,0.007078277565323969,0.01247733930960874,0.013954240016869143
2025-06-02,-0.015710365025375574,-0.0010088865926658475,-0.02315047163286703,0.04000545399968461,0.0021265577798848167,-0.0009715784942492811,0.0038744222815973632,-0.012744984111265512,0.0057482961171245114,0.02362426010207904,0.004070580529668322
2025-06-03,-0.01079154588875049,-0.00026179357759763787,0.0021061594372941625,0.02135997285020247,0.00032717735390368034,0.020855210972991988,0.013494904689535441,-0.015827941451414973,0.011065547258511584,0.002129534741789239,-0.0038818507543856924
2025-06-04,0.0013691981088835526,-0.023586112856042025,0.002953160298576973,0.002419043456228279,-0.011567244194679516,0.00028958878435483837,-0.0259389885315288,-0.001742557771384638,-0.003158892898296615,-0.008712986177943942,0.002383255409857386
2025-06-05,-0.015272204093376658,-0.012872869646256446,0.015427544830325095,-0.009017168389033678,-0.017712652974252348,-0.02231647276678852,-0.005529337935189987,-0.003491604661872705,-0.02007075726108017,-0.009008658613216109,-0.013269306978231577
2025-06-06,0.0036859506860084023,0.008429962453410777,-0.0036019144749680175,0.013986666132132878,0.011827137627018175,0.002513170414225746,0.009819451073335927,-0.013279984339561401,0.003574546481684326,0.0021854256828707595,0.008119720212634652
2025-06-09,-0.0036804661982540424,0.017713684242124383,0.017824187838296854,-0.017372734239566395,-0.01138819061012287,0.02885499870843385,0.02970233156451907,-0.0191497628916405,-0.018795800892225684,-0.02886432144725909,-0.013945439195809036
2025-06-10,-0.019015130412940014,-0.003363544891013278,-0.015160866717056128,0.014926718313425819,0.020265633210204043,-0.006610711114443816,-0.0037452088763706244,-0.014311463765939466,0.017825777839684448,0.02098442730126289,0.020607969892403148
2025-06-11,0.01869328755473346,-0.016514077416244582,-0.004797254290374926,-0.012706457978953431,-0.0032888964966386698,-0.0068851688845604775,-0.01656054529827124,-0.0030226680012932494,-0.00016414420889537557,-0.0010663863506076648,-0.025583270157160106
2025-06-12,-0.007850884511042105,-0.021800021234324396,-0.01382693209358958,-0.0045134344769555594,-0.01035198199659254,-0.01619789252295728,-0.01904938011807522,-0.008076529549417325,-0.014786649918358825,0.016176156734286917,-0.0181435322322091
2025-06-13,0.00023618691045137336,-0.010158492897167757,-0.0020830484852294683,-0.01151014459193662,-0.018452240306926722,0.003123495328899245,-0.016866985371698635,-0.008190741467813697,-0.011670111568149092,-0.01874489802744589,0.002243373614261305
2025-06-16,0.0012215045746024455,0.04199715994056389,-0.004016684950782647,-0.005801430689656152,0.005267121555995152,0.030296770589000026,0.04987353744344928,0.0025603495907747607,0.0005006619536048855,0.000955939599203781,-0.04203672768071667
2025-06-17,-0.003654215144556935,0.006087262378150687,-0.020012675665165278,0.008203962618138914,0.020489604790494182,-0.003083634430916915,0.01577647186421945,-0.007232282919842996,0.006376835203536676,0.001362025589421955,-0.013907017865375782
2025-06-18,0.003442930340058532,0.006669156462294785,0.010995293862095462,0.007981634830749875,0.011574054254344001,0.016447829664858755,0.0031698745705607094,0.005666620570083214,0.011156450847372018,0.0033968674095158575,-0.019577769238146588
2025-06-19,0.0028989950794609835,0.0037532837720455348,0.008273246651847452,0.011777811301152871,0.018973429856000396,0.010954127103946915,0.0211215159714932,-0.026845212429290832,0.025255481665962105,0.00045787275818549855,0.0004095048934472231
2025-06-20,-0.008472633426837125,-0.02664120477939235,-0.009021047977186452,-0.012321974756950202,-0.011439397125735457,-0.022409526707915274,-0.017608206983037,-0.002456476761272067,-0.010404158450939496,-0.0035284780653973254,0.009386638400247619
2025-06-23,-0.002658366779082772,0.023456774576827582,0.013198562087915065,-0.00561310789146549,0.009469082177994534,0.03517188314625811,0.002700301078590168,0.005773118252197212,-0.0003375738611093304,0.00045318051727836085,0.020559961232896832
2025-06-24,-0.009014319585116252,0.015197938761638097,0.009382880227773303,-0.009884001038754909,0.007663327847507506,0.016758714306451594,0.019802585705169167,0.007000313452016978,0.0032541287066862254,-0.007381727609728176,-0.00039149342601019904
2025-06-25,-0.002872386455717687,-0.013583270911811957,-0.007758064886368106,-0.015240063350196061,-0.023296102244285365,-0.01493250252092108,-0.016696328254442578,0.011265216614421592,-0.023796122589266007,-0.01442280955381241,0.005289205638649801
2025-06-26,-0.010960092815894336,0.008510104639386876,-0.015759791970406403,0.001358975911861249,-0.00012907829047033764,-0.0028454488385088648,0.0062344994821667,0.0006271243557284993,-0.003895969978919055,0.0012296808687362248,-0.0011195480502732445
2025-06-27,-0.0017430227024362649,-0.0011717327453824762,-0.013965395706487431,-0.01042072882295646,-0.009316996201314263,-0.0013756036683012594,-0.004369852003986079,-0.004999116473975515,-0.006606426879677144,0.0012531933763051967,-0.00766784767242583
2025-06-30,-0.023920638817631654,0.005144917296344715,-0.0018956179504054146,0.012473453670173749,-0.0022859014761229075,0.00922433630180769,0.007409732119791124,0.009899848339553263,0.007882594776043762,-0.0027629854878645187,0.002101941435727564
2025-07-01,0.006675098341871092,-0.007817806890386313,0.0024217454671313877,-0.0065358331405593675,-0.012314623624015308,-0.0030652105262675977,-0.0014514400414041475,-0.011914180005584252,-0.007317775489795154,-0.013193931816804956,-0.004947408673460614
2025-07-02,-0.00480900626096908,-0.011426652030088285,0.011700213124530422,0.02731844821661007,0.010269453435754696,0.017983965292583132,-0.0187542829190633,0.018213183413559153,0.005952108598591706,-0.00979587170097164,0.0015739838570158612
2025-07-03,0.007779036932669733,0.00706494458700857,0.004123593584840356,0.014622691601562508,-0.0010363027659910078,0.01093728831242849,0.008157675170865778,-0.0035758540298612513,-0.007700488838415035,-0.006171135240934688,-0.0009081521184724211
2025-07-04,-0.010650295555701727,0.013095038343390337,-0.016668119956526013,-0.010323529737955084,-0.009451037111757625,-0.002919830865279166,0.014571700397407888,0.007429291471331015,0.011095200065720819,-0.004688498808535148,-0.015121549686557477
2025-07-07,0.014102186862116055,0.010430597223231603,0.006599477842086268,-0.0022691189428398753,0.005614952215961414,0.007590422553553966,0.00997099257917126,-0.005039067700667477,-0.0010884383033092425,-0.0014243083985264453,0.011401811483736639
2025-07-08,-0.015036947450018006,0.03493351072014424,0.013685399440169152,0.02436296985724936,0.015728131592818956,0.017344893235833502,0.04730479951680918,0.002792384421322088,0.003939189097324207,-0.029121920142099418,-0.004340685919794722
2025-07-09,-0.010980618184210787,0.011795697608616457,0.020397144077040616,0.027215820248388832,0.014807034791032379,0.008092145509929927,0.019207946571001184,-0.00492001955688363,0.027771432788724414,0.024484137861528536,0.012902861615515796
2025-07-10,-0.007033592390696226,0.02042593503729122,0.008952854920475505,0.005159918072841266,0.012069022070610655,0.007964327656914535,0.02254879095998715,0.004305603458458632,0.01395024593888118,0.009695976218435147,0.013402569304856869
2025-07-11,-0.0027253493716588185,-0.033539658835156305,-0.009047577893170025,-0.0151340948133055,-0.043279726605146576,-0.031471763230309646,-0.04090518346183862,-0.013943971605195449,-0.04008063724886957,-0.010731572565077709,-0.03576321781702888
2025-07-14,-0.0068495972104520445,-0.0055898253697993505,-0.015482503713543674,0.011600465394669088,0.015068069852127452,0.003246107232893455,-0.0011833601737298496,-0.019693346904548194,0.004895678113559657,0.007287214328765862,0.007966200860520942
2025-07-15,-0.018011336208770753,0.012625847741915006,-0.003353432145275713,-0.002040579894387559,0.009354926589636419,0.01652331540785363,0.020043133553995156,-0.0045980535530356454,0.0029917289727829297,-0.0048602073774735455,-0.006929342350599736
2025-07-16,-0.03415586424431865,-0.05415129808276107,-0.035855892715357204,-0.002121665036840728,-0.02988027497256741,-0.027113729128543613,-0.055216983418547104,-0.011836158070708053,-0.039911353083912304,0.022234501860949555,0.017541754274630825
2025-07-17,-0.013446577225166009,0.006243628386878013,0.008379289336300503,0.005399565837063165,0.01173254597612052,0.010787641064868958,0.011604213722700558,-0.016909756421728057,0.013502088723715593,-0.007511982486030555,0.013832938517901253
2025-07-18,0.00032735144890354154,-0.00701867614369613,0.0017555015529517916,0.010144546987226492,0.007346241277104383,0.0013765983983992092,-0.005748418374633654,0.002760759730310647,-0.002588692888669676,-0.005661752226014067,0.007085877661324793
2025-07-21,-0.008307247129200154,-0.005684143930540916,-0.010918204360047604,0.013172267464032078,0.0012768190372590236,-0.01388121943888133,-0.004801277426569883,0.0050673325602277695,-0.006380162548734782,-0.0020514722393079124,-0.005251608088483311
2025-07-22,-0.019621475603189723,-0.03076043964397046,0.0007118290032153002,0.007304068277594611,0.004264528296214571,-0.024924058553608037,-0.050033472760244314,0.017528066587652453,0.0005207806803948784,0.001038441646996775,0.027608776919711375
2025-07-23,-0.005011884697803481,-0.006652227082198536,-0.005720277307656653,-0.002236086688393285,-0.009359852404415123,0.015442171266957471,-9.72818981140507e-05,0.002949243829806677,-0.008550254637750727,0.006597918357270722,0.0023954727990933315
2025-07-24,0.005527694436269263,-0.0028654654212795228,-0.0004940305486892181,0.011178116313259056,0.012222425370348733,-0.0016408102937457611,-0.012435999951372864,0.0031026675832751907,0.011472425370348734,-0.0010531675948123858,0.011060912041792265
2025-07-25,0.04196178023099559,-0.03987529035565506,0.007210936341928529,-0.0013341434904761494,0.026983145705731876,-0.002211257666205798,-0.04622738250976721,-0.012267305458832867,0.03285191869029525,0.04214171189947785,0.045288694727712
2025-07-28,0.0037034903173541775,0.0086667473226008,-0.007490807180587047,-0.014640194654566016,-0.006420950113275082,-0.002486868468709297,0.005547871861173486,0.00820515107759125,-0.00616985939711484,-0.0038481125277436655,-0.014879498355628247
2025-07-29,-0.021421445265441545,-0.06291142401820032,0.03708214244439764,0.03345968653130532,0.05908873086307309,-0.022232050512556535,-0.05382803272121939,-0.016001027636656194,0.02668017354798566,-0.010961693491329654,0.049114529747241405
2025-07-30,0.008159733640699239,-0.021359550004768503,0.02515033325435895,-0.0033139474638058386,0.040171936498275634,0.025402417740772128,-0.01494629465391519,-0.013085753580092008,0.049734751838662467,-0.018781462323903764,-0.001855667356148799
2025-07-31,-0.047006222807989766,0.05912871648008976,-0.03312292815717142,-0.08678577771769716,-0.05796414042756143,0.008821369965749799,0.04414368253726879,0.037982772676273514,-0.06210948232835459,0.022296290020448476,-0.12705755274782238
2025-08-05,-0.016888147503259215,-0.02270098770995268,-0.012122439718031962,0.010435550903812717,0.0011722292972887755,-0.018298326680804528,-0.03045120371574985,0.005850325855190112,-0.0008072090606209255,0.003506661182053059,0.02298629242410745
2025-08-06,-0.010182518341360107,0.030040429060942897,0.010630069935773166,0.0010387358162200142,0.011651242588472601,0.022606902714870748,0.040778604720639065,-0.004882936628692139,0.008790147859620689,-0.02100437961887074,-0.031001125968395035
2025-08-07,-0.0019843750003807766,0.003043929519849284,0.0046575941368369655,0.005713221595294184,0.007198340856376653,0.006803851331882003,0.005716785190124399,-0.003049949268944881,0.013429059381114411,0.008196537555561021,0.014911213584283028
2025-08-08,-0.021201553812909238,-0.030173283079979445,-0.0035226458055706176,0.03123647016742511,0.0315502945789437,-0.009292713075472617,-0.03511797134831981,-0.0033628089451344465,0.0007387897878770135,-0.003229376946274395,-0.026857016813017696
2025-08-11,-0.005668207440149327,-0.02711539581292205,-0.009091302803747967,-0.014679403580013507,0.005567943650611898,-0.017063910171286705,-0.02454085493024331,-0.006310839265407689,-0.007908211490900308,-0.014838829374564745,-0.025638825101797644
2025-08-12,-0.0056703078121249795,0.004749338897750791,6.228129992717595e-05,0.015792267412904626,0.02192154097841792,0.00567259017565102,0.003283676691035983,0.005231367194501161,0.02092926394793268,0.014372151547083597,0.013833635545093717
2025-08-13,-0.010512993295229547,-0.00022872173055050538,0.010609681783595396,-0.009811817336495665,-0.010248144804774234,-0.020722615469184823,0.00014092080541044938,0.010733240796574228,-0.009498144804774233,-0.010757327648541544,-0.013990348720300552
2025-08-14,-0.01811906142486567,-0.026124097567291654,0.01857052652664211,0.02293481124016779,0.031930526114960764,-0.002057333580378221,-0.02937945999197576,0.006083861724203351,0.031361390286604576,-0.003790665298810286,0.015623476316641615
2025-08-15,-0.018396610744417265,-0.007572688933217914,0.00213272418627944,0.0020144856695777673,0.029374905055797325,-0.0031490548018682043,-0.013490378582164137,0.001270891825725225,0.008719669312480695,-0.008451857134324555,-0.009965595921889833
2025-08-18,0.0011252175453860024,0.03264359773908545,-0.0020340088714165417,-0.009372750858960542,-0.0453523441206399,0.00027312798642194734,0.03970423097735726,-0.0017764112375376526,-0.022719694938668534,-0.0032046983390073705,-0.013733576658182076
2025-08-19,-0.0027788082052788224,-4.926558969852238e-05,-0.00018487973617901943,-0.017502156515385427,-0.03219768023984491,-0.027468338122103676,-0.0030492789991541924,0.013496089720719601,-0.03860136330673076,-0.005643753705525729,0.01836995898999781
2025-08-20,0.009561473425376759,-0.03641410376054558,-0.037312400297238216,0.0029014951980200045,0.034244542444276584,-0.012102177862879926,-0.05205010130340767,-0.007955051571403565,0.020380351696558125,0.00917685444459606,0.0011623938503090327
2025-08-21,-0.009565634371536649,0.0006084396394723246,-0.007984693775159271,-0.009954665022031996,-0.0007843601674479459,0.011083133812879334,0.0007160888995859649,0.003536462415600017,-0.0152874279603285,-0.01715086994056982,-0.002536824061350683
2025-08-22,-0.010197243066271403,0.01766161076368015,-0.023729458055582988,-0.008657322387282902,0.00863317117169506,0.01934269567702814,0.024924937049712066,0.005908592081720676,-0.013129055460021778,-0.004648492664388565,-0.027610627272517153
2025-08-25,-0.03914179206799057,-0.015754131584959707,-0.012542275083337159,-0.007003645515660832,0.016386902027727718,0.012739420341799368,-0.017517057175655066,-0.034918194735785404,-0.0043868287956463255,0.002367257073037931,-0.04228066162140029
2025-08-26,-0.0012461638851589728,0.003194629070677505,-0.01738674570816716,-0.01563794635156246,0.01812678067413982,0.03560503812961427,0.014623363769610412,0.006502885884260271,0.009886635866599464,-0.003431837428012099,0.007137571133001576
2025-08-27,-0.006626177534804726,0.014791821918678616,-0.009207949788789848,-0.0007358345863527254,-0.017499461930004744,-0.007084469793342207,0.012048814378231909,0.018674432902569166,-0.018770556358405806,-0.01793264380520287,0.008561217760930028
2025-08-28,-0.006844249529774745,-0.0031031960229777706,0.0025281214561459157,-0.0036417939927587475,-0.0011291555266229503,0.005158551173182266,-0.0007788728313498821,-0.004526885811479605,-0.0018791555266229503,0.006604124766339574,-0.001012436990948909
2025-08-29,0.012610790296740053,0.010170913170799064,0.006255064684091284,-0.0062125187138903255,-0.029268250765769194,-0.021031064830514024,0.007681170008635682,-0.0023122660747896817,-0.032873630975607304,-0.00962304587153396,0.0058524076278653305
2025-09-01,-0.01630982770371767,0.024312262851434712,-0.019392144112047247,-0.0035040157404756783,-0.013732601924236015,-0.009199516552428556,0.028035393548462073,0.002535275229963052,-0.02650695830804174,-0.005602475082867104,0.016339782170385314
2025-09-02,0.0005068966908251113,0.015292886850216495,-0.001988049480931024,-0.0007677713381215943,-0.006083153700771003,0.0024750388744091225,0.021775769062881735,0.0004630063387553265,-0.003779008311224018,-0.00025351384925278476,-0.0030365393553871195
2025-09-03,-0.013794928427376594,-0.004565775104234902,-0.007499716954264043,0.0065440447669503935,-0.004019652131436254,0.0009638731341951035,-0.007151068940191204,-0.005969271869038506,0.0008646527882764316,0.008877402926550142,-0.006472554200613246
2025-09-04,0.01707166672529196,0.03012823700725618,0.033901903684390375,-0.014850112088041737,0.03102116047720164,0.02790075250784556,0.03571142126381577,-0.0003496474848243185,0.03363053383554921,0.012880121029715903,0.025420329920963467
2025-09-05,0.0024521546137748883,0.001236309631017572,-0.009652292246982271,0.002456596162460828,-0.008268763446674134,0.005588961179124404,-0.005662590716957701,0.0016844366637491408,-0.012778099833312313,0.0010931195809447168,-0.0036991153844143144
2025-09-08,0.02500522009269319,0.020909793504183104,0.04710973952765245,0.008994782185464357,0.041086006685237146,0.033785803859954194,0.027963369822746498,-0.002223907622182257,0.043580634703280184,0.01810220193118198,0.03596108320466568
2025-09-09,-0.00903788054071272,0.010878302160347585,-0.019149949044349086,-0.005664860015652378,0.009369266443043898,0.036860428903451085,0.010979513055000629,-0.003139863267157446,0.017415108769324655,0.016112298213077834,0.006737286300596987
2025-09-10,-0.001863624766571848,0.022406979918810827,0.02086888668086248,0.003256268502780722,0.020219884084094197,0.010396187606525489,0.025041990265124953,-0.0028493058721774656,0.018192321076381135,0.013115256139771068,0.009060398521015036
2025-09-11,0.0047233576593132915,0.014300581070427826,0.0005977500589721355,0.010211754609716784,0.002967250088558555,-0.00043172494126693904,0.004442286264920751,0.017171928245367174,0.004100537698195657,0.007392580395263307,0.004129044651146952
2025-09-12,-0.004381990864358714,-0.0011628862571675114,-0.006565825491950382,-0.00024518866883084045,-0.0005278361622746044,-0.0019746830322844174,0.00018554803510143847,-0.005437354859592976,-0.001100580732414859,0.00020448800045706587,-8.295546875248454e-05
2025-09-15,0.0021263982046472113,0.024565912752294104,-0.003344635319651776,0.011937055884441383,0.017559523457945536,0.016109847085671813,0.040286489976680016,-0.012528723185546042,0.014336163856727497,-0.002886382840715524,0.009356458866235855
2025-09-16,-0.005785191050009414,-0.0185299053305858,-0.005832761133651523,-0.009852951654527736,-0.01608278227807435,-0.010340895414054429,-0.02476084877551088,-0.00014221417760222166,-0.01649943877221498,-0.013859559164083515,-0.008159811252145236
2025-09-17,-0.011359555178046273,0.009842965498167554,-0.004149908604326342,-0.0009785895058822807,0.0306065190294251,-0.003192698044536831,0.015853143804659818,-0.0028853173111808754,0.02977227404468083,0.01391930127577438,0.0005347781674201408
2025-09-18,0.022619107203783455,-0.05221266298097908,0.004982484896161704,-0.044460511003734826,-0.04398585364708461,-0.021502151360211202,-0.062419373082243046,-0.02545216085370385,-0.02870880008642106,-0.014065397427080625,-0.02026720406091699
2025-09-19,0.028680380191178845,-0.007486610445012846,-0.012809582046691494,-0.018768539231000393,-0.006294810997264282,0.010442968148280182,-0.016076263161281395,0.0005403649615658788,0.003054564136778749,0.001037473188802783,-0.0059470616298791575
2025-09-22,-0.0015763218271395117,0.006254743731290267,0.0021690579234843977,0.004390784532119471,0.016590641201062635,0.006909079750047778,0.012869650174048897,-0.021992224786204884,0.009699477345807304,0.015250282176449529,-0.004872258821036596
2025-09-23,-0.009895787680445998,0.00936860582004187,-0.00615468083052428,0.003981430714702999,0.019444356031230358,0.0022852819495781567,0.0005593610875863804,0.004415667303817391,0.008421531594657954,-0.013212018202297001,-0.02482081026876121
2025-09-24,0.003744352651687741,-0.03125832701173714,-0.009003769307240428,-0.013912851264225522,-0.03855916930163802,-0.023440594520541085,-0.03896091486781942,0.0118979118615646,-0.003463141518177948,0.03203554236069743,0.01364222198806443
2025-09-25,-0.0026829800307432384,-0.00576705140501399,0.01074844558079567,-0.003540461993361498,0.0014284425904936213,-0.004774862882577104,-0.005707486387242833,-0.004059402281138195,-0.010979045300261066,-0.01900829478611879,-0.003924483289881898
2025-09-26,-0.015332813144787476,0.004475406750173207,-0.009400154291078246,0.008545522273315315,-0.004315585249811884,0.005016411445640143,5.610144472408462e-05,-0.007371284478232191,0.0018931789251649045,-0.012525070599534496,-0.013151599318924007
2025-09-30,-0.010362570375173099,-0.004936613343072799,-0.013868586237036497,-0.0023789105665077315,0.007472700654695326,0.009940077563071617,-0.0019710206873123637,-0.003167011513200646,-0.0022402047444546663,0.0026811031420320725,0.003230980407120383
2025-10-01,0.0035526409502874765,0.023848814486638326,-0.016681803654368228,-0.00047461668983616147,0.03392882921367017,0.022799430989085635,0.033815431554096345,-0.005296277353619205,0.006672293679686286,0.0010114812192266016,0.0072515553553912674
2025-10-02,0.01004597872119982,0.03380665749282076,-0.019263882502067665,-0.004469664961733204,0.028685373492325132,0.02189390564783079,0.0485887429044997,-0.01088325452440129,0.030955184676825866,0.009358914019316242,0.009022366699610542
2025-10-03,-0.0036661001396141113,-0.026359025108302923,0.0031993172380950265,0.012309807466033043,0.016117554921057577,-0.011128276711106425,-0.037509669078812334,-0.01732836696997923,0.02912623028531134,-0.005626410293258311,-0.0043722018270173435
2025-10-07,-0.027078381688062172,-0.02127995662042394,-0.03282385715317663,-0.011051030312386594,-0.030373757710302596,-0.02158047271953813,-0.028615041063341746,-0.009174995570601493,-0.0197459589438497,0.009908459732202987,0.013101819116903002
2025-10-08,-0.009994218616318249,0.0015730426299612743,-0.0033384650247540873,-0.0006564363420840549,-0.0006698062202670761,0.011640458748187737,0.001965163926482308,-0.012799967270810342,8.019377973292395e-05,-0.0011197244565805471,0.001845308413887214
2025-10-09,-0.017730432824660948,9.806099197795515e-05,-0.028942557494046436,-0.005632953735830809,0.010187987680235941,-0.003851616197755193,0.004025771039303794,0.008474971022314445,0.010187987680235941,-0.007614208680712106,-0.0034964599611944525
2025-10-13,-0.00509405350623514,0.01692080999601021,0.014486767618691724,-0.0073366736960470864,-0.01641805864720274,0.0157320176413696,0.020672610459831153,0.0046449721418295176,-0.009933965318796506,-0.037294459087890114,-0.014321981698872412
2025-10-14,-0.0014437246271498446,0.00874848270938928,0.0013009574963885832,0.020793278822307942,0.018530861502811302,0.02336629000083751,0.015643032892403912,-0.012837101197118117,0.019530861502811303,-0.01039744342506493,-0.00446630727779275
2025-10-15,-0.02947599381931905,-0.009586213702911425,-0.013515624748665165,0.00293915126044243,-0.013562549916444178,-0.014973767006323671,-0.013519319876157287,-0.004525824245339427,-0.013562549916444178,-0.0033031266032193304,-0.014775202870520381
2025-10-16,-0.0269475823095885,-0.02592082632372879,-0.008951941149049382,-0.012930408267384896,-0.018422340921088735,-0.03469965106900438,-0.03531604978230883,-0.00034816177830539717,-0.025959410957821623,-0.01832418604439581,-0.006352122712206575
2025-10-17,0.005876299948708903,0.005911741301760411,0.0019254933325754254,0.0077353555370212055,0.011684088325256102,0.005723961101145249,0.012976243177325894,-0.01987555271949132,0.008973898617594726,-0.011168611652032485,0.009412731753303746
2025-10-20,-0.004722926043179464,0.010369302053971649,-0.00939123748015442,0.0017176454622623016,-0.008706522735128182,0.017731972979497385,0.007281600270880835,0.008549621080282807,-0.0011083998321468514,-0.007341654565111846,-0.003746615509109333
2025-10-21,-0.006254164582337812,-0.014996429388716925,0.0031769038472437526,-0.00034107149488056846,-0.0033702749364772615,-0.010477742352041075,-0.025682328929402233,0.00722342256181574,-0.0023702749364772615,-0.004318242297840157,-0.0010663536793941212
2025-10-22,-0.002173111214897102,-0.03813614882019047,-0.011983272496260055,0.02284709068633836,0.006457481959952153,-0.021524685813936,-0.050917655352407665,-0.005022161786463715,-0.008304331319457493,0.0028789353616581704,-0.004707576074080756
2025-10-23,-0.03407585702086131,0.02212436392230121,-0.03796488676360769,-0.0046315564879655475,0.01729470311247451,0.010866520803712438,0.035537401006001855,-0.007961147484883174,0.020948142018304576,0.015128976987321466,-0.04110752972077589
2025-10-27,-0.0006100340768502837,4.37505847198285e-05,-0.0064006391206675615,-0.005648095954002848,0.004935198013575828,-0.008988769584098713,0.0013411829988631743,-0.0018885526187869353,0.0009398792921521326,-0.009667671276551942,-0.01359973998500465
2025-10-28,-0.0014560405181828651,0.012206962516882183,0.0010666998013693415,-0.0037543377027723355,0.012265562760640699,0.02000244989229319,0.013254136541047179,-0.00454019268714706,0.0003808601803738105,0.015024906356405434,-0.006074288280165759
2025-10-29,-0.028134442823301145,-0.004620962049314947,-0.0011839057084872115,0.002253964730431879,-0.006761882800735843,-0.0021975348060203443,0.0012104996904368135,-0.0100656790515945,-0.012644229319747964,-0.016912968562655256,-0.0003940853473270124
2025-10-30,-0.008987372278353384,0.014666950958646766,-0.002595268390713977,-0.01739167623923743,-0.007734424076998507,0.0021491731395066518,0.01748857776118305,0.0015807676797713515,-0.0055819919166086845,-0.008149144554795677,-0.00025570997372154503
2025-10-31,0.014320355541108623,0.01516302809571187,0.014213044799060218,-0.01561848905041931,-0.0074259887402014215,0.008619058087100867,0.01018666353527207,-0.007880012447625873,-0.00823386453166457,-0.013549399887565516,0.012507560805274834
2025-11-03,0.012307722555842046,0.006454012745153624,0.0028804683049097903,-0.008593601235157379,-0.014044260442668127,0.005049256608891643,-1.7320756245942093e-07,0.0036049876608103735,-0.00972734986327256,-0.0002877827988140265,0.004064368380643043
2025-11-04,-0.015522033527474836,-0.0022869114227427045,-0.010658003994882332,0.008716799678374049,-0.016826115647924113,-0.01490037057131018,-0.003462274662417386,0.0160577093267207,-0.012357421350436585,-0.00931397742265467,0.004521942996270107
2025-11-05,0.02395771804650347,-0.03038900473242767,-0.009412560903375266,-0.023736967597218783,0.025126693649958287,-0.005425382481134916,-0.043850479677791335,0.01286991360624353,-0.00019863510746543538,0.012026486333806099,-0.03786925888930237
2025-11-06,0.004324378822060699,-0.03377740282406763,0.012384064059238555,-0.009960544159324968,0.007979285267489887,-0.026588485780546484,-0.04667030267464247,-0.006421749394659153,-0.006256969534713254,-0.023707148374982268,-0.005441016804308435
2025-11-07,-0.0031087964388979107,-0.012450488180826558,0.014593019088054398,0.001223958199916813,0.014855433205051654,-0.007147221647378872,-0.020435960075517606,-0.00630345947803268,0.02000941650543679,-0.008360121834833456,-0.0022497284706180856
2025-11-10,0.03043682529298578,-0.0316821670554332,0.005416923950125454,-0.004340825343377633,-0.003750010346078986,-0.004499515488279334,-0.03473535670440886,-0.01517083413815427,0.017043713084607018,7.787054377986647e-05,0.024912115488216233
2025-11-11,0.023314958285125198,-0.04189741000199091,0.026723466436197694,0.01901815105275345,0.022418823727727827,-0.01568347378723096,-0.05757480230565486,-0.009943137231240814,0.053702410695401666,-0.03205580598139527,0.050379493256882235
2025-11-12,0.02891632695496386,-0.031474764503648105,0.03876123169186896,0.024963671223084783,0.028741455723664225,-0.016562088363293516,-0.04052983631510376,-0.010088415873569753,0.039675923633120475,-0.0388580576263846,0.03885984249325797
2025-11-13,0.00028534186241153817,-0.0016391165421717944,0.013790623206869138,0.014555601817751637,-0.0005828222781262826,-0.013406352871368274,-0.015759834965955972,0.0206907125304718,0.005373573099120639,-0.00824528536058134,0.017023492069350544
2025-11-14,-0.020165461089028745,-0.0037064344691438798,-0.006771247038165765,0.023934105036735504,0.013646031726755306,-0.02563614906375286,-0.015111250858267106,0.004125471741259527,0.02165105090594534,0.018881855000801313,0.000649257310434222
2025-11-17,0.02245077891076919,-0.021199817608938087,0.0065673831586165595,0.005704087852043044,0.007329559696507227,-0.00528457882798412,-0.027862436309049242,-0.009358995522059172,0.003944337384098273,-0.009307203878147891,0.004357697276344656
2025-11-18,0.004247727224733908,0.026278280989524144,0.0034117776359424276,-0.012596631538279047,-0.028894218087483985,0.01769689057757203,0.02511395356716225,0.0013558163904813974,-0.027980041500826995,-0.0198719596435004,-0.02014286711739496
2025-11-19,-0.03547477273027197,-0.0006033090957178917,0.0006570066352809753,-0.000518983645552494,0.014397331593431144,-0.004629180078174516,0.0035878068118931905,-0.015626252304631473,0.027432921317101087,-0.008968509777474393,-0.00880562047249657
2025-11-20,0.05594241963872281,0.00873268988868751,-0.007722638566078603,-0.0033536830241451612,-0.008692337458103277,0.013100313131750963,-0.004416299857584738,0.005273766704391315,-0.021995103077852386,-0.017439305710994016,0.008118162481381487
2025-11-21,-0.0163545729098481,-0.02768428596037109,-0.004935132893420833,0.023848301524614358,0.027940261684300024,-0.009920969435549893,-0.027750886617666226,-0.02457764845411912,0.017974927439108713,-0.02007985281686961,0.007854775133452537
2025-11-24,-0.012669395670841563,0.04045658246244532,-0.0373796466802397,-0.0667970104194961,-0.05706165957246937,0.047174246566319855,0.06214694963425401,0.011908604741845186,-0.04662632459932848,0.035189603833915284,0.02743326366970291
2025-11-25,-0.008552370848168924,0.03258894154280926,-0.006213620641987778,-0.049993468149016174,-0.06661501132905671,0.024028783022091427,0.053931199929492545,0.03177624980518009,-0.059348775131790335,0.021272503295801583,-0.003568394858306574
2025-11-26,-0.020594971528865406,-0.03271927730815455,-0.020302566771500365,0.02625104053432234,0.030474537978665832,-0.04613322860884032,-0.03783751296035015,-0.004273765687156391,0.017281618631998955,0.012007436201701732,0.013627162100153148
2025-11-27,-0.005418608855229256,0.008303099315396866,-0.009425951355761238,0.0035311870549073763,0.029501272469389567,-0.031445143330770586,0.00393924509130128,-0.01252755014418285,0.016185951542284697,0.006117691619969605,-0.011091048872468093
2025-11-28,0.01307187384896977,-0.022912770710987185,0.015227351080728299,0.006066644916666227,-0.0053154894226459986,-0.0007720919213248054,-0.012753484030926892,0.003041027055886214,0.014793049958549078,0.0023171048348154177,0.006813622360847124
2025-12-01,-0.024089508726188726,-0.02768283323516311,-0.0026102482746741583,-0.020448294581828348,0.02991249506078597,-0.017437511854007586,-0.038102942107625104,-0.01256762629637594,0.0022587734695566847,-0.004847129421549261,0.005225520928174396
2025-12-02,0.0010774643927064266,-0.01771199830893964,-0.0006085206685847132,-0.0070472829769898755,-0.006095734498436634,-0.003661004486174152,-0.02199339692195836,0.013496232734698835,0.005312028310843017,-0.005565377217117497,0.006014691514964368
2025-12-03,-0.0035885794967693693,0.022206877552740006,0.009266749051708538,0.00417174243391517,-0.033662023976771045,0.03666526376033705,0.03183979845870553,-0.0036177819711405066,-0.027492045228934642,-0.005645216232053067,-0.02362049777141081
2025-12-04,0.005442816099937894,0.012797832916113583,0.002049213018411926,-0.0015319496023456763,-0.02480479449866088,0.00791869396555367,0.020897394483275877,0.0023294122930393826,-0.014872363514344844,0.005058141900757248,-0.0071543037854634416
2025-12-05,0.004215758402328114,0.019556716306746387,0.0019173806046770677,-0.0029986658067035856,-0.007004943137864186,0.006382798026435895,0.021009084483071556,-0.011226802418881946,0.005275708622394711,-0.006384389050561652,0.002814170160856253
2025-12-08,0.00974460005102628,0.006106428626618568,0.01086416911003586,0.0007485498759548714,-0.026370320192354357,0.019179814995598177,0.010290620883136037,0.005691110135258526,-0.00961619384794099,-0.0028159273395224776,-0.005162142429609241
2025-12-09,0.006563393617228346,0.02722782753116602,0.003102664159626801,0.0007265540295567545,0.011690623856006437,0.0063348284429671775,0.033133515035292715,-0.002418004228167292,0.013440623856006435,0.016051142987905175,0.004941749065752281
2025-12-10,-0.030999978844155025,-0.02127847395563066,0.009091023511388317,0.0024688444139241723,-0.014081799751570995,0.006264451376249804,-0.025446466768996683,0.004725025013631517,-0.0033958579158019147,-0.013921952143348734,0.0018107682635132233
2025-12-11,0.00030963980874884785,-0.005953497529089895,-0.004540013169295676,0.0016586701421059035,0.007154303351431294,-0.003717640571959521,-0.00737654460607721,0.008788502032193685,0.003956448062454406,0.0012278782006478325,-0.008841437240046664
2025-12-12,-0.0060590742719901555,-0.007576457612712704,0.0006190019056732977,-0.009153877521268939,-0.005108875782169758,-0.03235895059191984,-0.013433583087510933,-0.009928776677808837,-0.0050108557013470514,0.009314453674099336,-0.007411226002517615
2025-12-15,0.0002992628445852904,0.019783244435268587,0.007631088844610243,0.003519790481788485,0.004085629670770169,-0.003563657286545379,0.020648334910789008,-0.011086718085594988,0.01887181176595565,0.0029655899331626438,0.005104924419257458
2025-12-16,-0.008765023621107699,0.0003267460719693265,0.028791891964279757,0.03457459466631893,0.03478206170684073,0.004355815403290516,0.009371264447437652,-0.007683944960313919,0.03585373070892128,-0.020346698986978305,0.007368315027718761
2025-12-17,-0.002579478049388743,0.002125057964751616,0.0062854070467542635,0.004769371344477267,0.008412916093508286,-0.0019506853697499422,0.003051556955349477,-0.0018060246187654636,0.007666704452839735,-0.0038415061330683634,-0.00045970273514874026
2025-12-18,0.005397801039836941,-0.027178692669857507,-0.004484866848314374,-0.01644356429308714,-0.006914845692187504,0.00297917567664574,-0.03194043189788731,0.02129441528724485,-0.010305941200445904,-0.01119924587956994,-0.009894781863377108
2025-12-19,-0.0022990016803984426,-0.00714603993318567,-0.0023786962303585213,0.01370958241459272,-0.008427004314653652,0.026370209203378986,0.005543386065285335,-0.004470492724652461,-0.004630904567436339,0.009848962931285551,0.01397100325866071
2025-12-22,-0.003327265146100267,0.011488648265518006,0.005708988071685884,-0.007727427992653727,-0.01242557950312331,-0.005914226413911973,0.0177522591055553,-0.010611763009044723,0.0010490510395059405,-0.009313951528060574,-0.010396211222748138
2025-12-23,0.0066105753287611395,0.004895027149931628,-0.005618668403194702,0.0002148533728317985,-0.005187819493520493,0.010308641906641306,0.005854489322044724,0.004265461201971725,-0.002244592292957962,0.004887145870825709,0.008777689105391295
2025-12-24,-0.004535341022815985,0.003111995629347053,-0.01019492062094443,-0.008183105452958517,-0.007623659009907265,-0.00817021550469026,0.004879808754907049,0.005733332239984734,-0.008943494429687681,0.0017851357898824591,-0.004502486221903021
2025-12-26,-0.004638521011585487,0.00801140641962155,0.0007414778755049575,0.0036558714281720956,0.005074303184406863,0.0024867826523707155,0.009976883266921255,0.014360042868943618,0.0024914778755049573,-0.014157913986841887,-0.002732041847509738
2025-12-29,0.0027618193300131674,-0.002226335422947802,0.003896078132103578,0.0037441911266740324,0.0010271448768735545,-0.001182479969255727,-0.0002388093246267209,0.000618911644001833,0.0010271448768735545,-0.003668308618104065,-0.0019086248606151033
2025-12-30,-0.005205633789557856,0.0020018629998777944,-0.010247586338058692,-0.022466443608144898,0.005648030713795799,0.021714225543394007,0.007707727944336902,0.002256747174987491,-0.0029943327656163166,0.012237865740928288,0.0038206884824013064
2025-12-31,0.03207867093611781,0.03265581949653513,-0.027289635904333316,0.010844163346880728,0.00562203151011681,0.030379085538345972,0.05208187523516605,0.0012386769637700579,0.00025058329797111954,-0.013941109046292113,0.018929019901054514
2026-01-02,-0.012041392153110096,0.04324532705379202,-0.001014965642460319,0.023677123295244372,0.02577962164817187,0.012677118211714494,0.060276350579977746,-0.018695590384628463,0.034358518940847065,0.012964754744694896,0.017924315736770488
2026-01-05,-0.00752991693033322,-0.013040033533227044,-0.005040019655185178,-0.007070478654250726,-0.012825218112049952,0.01725463856866575,-0.012943897719558062,-0.009871506879236694,0.00471360578561042,0.0061225751605607425,0.01162200287507029
2026-01-06,-0.03127194347892311,-0.058827703246453734,0.01795387631149467,-0.04537147469556189,-0.05330511402391092,-0.03915175049065945,-0.07843396653147194,-0.0020462577472601592,-0.026566043953264017,-0.05650243272468309,-0.026806407402119606
2026-01-07,-7.323960989369903e-05,-0.023249057549575312,0.004730069746903454,-0.016752109765598922,-0.015071143399797815,-0.013768613505301832,-0.02743382241212211,-0.019861420110270995,-0.017480627464898875,-0.0199663966931293,-0.007894194283889645
2026-01-08,-0.01363663725394779,0.02028461002949065,3.525958107647789e-07,0.0044568074871867815,-0.005487476374663103,0.012541295507248315,0.023445386952664682,-0.015268847513514391,-0.00040157771070039976,-0.013480126523045687,-0.0030777944227841974
2026-01-09,-0.02423805290710699,-0.014039963482696538,0.007172779772157528,0.013680600092355742,0.013735304077064709,-0.004990408821036824,-0.017013212784059057,0.0002885578520015284,-0.0008828278258953158,0.010633395431215917,0.023243964004600493
2026-01-12,-0.0019682359652649327,0.03193899307468026,-0.011922843267219138,-0.0008958487848834496,0.012978052047594935,0.0025952952000468463,0.04478474336292863,0.00011461602440189945,0.01399642484070936,-0.03601759015389891,-0.022299950967596266
2026-01-13,0.00024477591740247433,0.0031399496925193972,-0.02372642955989115,0.007734593796296199,-0.011231361709949676,0.0014482119447288,-0.007571529600922222,0.017610811716877228,-0.003897405314891687,0.016204912016748695,-0.0016620571223929775
2026-01-14,-0.017492125861433908,-0.04496534889925489,-0.020520704299801754,-0.002376392547254265,-0.0067398694911425866,-0.025947616284543267,-0.055749734675968755,-0.015879599720008984,-0.01029386146329598,0.004711024457001558,0.01137345106865326
2026-01-15,-0.015846944538802324,-0.005217943750138629,-0.00025037056306699643,0.012146914038338858,0.06316988810124,0.046897378835683144,0.0005162982900982875,-0.02468528964413169,0.04830589985711364,0.04278158409928176,0.0018962242110426896
2026-01-16,0.003470850188658535,-0.030343309232219052,0.0259699837611928,-0.007671200656853542,0.03417920649518376,-0.01638559837576503,-0.03854375651523447,-0.026549744760177036,0.05845271319256202,0.0006665128566112925,0.03498227282944127
2026-01-19,0.022564034948907956,0.02763103569262641,-0.004255295431556446,0.009810353393574094,0.00575650960824048,0.01917497372853687,0.03525369243659908,-0.04377605578755818,0.04561765074720051,0.004865044639065345,0.017661136896277373
2026-01-20,0.00023556296779333585,-0.0006889851491673309,0.001142372551964907,0.015226648509845675,-0.00044665442424091876,0.007920679327306928,0.002992159869893745,-0.00771068875416836,-0.006027799259885094,-0.017280103797716946,-0.005242025707096455
2026-01-21,0.025777040096996273,-0.020098870611965868,-0.011241330561117643,0.03286105816381502,0.016219864182332802,0.02634994056813692,-0.020788796684116075,0.0018351176212380027,0.030295669466039697,0.04148796923602138,-0.005370984675272054
2026-01-22,0.005217748807610644,0.03235302092651037,8.778035230361508e-05,-0.006773748690526881,-0.018856462388474583,-0.007573297549268054,0.04591384014693304,0.00891145261677819,-0.007354662553722912,-0.024599278769125012,-0.016704397051450368
2026-01-23,-0.02333987678514999,-0.01504066718765516,0.06920695616914589,0.04553789008237124,0.0041387663896475324,-0.060032403364326546,-0.022916306263519072,-0.03460758995283497,0.0063577736208422515,-0.0007292355604264942,-0.01941786924947335
2026-01-26,-0.03388064335460204,0.010288027161586092,0.006932304103543343,0.0586313055967685,0.03182849275585738,-0.005185900563263771,0.007164585463828292,-0.03839126622356313,0.008077359644919162,-0.017368057311649233,0.004519463173381691
2026-01-27,-0.000462113325541723,0.001834273707106279,-0.010763375252478547,0.010275428847753836,0.0049426135378206814,-0.002710246052884428,0.002608131606937328,-0.0068243226637642405,0.0013845421818842307,0.012545585511747146,-0.001263383439085151
2026-01-28,-0.013942282415095021,0.0026172790644115413,-0.027956681365563753,-0.052902059821924946,-0.05874759953947865,-0.013816973965885354,0.004245781774400326,0.06231813687300144,-0.05074963572152346,-0.02271125218671008,-0.030491932752825208
2026-01-29,0.019144012215786373,0.009486382470768644,0.027176475332649244,-0.04166592023865919,-0.03798990426037182,-0.01450487154538535,0.003977303958876039,0.021813842022989267,-0.040023687309172044,-0.0007369801755386547,-0.0376140926638209
2026-01-30,0.031525024835794974,0.007610775327025605,0.02084204196945312,-0.03601418738673312,-0.028849890299071146,0.018207170346231333,0.020353516993057173,0.03481365492072034,-0.016839750624603918,-0.03560210161806803,0.00036067559134400975
2026-02-02,-0.008175198818302396,0.01483559254607364,-0.011951375058617139,-0.0005329630640539713,0.00550687077032261,0.02349062509310067,0.027194627607863474,-0.013160666267519439,0.010569199098747031,-0.013599126892862254,-0.032632440565853515
2026-02-03,0.0002986711742628302,-0.03467606701260976,0.00975471826192906,-0.0010139433403337575,0.03421499469290742,-0.014928779823267624,-0.04271083099531068,0.003153473393200379,-0.004750568527252167,-0.006022823071691474,-0.001733612905932117
2026-02-04,0.0002926395865680874,-0.006591469041055481,0.011075546073900676,-0.009482004411861405,-0.022482713560123102,-0.0193308173756144,-0.003109639951754284,-0.0016339358327228104,-0.009533261873167082,0.00580126152639717,-0.006599070812335837
2026-02-05,-0.01285413937018742,0.010422173214325963,-0.011771400029116787,-0.009561739635875262,-0.012423194243945307,0.02500432514119146,0.010765560054706691,-0.012238148302208615,-0.025164551193698415,-0.01094620492757787,-0.02496021317847873
2026-02-06,-0.008507299602431143,0.014151459240114232,-0.026310281273724697,0.0038069552743785393,0.020111181955638234,0.0017947818809165572,0.018770568859336218,-0.011934936919383982,0.018551403271163003,0.00878809653154056,-0.005312556300388569
2026-02-09,-0.006543570938909584,0.038079330176629525,-0.012117855399106883,-0.006814750135508474,-0.02521869931023696,0.013514678629791731,0.050701699608796405,0.004135408119781266,0.01405208632575898,0.00017934172989211416,0.005117019655825825
2026-02-10,0.02565656692200847,-0.015091414510856643,-0.012758270559981768,-0.006926377343155154,0.0127017138769824,0.002469216523195556,-0.030034399887885956,0.009886298221034298,-0.0074423371584803775,0.01205272569928946,-0.012227941063037259
2026-02-11,-0.003465129650987577,-0.03181324856131204,-0.03849001593038842,-0.03479468571032796,0.008648290797745163,0.0033685066112083464,-0.037159119618722425,-0.02375458811101507,-0.025968930925607488,-0.006531554359878221,-0.012083308846284575
2026-02-23,0.011481133567654912,-0.008861377083646111,-0.026901540797337316,-0.05286333358114178,0.04605522343767359,0.013860659528089472,-0.01830258195827964,-0.02092492705784018,0.01343407751570755,0.02880676377931003,-0.023019533872799043
2026-02-24,0.0037691160694745913,-0.025582206186541695,-0.03175210623577218,-0.041832104381636086,0.00737683485435764,0.029164312340947268,-0.03177846747538734,0.023029024045581863,0.004998523441671884,0.041492316474767726,-0.052414136108275784
2026-02-25,-0.019245559797106848,0.049292720534674025,-0.009940512261781779,0.020669754881905606,0.004912232257456064,-0.03069552079599927,0.04505847727191507,-0.006118121918582057,-0.010994398180560284,-0.023734088584182383,0.009194836243668868
2026-02-26,0.012859198493197464,0.0020542428675466955,0.008294790925055829,0.023436976992945863,-0.013665525910472143,0.007475301904051509,0.0056169021099394985,-0.02458220342625402,0.0014586856571336343,9.415455986989518e-05,0.0073763124058349215
2026-03-02,0.012080021791351623,-0.01866270235848664,0.012236919015755115,0.024066814469245617,-0.03462454377833841,-0.02619510591232449,-0.007512087390951123,-0.022857911636103328,-0.04410339828770724,-0.01570338634932236,0.013311055406465731
2026-03-03,0.027679291057693418,0.00639704103346881,-0.010754900734144725,0.03502266161532758,0.0011631779746600363,-0.015061409823364298,0.012245618221244925,-0.029998173885359986,-0.007775130726212781,-0.037387404078716935,0.026655454000514316
2026-03-04,-0.06240697183727924,-0.0035803262978543558,0.0007956507042757516,-0.044664850267573164,-0.03078900719476569,0.03195139556490646,0.007410121304979939,0.02236975711863169,-0.022774350475170648,0.006359873811678151,-0.03315608865604769
2026-03-05,-0.027190014288777632,-0.029092625343030254,-0.008903898468102705,0.024684677939817434,0.058412357470585256,-0.020498275120464288,-0.03509724917333561,-0.017493846982786127,0.02758810806679236,-0.032183254614651255,-0.0004659567225303281
2026-03-06,0.028201477250421783,0.011607970079725721,0.0064822892764038985,0.07600967196866162,0.018692107782500886,-0.036924963920241145,0.015206332079242782,-0.053729502264676064,0.032728381484548714,-0.02913212232201955,0.0442341307724553
2026-03-09,-0.02599435133967163,0.005380224819608906,-0.043302227633224916,-0.049614179472929267,-0.014776759014417207,0.018212394254522812,0.011980889192348779,0.020890843757669215,-0.04756574662871563,0.022130593635791545,-0.04257335597021759
2026-03-10,-0.05624987002415421,0.009145459303241545,0.0027122101512762767,-0.044000424777233094,-0.05241344321195146,0.04025922951519658,0.011888762084020121,0.02442239036629786,-0.03528078337978425,0.020015604608720237,-0.04676093179209334
2026-03-11,-0.010335184720213863,0.009900909940449287,-0.00978264584039646,0.00893672976051706,-0.0003677288134049158,-0.027906228802681083,0.020239250897217564,-0.0030278518068630658,0.009034944640819786,-0.011613810748056782,-0.009783303924321312
2026-03-12,-0.0017815195680487518,-0.03180063182119322,-0.026620200931512912,0.01354858571422322,0.03707617190490038,0.013633163838266387,-0.0396067475793898,0.008786658435867309,-0.0016893306640152466,0.03649166669312702,0.02760065687294471
2026-03-13,-0.03229334977037954,-0.03738107974937286,-0.02057830295341786,-0.004042187236541169,0.015070029546707369,-0.021867942182827525,-0.04178604971419777,0.0033675534559240994,-0.007442927886282062,0.0017766899078790139,-0.006208030982384267
2026-03-16,-0.042804774426014124,0.05104400184829989,-0.048328653654990436,0.008686131641957863,-0.03391306995268794,0.027387008250516737,0.02920832816018907,-0.00703129530071019,-0.026997339142209184,-0.036934983971510627,-0.03522318567358064
2026-03-17,-0.0025202240745114167,-0.01775987049459219,0.014218481400100316,-0.0011321012155541153,0.020981425963866783,0.010894084013156991,-0.0003362732801351163,-0.01361740298198468,0.02227023777642459,0.015836207773044234,-0.019049867981824672
2026-03-18,0.0026028847718739664,-0.02193784196113029,0.011247283160131445,0.014023105101620493,0.01504413302804844,-0.018157207350712263,-0.02167840180227058,-0.004480249657590214,0.005833405396114851,-0.015582501067711536,-0.010689895812211254
2026-03-19,0.022723632234689088,0.024380497896540267,-0.016925946282273126,-0.010033979049106363,-0.04267882663501796,0.00712975072532987,0.02154472607687206,0.026290414129084318,-0.01709375558488075,-0.035425292588791166,0.008948034602795368
2026-03-20,0.0017248287627213916,0.00713760630795,-0.023908914386053214,-0.015285104751849184,-0.0191209022654324,0.0035224798171918474,0.016160005334498795,-0.006848911770318395,-0.029803483810498105,-0.006564730709103079,-0.009218057470787907
2026-03-23,-0.0019154598727748832,-0.0011157866926669404,0.008362375881005472,7.659748370245165e-05,0.0014091243922375054,0.0017376449483485212,0.00037727602285099926,0.00012428699099024487,0.0013880434897136666,-0.015499072382046043,0.012444217621692542
2026-05-18,0.05223103097089217,-0.05246104432975807,0.011720975820493893,0.04012461194729344,-0.028536270712458695,0.01304546096015576,-0.015122055524419656,-0.02851265379547594,0.010557745601087356,0.011443551057950429,0.005587866659726218
2026-05-19,-0.0071172427063516544,0.02792135948478558,-0.00792220085398413,-0.023054232958260572,-0.008944812661054014,0.0026338424569828565,0.0017345312845583787,0.015096073323926835,-0.009194812661054014,-0.03037329954706984,-0.016963878564801256
2026-05-20,-0.06655778048461837,0.03073032979189542,-0.04326045927051963,-0.012450752140725541,0.049573954072422724,-0.0025200550819028944,0.0072199116427981895,0.002306156387244851,0.0015802546685947782,-0.04236475369370448,-0.020480464341657165
2026-05-21,0.014649926178950504,0.059573264117569656,0.01426546893673046,-0.005250600818705059,0.026080734182754084,-0.007005532019397928,0.010101412115921232,0.020330266208016957,0.017963720073926104,-0.026218802611983796,-0.018513587265951044
2026-05-22,0.06421526625394376,0.00015891788291803183,0.006380793001563849,-0.010198670483113337,0.09075242928904903,-0.04332684741485329,-0.03117143120532127,-0.010501714201013368,0.060801136486996296,-0.07996704021037264,-0.04048783049820395
2026-05-25,-0.023454159422025302,-0.013078131459942188,0.032391445126970855,0.013439022250831286,0.021566059141269446,-0.0011506047353533333,-0.003873169304646447,0.008928026698817388,0.021316059141269446,-0.037863418095919026,-0.012413833055853026
2026-05-26,-0.007494696162327464,0.018988234531996016,0.03710523791319039,0.02515244265862349,0.06137643076714171,-0.024064059638188834,0.013098203518951487,0.009263268387368274,0.06137643076714171,-0.05687577092840121,-0.0589141675959791
2026-05-27,-0.03895813397742752,-0.015090505372226504,-0.020650340048306216,-0.0036898533053283935,-0.012787412904197538,0.011935252133374874,0.01171635372505625,-0.027869682589003686,-0.012787412904197538,0.007656533706202304,0.0013095565316454147
2026-05-28,-0.01694789270901769,-0.02631344714308248,-0.0038121733221274656,-0.026417368706455446,-0.04578033804101245,0.032067097561076376,-0.013813806253953752,0.020802066388425078,-0.04578033804101245,0.043016591370376854,-0.03010735901391403
2026-05-29,-0.037510906926196574,0.007048478561018718,-0.027266414579219446,-0.02374825013659515,-0.00960672744579506,0.023628674001110572,0.007125124355159218,-0.030728677153133137,-0.00960672744579506,0.059194178366089326,-0.010525984700593724
2026-06-01,0.007883990038708827,0.008906551926821066,0.018515339203455182,-0.010883908625702033,-0.023975139851578516,0.021624274015276335,0.014590654425213345,-0.009121564119578356,-0.01272997641425393,0.03481289795839756,0.016399775658339857
2026-06-02,-0.005937431226084899,0.022457331348560615,-0.015949650311957355,-0.03930703733375471,-0.042318215695923936,0.010671097814285418,-0.002365416145117167,0.04387773967830588,-0.04654385826832785,0.010927525583242882,0.025477711885579738
2026-06-03,0.007435935674781721,0.003419472063656042,-0.014931957236018815,-0.00306510119203862,-0.04020381766470654,0.0013745891411144628,0.015989832112261404,0.001490462082851622,-0.009044689189942574,0.013309050601534027,0.012985575113319964
2026-06-04,0.07144874046243666,-0.02459750105969516,0.017158918892159036,0.015485655505258152,0.01125586227543334,0.01959047617934695,-0.018244407108334415,-0.021434930095184268,0.02595724143563441,-0.06230275076811523,-0.015656666089861434
2026-06-05,0.006710092023706396,0.017089630110402577,-0.02173818144258251,0.006493757394610807,-0.026000552973725236,0.002228294790339626,0.007620344735207875,0.02211228417922354,0.018318950312129736,0.017842885944842964,-0.010774056993482216
2026-06-08,-0.008674356412342803,0.03442031474511431,0.015537127768423748,0.0010937743535862849,0.06535497581379567,0.0013974168383004693,-0.006375962447711418,0.027621223029429338,0.05425864058132464,-0.05649296524757101,0.01777873188473301
2026-06-09,0.056176466350359326,-0.013766241969394223,-0.05365028971718399,0.045156717936555305,-0.03707261897383274,0.010237281477579444,-0.017660788678691253,-0.007048508886357163,-0.015667058224528213,-0.010881761774174062,0.006427897230158311
2026-06-10,0.009601004712480056,-0.01930702648640431,-0.0001601184800716698,0.004098248785124706,0.029473984696999495,-0.008750065943664353,0.009611091346044431,-0.024748802563362204,0.010189877805297669,-0.016121482127709558,0.009386086437126549
2026-06-11,-0.03676444744994768,-0.015029755254965825,0.009423410005637598,-0.04514250555754851,-0.010223439188621461,-0.0028487296567349385,0.015662447591092477,-0.034355794717399135,-0.036515389265700554,-0.025949848672980363,-0.02333608941412989
2026-06-12,-0.016191997789610127,0.012286587870587229,0.01784893754341679,-0.011352443757612945,0.028124511537481606,-0.03732491566418395,0.0004998079220584657,-0.023312473045055498,0.016318673415916446,-0.021622844949199384,0.010369672884233204
2026-06-15,-0.02117984484894255,0.026175822720542384,-0.028261745525940577,0.020101337437680826,0.03192137247575504,-0.00847731723755509,0.005706519896358601,0.0209891872708187,0.03601724425476504,-0.026994320977680265,0.003903336675164703
2026-06-16,0.017984316288520822,-0.02206931821222915,0.008145856651984022,0.021459071973072348,0.04346857612398911,-0.004138122198378373,-0.009436826421355626,-0.02055093292892594,0.02304999757711824,-0.009454439084148777,0.011236688631012907
2026-06-17,0.01950458888684959,-0.04799273185915567,0.04096617614654159,0.011129477616629942,0.01008860764011496,-0.028187146715031853,-0.033301601753729905,-0.003970807612938703,-0.01368563401786535,-0.01614858873357409,0.05578565774349242
