factor,Q,L_nw,mean_dq,se_nw,t_nw,p_onetail,event_window
trust_net_buy,20,2,0.011951849999999997,0.020922643043840686,0.5712399707320172,0.2872663031266318,45
